# Chunked Predictions for Kaggle Notebook
# =========================================
# Total predictions: 5837
# Chunk size: 100 values per chunk
# Number of chunks: 59

# Copy the code below into your Kaggle notebook:
# ============================================================

# X Predictions (chunked)
x_chunks = [
    "88.34327281828462,88.61344809406556,88.98025278706514,89.37810472351785,89.83287825688647,90.21380915956182,90.58589842788692,90.9398714800742,91.30905528310424,91.64102272789474,91.9888122846374,85.81958053299246,85.87015091647356,85.96532741952258,86.09902508114692,86.24686912234853,86.4352180898227,86.6473562302602,86.90301526159038,87.23941319978633,87.5618596738249,87.82685675090842,92.59687768446015,92.3265994266151,92.07183206165178,91.86082912729115,91.68616349906564,91.48366430856,91.27480461253866,91.13334502333431,91.0341467388646,90.93965991725368,90.92109700422746,64.72191226194919,64.53070589214738,64.37742949566913,64.3313785105628,64.32762933453809,64.40379193735939,64.47415654227923,64.59888555467599,64.71739333515075,64.96190420237032,65.23352546907809,65.0357803513878,64.9160800451711,64.87352552343147,64.91456940475119,65.04333866744771,65.15489097666517,65.30026058923875,65.39569030142364,65.60841955386516,38.73545943932403,38.12104687583573,37.46755344118657,36.80621698092231,36.137540939716665,35.50271861013276,34.77768640267187,34.08475977746707,33.399818027585496,32.877133072002366,32.28096197693034,42.57047221062229,42.67585782789455,42.80748511474982,43.00226321066615,43.24078156127197,43.50391372935432,43.80965363458201,44.105973569619856,44.45415305738526,44.76613321935217,45.07900516978036,45.90125759274174,45.858956265008416,45.87468476738364,45.90539237978994,45.97887921521973,46.07485526694338,46.18807071528288,46.33994780546692,46.56336718296967,46.81578058950568,47.045018849101545,24.56193591359523,24.52638472348627,24.395511919451742,24.22908416574901,23.961882920677024,23.682872352363987,23.409330638439297,22.99555200806006,22.600229370242022,22.186018128257952,21.77297329480829,21.33164482566559,20.965818470485583,20.63105832266336",
    "20.28077536715213,20.12650102502081,19.85348523892271,19.57042937353929,11.864914139005334,11.668297229525637,11.44128764265385,11.128190448313736,10.872331140122728,10.65513963016636,10.40973404871482,10.113330585922869,9.865033113720523,9.67275726597595,9.431804772863003,9.248344157469829,9.017517835921062,8.845735481918524,8.570499263084763,8.31424657665716,8.085641959893692,7.791851443739673,20.494528742417103,20.08150655463099,19.57347896453228,19.06656043933487,18.487602540446613,17.922374561477174,17.322450891226033,16.66640170416704,15.937957892689596,15.119162497633544,14.409325206903558,13.726722847879842,13.052833957801912,12.428440751815812,11.853973423928222,11.224744265800336,10.614238759471757,9.929630508606346,19.36317237344475,18.733500903984456,18.02668151059364,17.275329215505288,16.53910324215192,15.792199976751574,15.022456320342483,14.369356258714022,13.573659270325862,12.81284799956114,12.1163294120864,11.345046038781218,10.57991648972374,10.00672165962841,9.352215483985674,8.820059158641056,8.1948652537312,7.546306505404704,48.48182001436889,49.0793990221777,49.73288217693554,50.418524265059325,51.0699451573114,51.78544246971933,52.54005910982045,53.2343741273711,54.085012386916645,54.846287708635295,55.68767423042464,56.49665137926063,57.34521139861104,58.00969409354508,58.708179583693536,59.59570041999667,60.29889072995351,61.08027745267255,61.74939650718899,62.52765246368191,63.53401276736624,64.83949797611456,65.74445007821305,66.57650089361339,67.41066144635462,68.24101186065712,69.32044388724486,70.21642010299637,70.95010332625881,50.65826621736832,51.01984827536823,51.39769085157458,51.79414002470674,52.15809372181807,52.54711231208391,52.96763345221708,53.301907967744505,53.65932467816409,54.02820218034475,54.56689222442513,54.95600200322548,55.40805910411469",
    "56.27289691964405,56.98195558752548,57.68847482841124,58.42343574516542,59.092045530128615,59.803685354299134,60.70862256051532,61.3233551972619,62.02711097128173,62.59931969678547,63.36055288299381,64.05723068230537,64.7737777352835,65.44660027725962,66.02785295703598,66.51789881813299,40.81000444872883,41.22368998016957,41.68727173265743,42.17755549383914,42.64651299701299,43.23211861074935,43.85024335425485,44.38252600350983,45.01011713755315,45.61192100337669,46.17681351259926,46.78882481772937,47.34179303036662,48.02220070017855,48.73978025820491,49.47333426295048,49.9472513805718,50.58861802145773,51.21587204602859,51.69053750380711,52.47996188003318,53.1226030893654,53.76743108937268,54.43807490768631,55.12731428775389,55.78975247798222,56.52258568374302,57.06848697831128,57.51173239110577,50.520138648914326,51.20776362587928,51.94531708360152,52.73579015635884,53.4977530122711,54.32267001089407,55.20117411378274,55.99826361361872,56.879125061470354,57.73151981897326,58.60485742972934,59.47006597714236,60.38282267927109,61.25654824219396,62.17173192291905,63.17672084118353,64.06080266663452,64.98867528892669,65.8035768639159,66.68120972114254,67.5643796486559,68.44371601220078,69.31822601845607,70.1786568924718,70.9779140066623,71.87751079999158,72.66426462706335,73.47507889629041,74.20253532387753,49.39737400557476,50.215340332313886,51.11878309641476,52.057794805308205,52.9573409487497,53.93386079988069,54.92683948800046,55.86648879509378,56.878837468898034,57.85791162950807,58.87350957455524,59.83902897186955,60.880580858058494,61.78085995005718,62.70187823109013,63.65721463461614,64.68429205947945,65.72390039046954,66.60163810807813,67.46899427962424,68.34601551300878,69.40673043851348,70.42285558344986,71.2830440163524,72.02356296892948,72.83357029596691",
    "73.55437892777908,74.23021293022649,74.82925894425057,51.31231159593118,51.3030228602536,51.3205286209249,51.34231936032147,51.35666949032982,51.370415139609975,51.37965755557428,51.37861080655755,10.130603122900451,10.15737473352078,10.180754464363334,10.22815275055602,10.273632279650633,10.331654521605676,7.811773697548915,7.783209835322381,7.767977411362411,7.781626713867269,7.7924604938743265,7.822821878087062,12.996082375900713,12.809403293667645,12.643533647515987,12.529902255032752,12.40425393742507,12.320124675451698,45.15104579510978,45.57866294102783,46.0074921141629,46.44011685771252,46.83100482292097,47.204648825523634,47.55179752709804,47.928533580643006,48.34746036827987,48.76108162713186,49.12709778352961,49.38416754989794,49.585070479649055,49.81460112001356,47.260425542433566,47.76984455074424,48.33628470705045,48.97783925015492,49.58110750163991,50.18990440595505,50.89638438302448,51.55122716922933,52.29411348617575,52.94505591318951,53.60277741468702,54.24417441505864,54.6166221307036,55.13643522801651,59.1601889683931,59.40363210651724,59.67548972745973,59.92631007263127,60.164584746507245,60.38415982843221,60.57167540201876,60.703525923758406,60.86743937492039,60.97856209853948,61.05861493722825,61.11596343406703,61.17696032442728,61.19179133911187,46.77471325112603,46.930259307771394,47.09656268452355,47.29001382002771,47.47259913667417,47.63109135538065,47.81170165884296,47.97341482321627,48.165209395243664,48.33189994911,48.47626555933368,48.68606062163904,48.87561324802051,49.139855624262935,50.998783669414415,51.39100692826375,51.80810242324702,52.240748246149806,52.66697926990796,53.12981610947144,53.57209744345048,53.935986639724334,54.34471822993799,54.725884125297306,55.12964296700162,55.50140962656566,55.88244679159362,56.15490149841616,47.81973142410577",
    "48.45956225952112,49.148561551896506,49.885354641497926,50.62656201718936,51.28124902792776,51.984453028222624,52.68233756143579,53.40819318318857,54.01147153523329,54.65294723513006,55.2465583974924,55.81868138601709,56.23947326043921,42.59417869160304,42.89696343765107,43.20970634304469,43.49003898826735,43.7362457613815,43.97616284934277,44.26216934581586,44.52930676481054,44.78728639862133,44.9565405057068,45.04872819934252,50.15571045239408,50.28262043967017,50.35342559955215,50.40830406190691,50.4230992208476,50.40916596548171,50.36899424496374,50.28294518784127,50.17551843477812,50.049866168706735,49.865051569142736,44.75358449913294,45.113072902629526,45.41685730255156,45.67043414641476,45.90491215722592,46.05662282795127,46.18435242893226,46.268654845720576,46.34434295544386,46.35049508562378,46.3497532422066,76.27082007564002,75.88268819596924,75.46965104960185,75.08919546773392,74.73945018021831,74.30467636166078,73.89876785392812,73.55334561839771,73.12761692396573,72.69150018162904,72.22344738872606,71.86430374563233,71.4640193637452,70.83308263708895,70.25314781992793,69.54641125085489,69.07751468666109,68.60738564602413,67.95120008487503,74.60347222357161,74.13255467495122,73.66088414312749,73.20251732631718,72.78306112842584,72.28289118762687,71.85093680127615,71.37166713741699,70.92313391558993,70.45163576667282,69.98778846649421,69.48654847032492,69.0222421275877,68.40665374461912,67.80827253516786,67.17781161392993,66.69822945978859,66.2568554788131,65.68325606166444,75.61605870773523,75.21399133057018,74.86361425286366,74.56164849024434,74.30530535064797,74.10936066937451,73.99844132153324,73.93281002175516,73.82377429357989,73.80317526763018,73.80001069139787,76.52564526975843,76.2175049432516,75.91983621338352,75.69247742541813,75.47466011479138",
    "75.24924077499752,75.06324458439785,74.91215629900157,74.73064610531743,74.58448924828373,74.46712763893348,75.0793125602818,74.77268487347936,74.50083064133469,74.26500364204682,74.06463834965452,73.9107833930622,73.8092557390796,73.71578430876619,73.6549202473732,73.64331065297631,73.64559827000006,30.36615313159262,29.918845181991617,29.50110215372569,29.1219864848336,28.765613258938004,28.38401009340384,28.06980544250909,27.811686168319017,27.61923997022228,27.418881178833114,27.2867177336144,27.16056887459828,27.00564017285045,26.86842788991751,26.701629128584027,26.62804777589343,26.46770991554362,26.36690977222037,26.127026517113624,25.858088828823508,25.619989859995297,25.58528961921889,25.48386084567229,25.400765175689635,48.25909704186864,48.12840705353139,47.98651281247299,47.87599843180771,47.75965995273285,47.68158805371704,47.58014020820463,47.49010928503427,47.38096315667254,47.23404348459251,47.176435537475214,47.05804306337679,46.92989613250506,46.775838569165565,46.51881185880238,46.16978033542851,45.835988050336205,45.56679862179014,45.18290725468443,44.9243029859533,44.63421507425305,44.336691140123534,44.00021186417419,43.54046083564491,43.73655377201704,43.23558062245467,42.75488400408216,42.26547141964643,41.81303109732041,41.36932586085705,40.94234321260991,40.55482194685657,40.24985841488417,39.9191879100385,39.59084599413926,39.24688676928015,38.88013892482284,38.45537279326562,38.01622771221477,37.72134811933556,37.28934317429719,36.97158236754806,36.50809934549105,36.18058979552938,35.81946497408366,35.5255180581547,35.361668017798266,35.072939854401675,43.15086920593251,42.52558665666648,41.8542607350282,41.14663195575931,40.43424715595578,39.72104756488438,39.03123632341988,38.45898466988983,37.76069948892884,37.056259508903935,36.499679783913976",
    "35.85733162801273,35.337511426216025,34.80840887550109,34.27576922343707,33.75603189018038,33.33791215626363,33.2021943684206,32.99931867241849,32.57274497515468,31.95934635547645,31.38242328083516,31.21595378809485,30.78237403045963,39.50718447167705,38.828814412641286,38.12748510872589,37.40183254542382,36.67482035728616,35.97678199238378,35.30784633258745,34.76458096077108,34.266171917143254,33.67894874875206,33.27985298934914,32.76913457541242,32.37823801994685,31.76691194179084,31.30188467553651,30.847584037447778,30.316450856736186,29.944138032906054,29.55328588016192,29.23578705156303,28.85784659157308,28.251096548652427,27.75180401445703,27.1467331788246,49.71679696551329,49.75621605998979,49.8243586383252,49.91214652854553,50.00109219177429,50.08702317322248,50.17012268148282,50.25587299484621,50.34893466996412,46.815200269165125,46.46296258783299,46.10588795381017,45.738605670138114,45.378262797940266,44.98136798976359,44.57667504661888,44.32434491574672,44.15676655507968,47.94444985896103,47.397902652169,46.83211355296484,46.29157838009437,45.74046114610739,45.28977884441317,44.84751462392836,44.41320918836544,44.01645038072332,33.40237883421973,33.15896751282672,32.9020676016272,32.68079200111526,32.472299147618315,32.26161486905287,32.043394844320886,31.828529957729817,31.55481839095565,31.27842881990493,31.07555683799938,30.848312685141057,30.608188297755245,30.381793449250925,30.104720807490025,35.9499824780455,35.77554969090916,35.57968106174122,35.32407251791788,35.08848340681994,34.791421109291974,34.34072049469178,33.97331892730297,33.54179682970044,33.080425161500486,32.53489151727721,32.00566864726326,31.41934884943793,30.85547449070744,30.35464883740004,19.00926729534504,18.73148590108343,18.432746756850527,18.17602236748989,17.933195765043262,17.717094313786202",
    "17.499934317983207,17.25968735905603,17.039733975146817,16.828545946259638,16.65476514857349,16.502197956878913,16.367792073268806,16.287903921218994,16.261215583471003,26.939058767057936,26.321119414850003,25.64318283510135,24.98894718355346,24.28304854011497,23.6171212974084,22.829843920891832,22.116934170941388,21.37209423173926,20.80698301077448,20.16830580253561,19.610365474552765,19.111914916068613,18.75763708114369,18.4830706934424,29.075417661807315,28.4780411870372,27.8921011348734,27.321230010711755,26.76823170567577,26.30804764333344,25.789816820008475,25.395579227403616,24.960270049724187,24.50514844275777,24.15119987770677,23.88443303359585,23.635228773894617,23.49104711561792,23.30120337263296,27.379405605380217,27.031843567561328,26.64251975407192,26.26330049280997,25.86384685379934,25.484940965234205,25.120051901812165,24.7512380280246,24.528198121124216,24.29250961773912,23.96303267693811,23.573002000048287,23.15746478180804,22.73494722316208,22.36428021789782,22.011754100332386,20.829488684004552,20.789420016998616,20.72322255552273,20.63443674143095,20.534044347426875,20.45592650206967,20.295697758844664,20.198075766151344,56.16962064647731,56.06587695302334,55.96157192248609,55.8512236571252,55.72170103596825,55.61067171622564,55.52942264523259,55.47205497189602,55.42204380326589,57.35721076625397,57.077639113426585,56.80102498067867,56.54674637711413,56.33973550430908,56.118362066130594,55.9354979030755,55.81423608762325,55.727562465571886,57.97042111839063,57.702209683459714,57.45208956558527,57.2365794908084,57.03531242238661,56.8212394806743,56.57740643431717,56.44455157809284,56.34908601834354,23.388707467275072,23.261439358223864,23.11852596504341,22.95823447473922,22.807503237461,22.71340928828093,22.6246147361534,22.601593030384688,22.546663479270087,16.911009370974856",
    "16.738690885047667,16.56981027981919,16.409010465955998,16.310192080613618,16.250698646241233,16.181216266331685,16.210273193891187,16.305939949189167,27.946727176319925,27.72230763722348,27.444168356606028,27.10746541830089,26.788553167223093,26.46389380417528,26.10911685346281,25.84113879903689,25.562490862668422,49.90374800364161,50.00137595561622,50.12312316426907,50.29864824453783,50.51542657810217,50.74844555674024,51.07104219141022,51.35709041884869,51.69777856974826,51.97900557445985,52.30310393940972,59.809743736719895,59.66859657150495,59.43533249867017,59.15215340052748,58.81418685467464,58.52304684533813,58.178882845209074,57.88688890181685,57.624959797998514,57.34493992936667,57.07859030585631,69.15203985693984,69.6954428367824,70.25286908807217,70.76722563998547,71.28626400124232,71.7274304718299,72.21857626827926,72.62484169948577,73.1127227545853,73.39551108968685,73.75797965420648,50.97034739822701,51.24902023598755,51.54563028154938,51.87204009052139,52.1903357455649,52.52251222012627,52.83995840364877,53.16374168692472,53.48699037673105,53.87058402861535,54.272498859092366,53.52896217996107,53.73290226157936,53.966850966018136,54.229121712285696,54.492819362277245,54.80023050887498,55.07940520274564,55.370525390947854,55.58131131015698,55.84467316130817,56.07275539047403,57.69268327981401,57.6992187191063,57.67131812268576,57.629216384435765,57.57808763185546,57.51858350727253,57.47831299826723,57.38569281062598,57.30923845619455,57.25123430619552,57.21975982387661,72.61893384375121,72.48221647927313,72.32845815407693,72.11592260226317,71.9168025337752,71.69493247909718,71.45894989898393,71.3163625513099,67.95035883255507,68.02989664705835,68.12214070943988,68.22397327917088,68.31933804445191,68.43088973969354,68.58445442312681,68.68079238584922,71.35829382646523",
    "71.54618901607716,71.70625231547601,71.80719832470285,71.82925305895169,71.82894318103233,71.765538820626,71.67631304302644,71.60035711213592,71.45286783939761,71.24111810727835,70.5313961931194,70.83850178639484,71.18979076954945,71.56084107432784,71.87193997463785,72.2051100445186,72.52830506478762,72.80760554695142,73.08765604496028,73.29338943297714,73.48819656127257,71.60831792049713,71.93737953654438,72.20210728598936,72.39462081697539,72.51055877593423,72.50078517963438,72.40786964368662,72.26792605987731,72.14960080886414,71.9432297605374,71.73320098038558,78.77215862441905,79.05871887922548,79.330552100765,79.50991931103704,79.68758761474776,79.77087175086388,79.81055648936538,79.80207201294041,79.72948329886565,79.64327221597866,79.55372256724068,70.11283942397543,70.28104286335865,70.3967923092298,70.42773995879504,70.40224429132599,70.27165189656777,70.14950823035782,70.01398228060984,69.83794950269966,69.5955308969267,69.26563656475992,68.85144317449662,68.89508903130866,68.89788095917568,68.87941892420575,68.86218414717916,68.81369101390277,68.76040404745038,68.67501361150283,68.56464753865903,68.43168554165221,67.46839810507406,67.79009588314186,68.09153615608585,68.34431952378547,68.51631480015278,68.64401417768582,68.69040136287819,68.6220740305161,68.57421786618136,68.49392373951046,63.39501114660339,63.4575749974704,63.49072784369728,63.49879471557962,63.52957843470834,63.55777078805003,63.60174577316512,63.60318975345132,63.54930077981721,63.52156560832495,79.27517589725147,79.18238448712287,79.08583033799592,78.97719904877349,78.86151875707056,78.73280407345598,78.58310603870956,78.4156893980942,78.26509515571098,78.14379183954634,75.36833317299077,75.49039816275649,75.60219480628544,75.75115182023501,75.87571617271526,75.99661540904853",
    "76.07841209181368,76.121026123794,76.1560293636976,76.18539560729965,71.54228364406362,72.0244669919752,72.46401554345024,72.95113737292652,73.40595245097856,73.9134438192957,74.33611239931417,74.71445870445662,75.03910414742856,75.3421185151068,100.13632997501333,100.35728947581396,100.5989784175772,100.85226259984633,101.05734467359324,101.27064744065476,101.445686182565,97.13431658028436,97.15596429545737,97.17134989068131,97.18903330358452,97.1960183693408,97.15879579328023,97.13896695358378,95.02141472055384,95.18548316270792,95.33406786223532,95.48965743711678,95.61114510481796,95.73509521333156,95.79730143145788,111.97291431905836,112.02094338899788,112.05150185794928,112.06400267275755,112.05826910703496,112.0369233472672,111.99806838500638,111.932319454727,111.8431397222366,111.71292050505808,109.77616964421924,110.10218835386624,110.47306951755796,110.82298351609276,111.1654304782502,111.53094376195828,111.78815324876749,111.91645153799269,112.10492417477968,112.22338685793288,104.58030525800876,104.57738865825708,104.562467878106,104.53098311260727,104.4950717397922,104.45914560619596,104.44673411500402,104.41460567584896,104.37433878206625,104.33075960461493,104.2059504597473,104.2777960057047,104.27372681781137,104.25479431836776,104.21715000272935,104.17288847708213,104.1319149371246,104.05581980982792,103.95739139454838,103.84463546463678,85.27340157529108,85.0035471270572,84.76218955691955,84.57027255223532,84.42053793134403,84.29850356325005,84.20532592581618,79.76901490460901,79.52374316752358,79.29562658837084,79.12686395900495,78.99345783161029,78.8962562376855,78.84808989634361,85.38777632289013,85.16507099221509,84.9583321574936,84.84096952493445,84.7092725372998,84.59708299539838,84.55744838666217,67.00133832353372,66.70922177811325,66.3175081305842,65.878451338873",
    "65.41898720721032,64.98589505153146,64.46361068564266,63.856388657431786,63.31264985411181,62.74135384092872,62.08956541364428,61.45730176640149,60.93530526683723,60.26726832996336,59.68008258763974,59.06037613713893,65.08887885763886,65.02507374988606,64.92423743465757,64.78858687083816,64.61208307662902,64.37574022871235,64.15600668575503,63.917755190286094,63.66986192152664,63.43222087737878,63.17909111357911,62.799561852843325,62.46813030892877,62.2471701986618,61.83363723457803,61.68287826965354,75.74541833068753,76.0542588011749,76.32749069724461,76.55110767124305,76.74953654341971,76.84447560617772,76.8966942874215,77.01153426476755,76.92856373962205,76.75311421645992,76.65897755940424,76.50818231231692,76.41124983294111,76.28683130516451,75.99484882131817,75.89402592502897,52.54191342171859,52.79266404232999,53.08590710623474,53.39436419752986,53.69213732430817,54.00289155051702,54.28873057462887,54.570586972034015,54.87274649332412,55.13995033304271,55.37666130113281,55.639096279709385,55.88803854712461,56.11883322849593,56.43072906831571,56.87493707175027,67.0031361340861,67.36963819560401,67.7923971360383,68.20241852609323,68.56336070446596,68.95485059199187,69.37498485000539,69.68214968194754,70.04007454171627,70.30330995713483,70.56769622593488,70.7932732941003,70.9560327346721,71.17285192182632,71.34002175607075,71.44914038826155,71.45337544211752,71.37053661346003,71.21047546580138,71.00004194687563,70.84851872632585,70.54556414602912,70.17172466752585,69.82222255383664,69.67106675053526,69.71732224349007,69.67758389318269,69.60570409467702,69.47834963914757,69.31160448692638,69.07999538424619,68.77756100780489,68.39090219378159,67.99679348857667,67.53764971426722,67.13042817139649,77.72273320194921,77.74007695026424,77.76842524342632,77.801595128",
    "77.8236343928673,77.82536084514794,77.83403580105617,77.82392675767827,77.82648109846127,75.2961282565918,75.39221170362116,75.47735289403184,75.55690738900401,75.63389044232648,75.72124340340274,75.80675671342237,75.84488974084115,75.90106468963826,62.87971052130879,63.17812404335661,63.422526913258096,63.6256312062717,63.712821399883765,63.75562319260495,63.71097636961886,63.57595167303821,63.49969939714801,63.3405997631776,63.16260087199763,62.99728550580924,62.79616618886426,52.23128010642053,52.32439613174496,52.391211346244205,52.47065667050576,52.54637640652805,52.61172403796909,52.69601953317441,52.80468716983975,52.87603771030688,52.95871479279177,52.98067293230318,53.02387086269884,53.1072062033916,60.4794130269595,60.804997935963065,61.05913446806542,61.26017446034701,61.357836262137305,61.41792863786869,61.39971907458271,61.29726266010899,61.259010916236704,61.16312025559399,61.08565274576176,60.94102036222871,60.83004982917473,56.74178278486728,56.80890328778171,56.85981432867146,56.92222609192209,57.007984307729146,57.07207536672867,57.20140408121803,57.29232832799683,57.405281373284495,57.51033110935332,57.62192450884444,53.90914514054711,53.89956545443943,53.88807760456613,53.89409064322943,53.90856840828808,53.94214616129586,53.95586715364115,53.999991112608114,54.11713044239664,54.244410305567385,54.37512142849255,63.28201343688689,63.70319046631022,64.10038602615163,64.44219734675809,64.78293598397435,65.0189132768301,65.19612173196994,65.3613376422989,65.53942972746081,65.58974033156095,65.648755640153,65.39776009807134,65.35678828045704,65.22519697646092,65.05489902631753,64.78351521001288,64.47316908789242,64.1649131321213,63.7606240278144,63.31135759661152,62.905472954423246,62.46067054122295,60.32273970313755,60.49810009995591,60.625984532418805",
    "60.6974465936794,60.736515157166025,60.764276395652615,60.77835261570274,60.74337155192556,60.71473054228604,60.63337569227466,60.54322572406509,87.32407730050512,87.10561110738256,86.8275743808117,86.52844873478945,86.22628662886434,85.91882405229228,85.6417821556738,85.47057268281867,85.22889375441584,86.6014119949335,86.36840865346173,86.07625553204369,85.73348940927954,85.41977838371255,85.11905983713186,84.76808956653828,84.50129783905173,84.28864522264524,87.00021430269062,86.7070031116282,86.3866851515541,86.06092800940847,85.75781212378224,85.42250377691828,85.08454588880565,84.83838187543648,84.64836640051735,46.53601532921779,46.866466289124624,47.17045062209008,47.44384891707055,47.6523976410078,47.87759178657448,48.01038569258229,48.08809303976718,48.15309725252792,48.16902685550691,48.1946186609195,36.40832913168831,36.468824517991386,36.58298650146314,36.7500846435513,36.93479697563728,37.1896326865848,37.48902742600855,37.82317475531223,38.246233353538535,38.62932344553425,38.95600021145357,32.961857641570965,32.65836109857824,32.36195755508073,32.15615836560206,31.95364752056085,31.817007016443,31.748621286996183,31.68834426903131,31.691134488286508,31.735608113261613,31.786121166001443,40.64377085910017,41.2669295947632,41.94217594085771,42.59501417864096,43.26773577048059,43.9162832816281,44.68224171209923,45.349856973297456,46.09747907376844,46.63610765898155,47.16268690776837,42.93079540514216,43.46340393335422,43.97578959961705,44.45788974912594,44.8653856227617,45.22940360491613,45.50692134411362,45.64122648471111,45.82416707164421,45.92199937394385,45.98225753088239,46.908764515386046,47.15386920579038,47.34737395804991,47.48662127693792,47.53156337482006,47.489290288560085,47.39837272982645,47.32346099882234,47.249279180673696,47.12507516263898",
    "46.98690451494431,46.851039110941095,46.93397648052483,46.96696371985093,46.98478660422184,46.979297174073984,46.96493057087884,46.95902041225944,46.94820467794851,46.871904092227325,46.83248102762518,46.80936136197692,43.06911714548858,43.10619115721172,43.10621387928384,43.10456183227578,43.11009587349519,43.13963133648187,43.19704111639928,43.25947219027783,43.33798222547484,43.40933521569814,43.46533216790078,45.83570845194722,46.043849954230105,46.23837764928268,46.38482421211965,46.49816779845374,46.61285850730377,46.70555287445709,46.783035893725256,46.80214570913101,46.80989169542714,46.80238887730916,71.51369629940501,71.5616134073733,71.5924545928568,71.62598844564461,71.66168717343436,71.69335499467577,71.77690695158635,71.83784627576499,69.76144249961185,69.38303264911602,69.0138483623322,68.68527945959363,68.31714728951229,67.88545485641026,67.64205814674762,67.46222142317474,71.76146460574752,71.69162276158183,71.64471416990526,71.61933250234777,71.5856295651263,71.55541670700762,71.54723461539105,71.55756515079253,60.13823573935864,59.74387377227815,59.34797861859225,58.98945952603415,58.66107363191611,58.26418436883753,57.95031233602371,57.679563366892495,57.362812491963794,57.05590083687873,56.78598801054689,56.50582728152592,56.12829199469988,55.79587531095307,55.41016775411968,54.91296531234704,54.66525903071712,54.364522394336056,53.99889601353331,53.5160494385112,48.61344524177794,48.28134035699453,47.91359328453829,47.57651142641613,47.28473251104409,46.95776207936872,46.57517906656376,46.33370713617562,46.00216270230837,45.7219357798577,45.40688104281012,45.113700802291554,44.78699155143077,44.40325208718382,44.10055324408663,43.69614952449209,43.44820882525133,43.17925232543568,42.936274756422506,42.6655038348403,61.09599000982675,60.71895871220192",
    "60.28070017747482,59.8337242082055,59.39317348273505,58.87576131658187,58.31565575866916,57.7419879662468,57.10980934069933,56.43654476699185,55.79280996403727,55.06887606238145,54.32180073970028,53.7207532099542,53.011158109398735,52.239710115234814,51.79962968207184,51.216138541726544,50.75442154027242,50.26819655484061,55.49620106079152,54.921215719281456,54.35445718425623,53.784411686284656,53.237413896711146,52.67414111361787,52.14571705602756,51.60695147552481,51.06137648747188,50.57072401820774,50.160714547880175,49.57339672552359,49.032562763517205,48.43682153208277,47.99989880546285,47.77493283057569,47.43560436545166,47.10326503463828,46.7231457830317,46.25522841197501,50.12340969143612,49.54268809991483,48.97621059622336,48.44872296835411,47.8998820729229,47.42023915121126,46.94435344423455,46.51654055866653,46.06666723996865,45.64386232830049,45.32955354409061,45.04640087692624,44.76043552852245,44.46107033630162,44.17676708487077,43.76746697836986,43.30813511577123,43.02056152912475,42.8896682419694,42.87912946815717,58.01639329364562,57.40426310634339,56.7901634897561,56.18659339648744,55.60245886588299,55.04534525842804,54.509597690957904,53.98504827979767,53.49096496705573,53.00508929377074,52.63333502080508,52.11260282545235,51.59930088709525,51.31275689277382,50.970571706885,50.46504701708273,50.185952963625134,49.781935370642,49.33772125885251,48.78243063923067,65.2399228898326,65.25340890356034,65.25546596939344,65.26493268233311,65.25835348829824,65.23152195504578,65.22489339123446,65.2052109499386,65.17291073312553,65.07836224229622,52.053661389055854,51.86521779667181,51.67932543091109,51.518926207142485,51.39119142306575,51.299724017905866,51.20862574411501,51.17423424995647,51.19284399633545,51.196157648071534,64.9089220159586,64.60108341085582",
    "64.28105846221499,63.944674336054845,63.6399002589637,63.313950492010605,62.97421567383673,62.72480587287711,62.500997177757725,62.183413576989366,61.46786805449771,60.893321240027895,60.35047539007518,59.84675199098909,59.34006917819897,58.9052052485805,58.44672031344476,58.02678118826264,57.59673153958096,57.27305754678687,35.46127621315271,35.4437026253987,35.48943748750484,35.55764777538453,35.68568403174183,35.84333854831224,36.047238869185854,36.29237945230822,33.68550964859946,33.38000293347872,33.03606775346192,32.7501645223622,32.475746727792405,32.24406705910621,32.01042551142794,31.85149113362264,41.00532489785893,40.84967410419139,40.71447147046736,40.61998691219504,40.48633738643466,40.39418042987565,40.34557223387432,40.31292030381074,31.50455432872948,31.78819101828203,32.11834115515994,32.50735100954328,32.90219768597719,33.33615492652091,33.76877282380584,34.12292667997473,34.59392180589131,34.62641862942128,34.66047376701896,34.715845784445015,34.78362538284442,34.86319417651333,34.944542180707224,35.060183733161395,38.01542958815294,38.018580345744326,38.01734110809915,38.03467774269236,38.04408503806128,38.05866173115537,38.09459914299335,38.12573644935996,33.50237296576111,33.517940587937424,33.554956553528214,33.601003844269385,33.663209619860254,33.75653800154996,33.900879446037536,34.0819447972273,34.26251014680419,34.41808253205112,34.58471126628491,29.445885620190168,28.943270051653503,28.40739841047389,27.858189128492324,27.297893613411045,26.7640488894592,26.214727206073587,25.638088319256475,25.10835319570561,24.702341795198507,24.335383801273352,35.01001577127656,34.784183250460856,34.580893136167674,34.46817185536631,34.412439555168326,34.34933746864522,34.35483506832796,34.37092874665484,34.38241819668032,34.45064634213976,34.545659854330594,11.85143545416534",
    "12.182965375297377,12.603811140062248,13.089300064759668,13.53674114789032,14.017041398389823,14.548849802640424,19.70572911154793,19.68530407533568,19.65976999287692,19.618336055136893,19.565470974166097,19.5094379771799,19.46928088684662,43.20879034679678,43.51789587994093,43.84959808564364,44.14690731131846,44.42742411160865,44.65237686091955,44.80908338101352,44.95727035055592,45.10655861334179,45.21135633838013,45.27183742260346,48.4527712347538,48.92531901403165,49.408729700868925,49.86731038882641,50.32285742244486,50.77338456797271,51.233136989146416,51.68592945392401,52.14234127090732,52.42544292194858,52.76531726377938,31.966253678350764,31.98112216212048,32.032406417455555,32.1337921411334,32.26047644413653,32.40094916323488,32.5363894912625,32.7418976340493,33.03587020273431,33.31290677607341,33.540019025512215,41.57542604353243,41.87938606850143,42.146158562687184,42.38561866514896,42.52445981619528,42.68364184760564,42.7645467578297,42.73939613724289,42.76439012322656,42.74892293219417,42.75580180024213,67.67374238209244,67.96570268159408,68.34839842546877,68.80551802240623,69.2875760769626,69.72107018916407,70.22901896512852,70.71934848294661,71.30137997348471,74.76414036044585,74.63718623665619,74.51428690590987,74.44091820099321,74.35755621661279,74.29989308077752,74.26432503679312,74.24711231168857,74.25930498075184,64.32288719580419,64.36572555138159,64.40718871467938,64.47665371232308,64.55261481368505,64.63621895225728,64.75801428155623,64.86203864455125,65.023743016709,69.74228621172134,69.68607175761952,69.66944260759931,69.65865030851589,69.66293682113432,69.65733646920903,69.66986780457515,69.69595928361265,69.79647908775837,61.503731700213855,61.43795718055935,61.38232442175586,61.33794064324122,61.31211506239133,61.31020147762558,61.28131762587394",
    "61.30346684067732,70.86614264950244,70.54540422126591,70.17846048509679,69.7995722810424,69.40270505747492,68.95872136211122,68.60078497452737,68.37507452356957,62.40834450554182,62.40879570103797,62.42812459528281,62.45474722408347,62.48487337690897,62.56107674130438,62.62929414706824,64.76110327900919,64.67166384986695,64.60740951685354,64.56729604916187,64.50214352551801,64.45593388577223,64.42133919993631,54.75220513825948,54.79382762133946,54.86124585134512,54.97273177561376,55.08760361576472,55.207445843367495,55.38885624989143,55.612186922588776,55.59296749624527,55.53922585036449,55.527693685944335,55.54996933979902,55.565623710933295,55.6203180983278,55.68661628444871,55.7963717361576,50.03188931260797,50.31159567671296,50.631158096310266,51.00262055703865,51.40115208344423,51.79990708455248,52.206603895999535,55.68015889297188,55.48102492717512,55.30063913124864,55.17729485100308,55.0431831818149,54.924269568047606,54.85324614274105,41.185570236462034,41.35964459298816,41.56434677901823,41.80308761519812,42.0832239912838,42.39013200111162,42.72647278225513,51.63063439616572,51.31773326571132,51.02005081620801,50.71302830152775,50.41721427592348,50.10355213316296,49.7281390256676,48.58980699931015,48.44907444035204,48.31570101821305,48.22741995703216,48.10312895797173,48.02134037454261,47.95137868132231,32.03158013144713,32.00741896703216,32.01201330623055,31.9986875256191,31.991547053680232,31.981862562472983,31.92516596889104,31.903193850207824,31.877143397983275,31.86864068884273,31.814908591778085,31.767831159035666,31.700226337629115,31.61916439429997,31.42063317607429,31.33295329614832,26.527705501589693,26.46196843880237,26.407515161408057,26.357497849750136,26.330459449869394,26.368175041431524,26.385724880518826,26.48180952738832,26.577252724315827,26.6942008604275",
    "26.76097573051775,26.841436715021707,26.93736241201612,27.03785584337527,27.282074996575428,27.416198702110545,36.38692219450177,35.752975119367846,35.1487969551163,34.55000836427631,33.9089176536475,33.320729884837114,32.68305146963888,32.1222848875078,31.57165383296602,31.05032561816168,30.49850647735107,30.0428006157726,29.55966814814466,29.2236847695826,28.88544339466849,28.528409328347145,80.79602504492368,80.96979706563366,81.22063268596541,81.51375133622146,81.89550361546465,82.2949147667966,82.75045667573958,83.1419312655422,83.60242056475103,84.12183272060993,90.34374258903571,90.2523512516481,90.1648158138032,90.04960544124344,89.95332667045929,89.83004857160968,89.7069327525118,89.61012944261905,89.52083761658119,89.44144498633858,70.38233762101142,70.3384208023592,70.31832829234214,70.30988105293754,70.32960465087056,70.37489340274384,70.4795003632132,70.57114196920827,70.73764009789907,70.86697102391571,70.978879791701,71.07043565472735,71.20607283203017,70.70263434633655,70.4254830208152,70.18392028396178,70.00800657612135,69.90937429131387,69.86790529323846,69.89437626882255,69.97598019797269,70.08449114146352,70.24050024246088,70.43223141590624,70.58438805460956,70.7506440073,76.22546092252192,76.21518481402269,76.2136803935414,76.21419493684466,76.22044976387583,76.22829868313303,76.2374842148546,76.25349235744405,76.27224249640558,76.31058269552722,76.3114143627527,76.33379229118486,76.37050150007315,53.83983045435148,53.74508396204426,53.66340046622548,53.6041429684476,53.579130939045264,53.56541669018765,53.558175064592135,53.58445932899298,53.5874820217617,53.56922774749551,53.560181101870775,53.51539865241698,53.484642993806126,65.0613408880054,64.43454300493156,63.792551469190606,63.16747858025323,62.5224376614923,61.92449914709616",
    "61.31107664187141,60.71169384347251,60.060762075827455,59.4479569498114,58.928124295103416,58.41667844526804,57.91760952964346,64.26172451656693,63.83318188898647,63.41664278879325,63.04846527420487,62.66134918794005,62.22713292582796,61.82511622525542,61.44390052828686,60.99732204724652,60.5803492468492,60.23258705300359,59.97350289561144,59.700829245925895,69.91981353606337,69.7860962237733,69.57741198150023,69.2833203763729,68.99201068194431,68.706221763641,68.25823734396518,67.93378995504494,67.62414100553363,67.31451841526057,66.970257295887,66.58079071520702,66.13398940126724,68.33798918385246,68.01133368753374,67.61008562075958,67.20664615178119,66.76731431335287,66.31716298360894,65.81996591310286,65.32969191608785,64.70015853730649,64.13267856632626,63.59086600656816,63.033925367486844,62.517129918020046,65.48431194749917,64.90612826253246,64.35747465356707,63.822971747393446,63.26009835866479,62.76483045006665,62.263800401277216,61.64196071555022,61.07025509084495,60.59132611737686,60.2468442466806,59.841073710542354,59.47787117689967,37.09833844390413,37.330027004096266,37.57208435921885,37.72576561637467,37.86272757274188,37.936168478559935,37.95056307935421,37.91385278075044,37.88246155305599,37.86826316191408,37.81295097500721,28.151725191143587,28.387669636755795,28.623920659452896,28.886014632209992,29.15410998420128,29.454803167675973,29.70546803990809,29.996812149725752,30.2106688675988,30.48417256650525,30.70070699525992,76.57910069023282,76.58454454323528,76.57206030479703,76.54397907031328,76.51437020606915,76.49747147462578,76.50522946294062,76.50449360704704,76.477200591532,76.46363749193993,76.47706646000371,76.48544825449409,77.42781343457044,77.61708159500303,77.77884848705136,77.90604028303295,77.98743033048287,78.09848961613463,78.14241184665713",
    "78.13267640574105,78.14026592042556,78.12622121335356,78.13795900154811,78.12434521169259,84.760552157498,84.76386562178592,84.66376780486353,84.52280199857569,84.31361168451365,84.06140107944425,83.77251875108797,83.36199744348262,82.91113184283212,82.51327342508792,82.05296664783538,81.60633504695343,71.25494181022152,71.3502947854155,71.43327348481246,71.53764700289011,71.67391245624627,71.8115845342799,71.97342694931665,72.12554871387088,72.30422442864608,72.46934161041463,72.72608981616511,72.99499649931538,81.86643218144945,81.72968813845459,81.45460857547998,81.14838098138041,80.75660151688449,80.31995116724958,79.88986673771005,79.4477299181691,79.03403693409412,78.62070000615246,78.14915991316659,77.5801634276372,85.59730621970154,85.61918781976901,85.58944024406722,85.5301714041506,85.4646728320676,85.31997466351169,85.17293330649811,84.93580485158614,84.64242212943196,84.33875108202997,84.0482882043355,81.39576271605988,81.65373489260735,81.89741588147069,82.06872512573045,82.17048455672108,82.23302312448166,82.23031099725036,82.18189260205573,82.14089848352621,82.08961881655169,82.0584186334031,77.20799980226481,77.01996371750054,76.85949000599369,76.72834113174243,76.66628345362906,76.67284546612133,76.67006698657548,76.73144302718778,76.7393377550556,76.82032039252913,76.90532735595588,76.99110497599416,77.03138730336508,77.14974431588605,77.29804048507485,77.26468506169819,80.72752254835079,80.13803993816664,79.5858692359373,79.05722243530933,78.54063242802555,78.08256852899406,77.70251320527659,77.32713006075907,76.90419148742892,76.60589962032489,76.30462724511628,76.11485859671512,75.7758428593412,75.42335082819051,75.18979831278371,75.04071256424325,71.35991257161986,70.80569202076978,70.30095551346106,69.81134569965194,69.31994887301549",
    "68.92576183393568,68.54758586412656,68.2030853025635,67.84920187923436,67.66544225321108,67.46189993056149,67.28676445800305,67.11801474580653,70.8853940342431,70.47479409483698,70.10657060023367,69.80177549403363,69.53632269546911,69.3132465709119,69.1703165986344,69.05396764244325,68.90905572901771,68.84734508141985,68.76133919194599,68.71345100542368,68.64544743235966,52.16161419570161,52.39086915121722,52.603090754119606,52.798768470567225,52.96568819374798,53.18669210358918,53.365879519910585,53.4677986342977,53.58311213916953,54.71980677549753,55.10372664515694,55.49833008298811,55.87445848475736,56.24399145431807,56.62260383653559,56.92730082812946,57.14502991599733,57.35607803465755,57.35944142638147,57.76982020912353,58.15342033856521,58.49257019924082,58.8387518897595,59.17157086190848,59.40694567056825,59.6072515514732,59.79731100678397,51.95981259739554,52.19448277255511,52.41356030227256,52.59653293612538,52.76945239328696,52.9890341633974,53.16054110212855,53.27485802425367,53.36049000441072,83.59766524445565,83.44361919202234,83.26691491621895,83.08998978958886,82.92394154492465,82.77462422461399,82.65620114194144,82.5817467779001,85.30029725318285,84.9566537779166,84.60686608415088,84.27864058383891,83.95657045863746,83.67640608335225,83.42308100819692,83.21884234759509,85.70551366842373,85.39595353112189,85.11728988443394,84.88728419359742,84.64293169856944,84.39082759582426,84.1714287313144,84.08282382300852,89.98097149648646,90.48314384960092,91.0221446566475,91.54902454728828,92.07631460719972,92.58077690184544,93.12216160658468,93.65141807240994,94.20654349800836,86.98938545762593,87.0586164480788,87.08750537145605,87.08150279616972,87.05530880598774,87.02507789850958,86.97829486889451,86.90601421153234,86.79270052853579,86.82589952570979",
    "86.97854444841197,87.10621597880663,87.22198206683593,87.29756754476328,87.37216016380519,87.40534937373828,87.47594830919516,87.47279047841741,84.20996049146625,84.38656472629467,84.5399014148198,84.64870191105277,84.7352959486611,84.83497054472049,84.92108584821034,84.92960483005386,84.94298791853157,71.7883438917123,71.69494347116348,71.61044178517284,71.5540009909862,71.46186925031328,71.41050974334448,71.35268977326922,71.31870029316374,71.26200280078342,71.22584174705594,71.19251847808809,66.07857204257412,65.97204204390353,65.92819800392255,65.92131647690817,65.99502534531901,66.12173734024958,66.30576888658351,66.55048908816225,66.76783977686499,67.16967331798743,67.57113193219413,74.920950562316,74.68222834040678,74.388388689182,74.0561443413283,73.71619413178097,73.3784713301759,73.02111740022796,72.79138164608241,72.47044355991933,72.10670016832901,71.76732011215002,70.23666037209604,69.87885269092482,69.63280104445914,69.4740382707714,69.37436357148292,69.32948033857892,69.34045783510511,69.39889618247913,69.44989799163213,69.55622526359274,69.68224694025079,75.22116694400859,75.62107008163183,76.00292372532681,76.39136236370732,76.76344469210312,77.1371042614801,77.42185716341804,77.68927063060043,77.93353897906746,78.15746238634374,78.41864419075367,78.64959833681947,78.78761835570874,59.84914722172196,59.85202110154457,59.858715442959245,59.89516531440431,59.9449041507873,59.99979304085409,60.03726783288921,60.06969118264823,60.1632924620102,60.27763406271709,60.3952151294098,60.57744219921108,60.75260436657952,60.96425988446831,61.40408535168206,61.87523961095621,62.37952426416521,62.886413629879456,63.38747272633893,63.92170824957593,64.4289914144498,65.0226003309752,65.58666475626036,66.07467233128402,66.62519508807594,67.12467132088003",
    "61.30967019285187,61.36080625025716,61.4194199129503,61.48850420583302,61.58260113523722,61.70088858159617,61.913362586141965,62.0951071358128,62.30869203275011,62.4984731964074,62.69366808252101,62.98671472150329,63.25576537477731,61.71618552679156,62.2746474914434,62.849202741759406,63.4528791886174,64.05882055026025,64.61194824754142,65.2797188697845,66.00081831881344,66.70523805756274,67.34052532341423,67.95173849270597,68.62382817686768,69.19646761253608,61.54624659066016,62.15212799392552,62.8096754132313,63.49880113014405,64.14564592794547,64.78447707152166,65.46419904132982,66.18387095794938,66.92321433221596,67.59250445557674,68.2290723539836,68.90961346037359,69.59833798154398,22.715597431173748,22.553719659084777,22.3643553024818,22.10216071515428,21.93681739620006,21.788314026856906,21.607406620625177,21.43011092810177,21.28885001060648,21.20854574318238,21.156007824998884,21.06901396258654,30.61423861384892,30.408459669626865,30.17761916434886,29.945300753429024,29.739944713973664,29.52696338190261,29.322761033944595,29.08384688378509,28.856985421289025,28.641546791506784,28.4420171417372,28.20987300607412,19.46916661591856,19.33775187472587,19.248335683386628,19.2444123710492,19.29885966706636,19.401522469119254,19.536797166415585,19.715505015670065,19.90354349727553,20.25631886391612,20.69331117467233,21.02735607867708,21.28893381255901,21.1069821644444,20.968168200498592,20.926480707726608,20.929012714166777,21.007919775805007,21.087073985253696,21.234228070811813,21.313506767978325,21.534611753407354,21.834045765644927,22.147495916342148,6.403046791403467,6.30419567444694,6.203787664045389,6.089748478550579,5.9650955684302485,5.856148414747604,5.752077048846292,5.678180721884526,5.592086195967413,5.512048597766873,5.349122661385856,3.800356981055921,3.857574952801397",
    "3.9184555327377337,3.990883256067856,4.054084324870434,4.130428885542474,4.215211139302865,4.258860641429427,4.312567598512523,4.336058604802941,4.3870275779182295,8.482662352582988,8.371823510419123,8.259348525911578,8.138192870794818,8.026548231980996,7.923804120684663,7.754609958047701,7.636539516893387,7.516470190248919,7.401172012271274,7.308855967729387,2.372905896263532,2.471503640490761,2.5611457503847164,2.6645501689507403,2.760569872092828,2.86674134385048,2.9858620328388623,3.1202519772869435,3.2605242287735887,3.3533895518747165,3.5621085053840043,46.28037644888962,46.2659700193413,46.21269690551621,46.14408707703836,46.0541476143074,45.90894938368672,45.79227399460874,45.59055914653954,45.33295973528666,45.08353871669668,44.84206494517028,44.60627126529637,44.314620467525394,50.10976704201274,50.75878166681184,51.39435575918567,52.021519591116814,52.69508635357284,53.21889385491522,53.79950108315763,54.28136006327885,54.690735981527446,55.1636975089508,55.47119773053489,55.69548520789952,55.83957500103142,34.90009589248458,35.18817956844016,35.52876154441795,35.90834200899612,36.26432726991063,36.63165470707805,36.99057248468996,37.3220978262976,37.66510951931458,38.01177854183809,38.33762013251872,38.697013338514886,39.00835995405336,67.72057599391509,67.77315084790986,67.77196666907469,67.75484612756908,67.73540140338397,67.70295771323369,67.67760243607053,67.62657951151054,67.55579308337215,69.22450977114474,69.43915884276481,69.6269871796451,69.78258451978834,69.8761983404263,69.95152500692295,69.99172745110691,69.99024735429568,69.98778995248796,65.46761893940759,65.6660339681579,65.84015791860485,66.00286962777052,66.16327608161768,66.3402814789846,66.51113646810614,66.62185126573678,66.69352418910512,77.0800171062566,77.21829506196616,77.30793829113674",
    "77.33520175283539,77.28850056663597,77.21421691554536,77.06438909809907,76.86384173881011,76.67945451366344,76.4155603762756,76.16548928841522,75.91336828067924,64.45859328655862,64.4529609634093,64.47889342695338,64.52644245523842,64.59067922222202,64.65267258548997,64.7182372079898,64.84089351244988,65.00113987293061,65.11388347173724,65.20313439233934,65.27654179631553,104.2845948470231,104.29101450032525,104.299020387696,104.3049889029762,104.2976053563506,104.29591494040896,104.29563278447468,104.26997264571884,104.23788010924012,104.21126764093223,104.20196349057002,95.56132532497226,95.66395416944772,95.75375687492142,95.87305839908228,96.0067952731654,96.14712238096574,96.33163106360108,96.50724284555916,96.70030307246326,96.86098722336452,97.09531582327996,102.00058457031142,102.40513584691028,102.82862209320176,103.25845626941224,103.71740293691064,104.16519009666308,104.59000132620903,104.91979632027775,105.22660121418554,105.53910010527888,105.83339966389768,94.9690454521576,95.1384163155832,95.33555831685564,95.61813766101314,95.88695777487123,96.20728328168724,96.51639580256176,96.89166327729836,97.1721236599674,97.4735578362204,97.71672932053312,97.97672630320686,98.607485822291,99.25665403325044,99.88169154133011,100.51674284444007,101.0347848483694,101.56374981511884,102.0658523264964,102.6123833309082,103.07717222842795,103.50943977134584,89.57808370583966,89.85727230401731,90.18713837570353,90.56740740320068,90.87674312963598,91.25510407778278,91.55932716232516,91.7396306575057,91.9722881083235,99.96702462872206,100.31137665742432,100.6602978386273,100.923929715876,101.22374161895384,101.48294997333716,101.65715577993534,101.84361506666056,101.97339989182043,88.07074595624978,88.51399101608897,88.971681256705,89.40957622659131,89.83923365966093,90.2343026555331",
    "90.57565322155324,90.90112586267956,91.21269782317196,68.42462750128547,68.14976382848985,67.87592169453431,67.66800345506023,67.49178036241716,67.41781090164713,67.3588713624226,67.41272919332332,75.20736183256567,75.13810722288214,75.10092154266033,75.0769056523847,75.04469938770806,75.03077928109619,75.01932444296514,75.03112431658465,64.31729051308551,64.26894496932032,64.22990436429355,64.19807732637116,64.18315238641785,64.1921192111075,64.20558567500255,67.84008807116024,67.66083713694563,67.41409712721554,67.16181532439923,66.87580774479305,66.62195428949828,66.3669591314361,67.68185120417256,67.3233823829836,67.02582697742257,66.75770857981966,66.46326433545983,66.19960242440402,65.99675204279929,67.24090464645444,67.23179254233025,67.22056352901713,67.2086409369379,67.19320808875933,67.17134940709929,67.14317537638323,67.11268115177013,62.38102770202652,62.07399167148287,61.77088339292303,61.47980949834063,61.23988071136761,61.02158886154259,60.84541204119411,60.75009611175507,65.4206012965588,65.23039916219345,65.05250311825156,64.93723042404683,64.85912544975398,64.76844397231115,64.7414979054296,64.73569212691528,85.29917992524982,85.27596295719533,85.20347773055947,85.111889868478,84.98072794650517,84.82619055502994,84.68658717391804,84.48459515943246,84.23202253893724,83.95016480090838,83.67263171721281,77.11890805564146,77.32480861021077,77.57015102076629,77.8692236665753,78.17287709257342,78.54499864928682,78.8878847530944,79.30432668197724,79.63486562535694,79.99355521623353,80.3017719613524,79.33521269547664,79.69675980316305,80.10068199520326,80.54603361788902,80.9225645308514,81.3382346557934,81.76232015938984,82.23358954592459,82.57770009709029,82.90589122490366,83.18067471728094,89.16384918303515,89.56712397995092,89.93752637126883",
    "90.27131916790736,90.61528673371193,90.8950709750174,91.08566649981042,91.23519968403942,91.37251458862892,91.46783399938596,91.53570276234552,80.80806364518425,81.47265367202121,82.14512860872132,82.74835693395447,83.33499669226237,83.81950095025667,84.31035913050322,84.76245122584137,85.19076116165591,85.53461937333454,85.78136647849912,11.541892488316517,11.291471800770193,11.005799772357635,10.687013862379528,10.42654930193597,10.168833082030856,9.907914930364658,9.664764255977415,9.48207628297072,9.311302026002377,9.182702850251433,9.12369247612678,9.067970375844109,10.389566476275911,10.07084517127334,9.703063573074298,9.33371010722011,8.930167732683882,8.537508006330672,8.177086315627692,8.009686762471748,7.769991560284451,7.536692980525417,7.387714685086603,7.165877389227692,6.819616206951343,12.052473118056175,11.79355660253741,11.533668773059087,11.32137136671171,11.149434583498518,10.968910866237271,10.781051381005009,10.642441793201222,10.524380465171156,10.46460900380871,10.419955618443604,10.36893698084546,10.357471816707776,55.53511795168626,55.25798564936464,54.96593556524088,54.66256912871712,54.38799234386893,54.1165760160302,53.83681171223623,53.66896224169847,54.16201227378114,54.07032141731073,53.99762714951047,53.93936269681587,53.856044521323845,53.81348877670821,53.75914928070375,53.74385262359439,59.38073817129247,59.51646342859776,59.60815259429488,59.662989610238434,59.670352623930505,59.69791787863852,59.69581594459725,59.66332795625491,89.14410497472518,89.56902373097897,89.99172185048445,90.38083796992171,90.76935250614544,91.1654923598146,91.53663947124004,91.8683685881762,92.19478515235352,92.42065995291604,92.64867426168225,92.87475745671006,92.9612854310052,93.15126728020589,70.0714908331221,70.14462596726841,70.254177351616,70.40409259020706",
    "70.60433010167974,70.82613209538408,71.10973680972958,71.37814296819991,71.69550509779228,72.00631184445915,72.38366450102357,72.80539331641916,73.24291095986649,73.64207788402366,85.25601353184898,85.79185283929083,86.29499473323713,86.78591207520384,87.19240942348344,87.64875797600824,87.94043821374883,88.1134374063758,88.26982799382952,88.34189064179834,88.43526677291123,88.45894895307151,88.48579243029872,88.48610676275781,82.33670574252832,82.86306936625641,83.33413623637729,83.79288166020432,84.12685394681586,84.48453619868089,84.77015430771117,84.85909725289011,84.95719978406541,85.02823962046124,85.06548468566247,85.1339182924464,85.17093295405834,85.17216622741587,85.12495890594259,85.58626660764476,86.03838458965998,86.42535013917536,86.7809717962537,87.1186339997959,87.3945079174411,87.58380180115162,87.76813097892979,87.94639805492135,88.07192645975529,88.18631320936746,88.25819387049268,88.68153134718887,89.15839544326872,89.75415507204191,90.09075993337702,90.24291814318843,75.47497636311914,75.95696049740532,76.46923289906331,77.01332601996005,77.56327481411729,78.24636733811136,78.91818802828762,79.55575699083278,80.20369297867607,81.0084188558745,81.74116597952185,82.43880064061551,83.08285636452135,83.91241345202367,84.71392877692125,85.59596435312886,86.21270502082993,87.00764097615597,88.81325662266501,89.37076685446986,89.95040115286098,90.51317206740336,91.06870967648716,91.690557667919,92.25829312217328,92.7894217268484,93.38652932322306,93.82709143509648,94.3416238512647,94.81794524376204,95.28408194175998,95.68981092675384,95.99479814658214,96.21248396878929,96.49505749619055,96.7507129287896,77.15611834784474,77.76128323629818,78.43159167950995,79.12772584644134,79.80867983011015,80.58255622152629,81.34083495600217,82.05325665304363",
    "82.84519783142242,83.59494593035947,84.40025697681358,85.20226508851785,86.09559102413115,86.86342129715545,87.55514862004362,88.2460792326529,88.85320678835255,89.6382507817334,115.82748029785049,115.51285853098406,115.11543638184044,114.67201045299817,114.2519128716644,113.83802072897838,113.41923305278428,112.92719941016472,112.52261688966102,118.310565935169,118.2587888798764,118.16482502368274,118.03175610879104,117.85562226619103,117.63334652386588,117.3741411752152,117.07878695497062,116.75360298437296,111.33517395013794,111.29661363218328,111.2666758317714,111.23842562301456,111.20613226333322,111.15610323546863,111.11380190748102,111.08610710400872,111.05069097905536,115.48263448291628,115.64581707256292,115.79810640470212,115.92511731218814,116.05192416501126,116.16011316789236,116.21272467640615,116.20114956993535,116.1980127599616,115.43221486690877,114.95752912859037,114.42159883439054,113.85846303652434,113.34230958208155,112.87469920846983,112.35494055954214,111.74188733603036,111.18087281391044,57.160050248298695,57.22560505872192,57.26783933195779,57.29053179614319,57.32234603087641,57.3419750580152,57.35212016430423,57.334567421981696,57.34047778451093,40.33936818439653,40.24620625809002,40.14758408997273,40.07802162795357,40.02642246087192,39.99886114739645,39.975748979244834,40.01144449985002,44.58727445210262,44.582528028285104,44.601222410807736,44.64079557628218,44.66732928778045,44.720110347224654,44.75328956405567,44.8889984670804,26.49317706061633,26.16013613576677,25.864063426161653,25.62313362051628,25.368064592596618,25.111151013661534,24.95531353626159,24.91063297152346,24.856470969527976,24.83684000121275,24.873378140011287,24.99212880943918,25.06171173076975,25.10683571992096,35.34201731389021,35.11430581159815,34.84683624540954,34.60379556639495,34.3876806513336,34.168620765714905",
    "33.92928268544887,33.70871662488937,33.48800724852643,33.320763781503494,33.1836571171124,33.0484399789503,32.89651882240019,32.75380891995117,31.254549953454266,30.79148473689742,30.313762829937787,29.861692569594275,29.404526825009054,28.94244384789498,28.501205202574145,28.12196886579188,27.6982471549072,27.45115251511029,27.183062853690263,26.89809356821748,26.68706980242456,26.59980046319592,32.35411987188828,32.328398792488755,32.31901674705986,32.300201756772715,32.27832721813367,32.244584127731905,32.17184298785128,32.15424793384096,32.143618193924816,32.12826560137488,32.042857207563586,31.97995286641553,31.893858846712345,31.82904081705545,37.31585815461422,37.16177549703596,36.9850966142232,36.77286898310464,36.59394078820732,36.384845167662505,36.09949416474873,35.909870264056,35.69823368884414,35.430659855656415,35.13866070968537,34.823764533420906,34.547620555071155,34.11101250543475,37.682508667656776,37.43150635029492,37.143991269312885,36.79588032520719,36.49252687557249,36.16542984412093,35.816683837412725,35.37829758766789,34.99953553239078,34.58100407781178,34.1491066702797,33.73811594742736,33.346604658315286,32.96149650904352,34.82016865317439,34.10653769884036,33.37333170331901,32.663821352769695,31.94091035774004,31.322552938551176,30.572013782998138,30.06325107892648,29.6373242945084,29.09522716790397,28.65680235681175,28.30119321552599,28.080554430180907,27.83695166949413,20.04956316435605,20.069415743915847,20.094388312608043,20.13641024750208,20.184853237863216,20.248260925443663,20.3172793680214,20.415444228759128,20.590726948845862,15.108302634731633,14.512817117482172,13.89602523586522,13.323622278996854,12.727778185854026,12.220741588693269,11.590088403533544,11.062466237516803,10.539531588841225,22.26615068143157,22.07547858066948,21.89512114403389,21.794193469571272",
    "21.70368998087322,21.6337834456376,21.62084145866326,21.62982080190558,21.6628130351597,3.573546531756989,3.6059979849626673,3.627325213457954,3.649712843065084,3.671024586085388,3.6798627726660578,3.695305428093041,3.676563984593988,3.64026809570212,3.619665915338796,3.5680167425663085,3.520641880633067,3.4905624887219897,3.490858079711334,3.494034065120551,9.969044553105118,10.051831685393507,10.100173463280882,10.166149375377774,10.18163184135486,10.188476353428731,10.17325938241839,10.133020763776182,10.095194217294289,10.00995060765017,9.934740722861916,9.841096872185949,9.708584013521769,9.62084912421852,9.506527240150774,14.115469199655063,13.989099341965384,13.808854809799488,13.56418997410404,13.284421247918758,12.965885064413744,12.589690440892694,12.276110144956736,11.909655034158012,11.546222060201996,11.159750044627083,10.642121910958815,10.133197475275916,9.679524989208325,9.073719446526344,2.445337246018628,2.4136386540624124,2.388117776876403,2.365877149259388,2.3376251078872894,2.304831575745827,2.2731818416861884,2.246089319839617,2.209708569780428,2.1776179068028467,2.107118357009809,2.054950807884573,2.0233563919523028,2.0074586842866284,1.8593120599979964,50.28756377554691,50.16973851366287,49.95467200774073,49.70252046173764,49.32699608765122,48.92801370859321,48.4974633477901,48.04582768868427,47.55826357238815,50.66610201849873,50.93075918301045,51.18838997241988,51.37920098032984,51.52226648269795,51.610350440949546,51.68458070682102,51.72036243694865,51.73252215698508,43.31319467989519,43.3923085409213,43.4238452633018,43.42795056959697,43.43599185892363,43.43669071361343,43.405516335924304,43.351967507511525,43.26048236643679,73.7201205210837,73.64649530845337,73.57941327197726,73.52242079669385,73.48777082381373,73.47532525742379,73.4851266990224,73.50731415816232",
    "73.52666344467667,73.59455042500751,74.08634118580599,73.98548650610171,73.91968848017144,73.8954327311681,73.9023394694504,73.9679912413345,74.06480823787528,74.18248118384341,74.30439329293549,74.48419477143118,76.66751941121153,76.56530745017368,76.4835234630183,76.41962548418518,76.32511033519495,76.26378517551645,76.15091984619943,76.09394101671275,76.00467961257586,75.95694920001765,63.1255452014565,62.91787947504344,62.73259226462796,62.64500654872146,62.58131494293775,62.57033271313932,62.59801008715184,65.54491107346664,65.55332718979301,65.58145606408301,65.62871158216691,65.69471249691422,65.76428751886701,65.84306800826123,67.31822761730615,67.0871669770305,66.89576776538895,66.78593785348563,66.66519893059579,66.58290034151423,66.56079340796597,75.706143138926,76.02879365041782,76.34318809877985,76.5804079486365,76.81172354964839,76.96156279503515,77.05637964082499,77.0181389969558,76.98777814812705,76.97006623442164,76.90258661786196,76.79816942770111,76.71651863647855,63.03400771460002,63.626102320646304,64.2607089083942,64.8832984651599,65.50398891965496,66.07844843414381,66.69562676952819,67.2599743193393,67.9690751364759,68.4792378839747,68.90474464449262,69.30507140773645,69.77083416105793,63.88560147126015,64.55998423527508,65.25943865720983,65.96922505077555,66.70152477085873,67.30676767777143,67.93146794067427,68.59263404830133,69.26861430564124,69.81714669396416,70.31492903724218,70.68775947786249,71.07704818674812,80.05409936728124,80.20120896028757,80.33313034680536,80.45985116663198,80.55792653926395,80.64350162755397,80.69196009559302,80.69157172500472,80.70106460888977,80.72088850890499,80.71115711037704,80.70084865095282,79.24633322784796,79.47400959722108,79.71480203303231,79.90584912676071,80.04401250742046,80.1739295236055",
    "80.22607030592228,80.26715766820163,80.25121639353587,80.24854993583851,80.2610176929787,80.24981069462372,84.99107451728048,85.45983033867238,85.97430766984326,86.4868935847779,86.98290375028526,87.54049866111359,88.10468205656997,88.60353944612662,89.10812968141431,89.49006344624613,89.92871340220026,90.2430274764065,78.8322865560627,79.00821631628261,79.15858925577477,79.28135395699408,79.35546534979855,79.43089609180096,79.45587713468882,79.48791353343383,79.45818975800894,79.40369072490756,79.36017290981295,79.32463304231729,90.03671406232704,90.3127834713814,90.57832079510628,90.79781046748784,91.00649395846898,91.16031831999176,91.32889902229532,91.46964294730158,91.51041103062998,91.59276472061303,91.63483246724256,91.64538335162804,84.94589283163101,85.14462606917502,85.31242504180382,85.4277490477834,85.50320242569173,85.56138972586899,85.57580038911796,85.57430518997073,85.56364239403078,85.52382375407772,85.44717540940445,85.39337775616755,87.37868724137381,87.39070033473523,87.31500072561788,87.21519098811413,87.07870558617515,86.89148316961062,86.66139197735842,86.35235292350136,86.047678377649,85.73613280672276,85.39963670955761,85.04956067732869,83.17436073282772,83.20930581899847,83.24147923413857,83.27532594499628,83.30270264182212,83.32254994177832,83.3749944013482,83.38762402446292,83.38754205157602,83.4012829872847,83.44006745401391,83.47144184514694,92.09752291664624,92.27511537270658,92.47003662120768,92.66630146518692,92.86607245015458,92.98789445198872,93.093820012681,93.21893336760267,93.33030085643118,93.35161413732372,93.3107204862756,93.30424681441112,93.28205281279484,90.63245673615744,90.65185579412608,90.66970957535182,90.67633437299664,90.66720409334592,90.6518958785763,90.6611588900628,90.64046981079768,90.5892229976232",
    "90.53603788380232,90.49211520279108,90.43623232393564,90.33787376823948,95.8030119430021,95.9718841032276,96.09630200782009,96.15950263307326,96.15292500247352,96.116995184306,96.0151526550536,95.81467382413769,95.67374534391878,95.41193992839322,95.09609916211151,94.83737175841722,94.56622645042798,89.79825529701557,90.00370075089273,90.1696064422245,90.2928501713134,90.33629175668877,90.39056757567096,90.3902609588776,90.35483916260904,90.32201458949795,90.25903085567369,90.18687869417153,90.07205157967633,90.00306108771095,98.9278429829117,99.5277911510431,100.18553361572062,100.83259804305676,101.47881612093298,102.10113234697997,102.70897206567766,103.31602858689448,103.87728972030308,104.29938798709776,104.7625384485264,105.1386147562136,105.49367554731688,105.57600828967806,105.64615865853892,93.64825057667473,93.8931654278716,94.20306545175016,94.57636499977036,94.95590517802805,95.33141797292136,95.68259275605976,96.06994554833338,96.4649889975419,96.8297690390581,97.15572405539191,97.38106174610756,97.6415892328446,97.8957235483374,98.25565266219192,98.77352777522223,99.39631551122396,100.05988122525494,100.75765584110007,101.44632180430447,102.11776792315808,102.84051279125454,103.44426938151736,104.14417892974842,104.80423801164008,105.43255530303936,105.90462504577256,106.33547396338749,106.619730754911,106.95199357678726,99.52714084239317,100.08826241222184,100.64385759445624,101.14702241405304,101.58781314701515,101.95917424182636,102.26066681074424,102.42497841269844,102.59618572470852,102.69256696305784,102.8021699382722,102.8904407181014,102.99087146278782,103.04639205201978,103.05331391783956,97.7452970975774,98.1285042705233,98.55211912442547,98.94342039003683,99.37105498986448,99.8035321342114,100.21966564239332,100.54969586161546,100.96562855381806,101.25798735858876",
    "85.55630882657563,85.37380477371322,85.22452027943326,85.1532814017009,85.110638152091,85.12396711708777,85.1795379076074,85.27270035079566,85.39324499325838,85.51412987681407,90.60303402969092,90.46523856444225,90.35795492223316,90.3068816931312,90.27655228593702,90.27819095689772,90.31073112135005,90.4017382624193,90.47448696194934,90.60705796473104,70.79742948424108,70.24374481797115,69.66934664101723,69.09514133297152,68.48017624018145,67.9192789349987,67.31282740097004,66.73224381968444,66.11668266651203,65.74028038974922,65.20971111981436,64.85876382558975,64.53395281678505,68.444312010364,68.3096615801844,68.2370354521831,68.25490835898667,68.34619336435787,68.54391333079414,68.80937511372716,69.07669000692033,69.33206950122984,69.73262912859278,70.16443249961962,70.5800826798611,70.9837481743699,70.30900775885712,70.12506849796192,70.02125845129903,70.00190038500538,70.05628525608918,70.20393538281348,70.3381625393257,70.52023563528151,70.65702734962542,70.93593454859513,71.2616455491085,71.58030189732746,71.83886075315542,64.30405984347436,64.22176062944388,64.14310046383223,64.04492255618423,63.99651756030785,63.94795665768854,63.89669059118396,63.89703483860475,63.93464996079439,67.16671897516753,67.10777825179449,67.08857780183095,67.10157544485239,67.12412857203738,67.1555037150492,67.24679641452857,67.34858745169467,67.4704424987771,68.28387059358022,68.11783935883811,67.97490742099134,67.88843847472418,67.79307373956985,67.7184993387262,67.69403354672562,67.695723650523,67.67419648839932,14.412751130488758,14.639337248949213,14.871477754638295,15.072731936089118,15.261583424373065,27.671947459919288,27.79344751185109,27.886869474729643,27.9510490664262,27.96361899392713,27.954862342899737,27.912744089241404,27.80596828832829,27.59576704838159",
    "27.405617111872168,27.18642121805952,26.01781141821854,26.03280257656461,26.02803054871148,26.00908588106173,25.978217139150367,25.913803110824848,25.85500455829821,25.73420298535593,25.553239952845747,25.439288328883965,25.275707084864337,21.44989519581693,21.732392858965188,21.97530952769141,22.159285298852165,22.288963712304927,22.402350435618075,22.52667181689896,22.55532910154947,22.59936647355797,22.60732055697909,22.587561782494863,55.266696872137,55.62444484428598,55.990985475166624,56.35773373140344,56.71497152269231,57.068902820126446,57.494127710083895,57.76282976494422,58.08120868353243,58.38789007472479,58.71746409853737,58.95135967025073,59.2427761767074,59.66217158271476,60.00415876323229,60.299392735203824,60.54164910976158,60.78343227650041,61.009694813681065,61.190219592744896,61.41877025162623,61.63324202032203,61.75916683130241,39.5345687980819,39.52179261047884,39.505338360823046,39.51755253669293,39.550818035256455,39.593679956356056,39.63571441783781,39.67775607089931,39.78913272156052,39.94561702063732,40.13739317554004,40.31264065180872,40.49940308083102,40.66198035261385,40.888357454533946,41.24541323718586,41.574295298911125,41.93686342682101,42.39658170639058,42.74539683664026,43.12458219002489,43.41009311372699,43.60708211811984,37.9195565517629,38.45566275623503,39.08387447897231,39.724167304853374,40.35097499314899,41.08196766866493,41.91901434356315,42.65013653882606,43.40061491264541,44.11815739565888,44.89923368623134,45.808500676128354,46.70076115244868,47.57537949044526,48.48291581685741,49.41432031437981,50.10878182139077,50.91650040919703,51.7191968996934,52.49217667800461,53.26046041322385,53.86337238755384,54.29280017069121,33.65616032087566,33.33484508041276,32.98643439349003,32.66709087606709,32.413907841225274,32.156668241342274,32.01856155077637",
    "31.85215215214536,31.67819164663352,31.6074043315717,31.62014780909454,31.65135163172982,31.661464039215204,31.755643520538367,31.95521073028638,32.13192809404718,32.39600121017981,32.63089215593717,32.81299415627572,32.93362820543391,33.08113826631082,33.28483421298978,33.329385294504014,37.40671066876513,38.0334172105237,38.746681852022135,39.466970051992654,40.20840157202963,41.020200191182575,41.87508928917328,42.654091555753,43.56313906816931,44.33287944874444,45.14680175105339,46.06107511352624,47.09337432187198,47.98217402043635,48.82282228908455,49.707739902916,50.497124564941245,51.33603156630639,52.289722862797824,53.139072917172776,53.791396713494166,54.436431442572285,55.06640133849534,57.448946549334906,57.54168852091331,57.63447587352484,57.72771439399559,57.8092918634501,57.85455472874511,57.86863092656106,57.91411227968197,57.928368988016686,57.89625237208656,57.880848833357504,57.90360528482804,58.169175684116375,58.39460166775129,58.5492751754064,58.65964401174546,58.72640357507956,58.77415248639125,58.73695398738094,58.71032773541983,58.62772761650793,58.54058659557376,55.95813728297851,56.09824180385158,56.18215311145076,56.2298837121232,56.26846237303744,56.31644233405551,56.33290776072236,56.2852924247997,56.23559731577614,56.17224209484512,56.108097084046165,68.13144053118175,68.1601031142804,68.15707881313101,68.15503251061367,68.17759743618292,68.20666317981016,68.25318420839962,68.26869335988145,68.30971824560493,68.37954911941536,70.7256360401508,71.11969559888239,71.53672233458073,71.92529416301039,72.32210929367474,72.71818448778949,73.10988504150603,73.50707293172528,73.92795652047538,74.26173174858414,73.5702438383403,73.89086655998524,74.20500618804921,74.46342718592564,74.70280169586447,74.9254814937586,75.08765930541315,75.24690233834335",
    "75.3303931057833,75.42803219018565,75.38872860579238,75.50872762867716,75.64510994637558,75.80710884513063,75.96714508422765,76.20624848688196,76.47060481979145,76.7176723927761,90.22630830951827,90.64626471629111,91.14825408081236,91.64723592487144,92.1446648687263,92.68796398787232,93.243376841545,93.67609801567072,94.2597367665758,94.83008290333044,95.37984511972373,95.92597808980013,96.45489801378407,96.8579393510207,97.32945868362076,97.88958304957386,89.41587015729753,89.5205179882378,89.62015143713512,89.74538876069806,89.86923745741511,89.9605032914171,90.10489153072164,90.24593165229118,90.3758232406169,90.47028008002854,90.57835595901808,90.70204429927134,90.85488008790364,91.02305914705124,91.29333767474904,91.66072629553813,89.38408666704626,89.92751346615795,90.54049587234071,91.20968130898936,91.85636022368897,92.4462670288878,93.11763586819409,93.77989037369412,94.472524107761,95.09946018770552,95.80001309500214,96.44921215393936,97.06126545531056,97.4907079477072,97.91482140925692,98.58584015351866,110.28306670630528,110.48400192943522,110.71763660789966,111.01382328117244,111.3279828085079,111.6933218247562,112.03442151668337,112.42074932321808,112.75680150010452,113.22624905568964,113.61905684003976,110.29243751545648,110.23558477752889,110.22209616194276,110.23382742424327,110.29914359483917,110.40573866034218,110.61054869276316,110.83918082585892,111.10864315758312,111.44191501477276,111.7463519700804,114.3487471871107,114.64553353005928,114.94256158397314,115.20339824952242,115.4489007563946,115.69997501418004,115.92151735364332,116.12651675618004,116.30314263267552,116.4552391366982,116.62615627370916,31.929748574168364,32.0829251310122,32.204908606408424,32.27890187427888,32.3006179144206,32.319622037113255,32.287519709610855,32.2502444068886,32.24079238332387",
    "32.207484254809486,29.65531818889136,29.618116750354865,29.58864011197561,29.56974822188276,29.529024752213324,29.497761090690005,29.48044318988101,29.45902753531396,29.44078209390769,29.43654352257292,27.710739708682368,28.001658089434365,28.342321802094567,28.64826489182284,28.93908872938851,29.239816938547133,29.47770064614463,29.693417032368,29.92033073487149,30.06973784326565,32.85814332884973,32.95595199094763,32.957939187558814,32.92780820838486,32.82621751106294,32.69094860895305,32.50888442244348,32.22159873350011,31.94109716512861,31.59871172264768,25.86470379568992,25.95429429265017,26.04131180852547,26.12465448949113,26.221865630494083,26.331749004381777,26.42299938307259,26.48488918709803,26.547565765196225,26.59282331090545,27.431281329489423,27.68508499456484,27.90624161772764,28.06866093116623,28.15904843890566,28.221512886659603,28.22223418326475,28.216286326041143,28.19607138946473,28.142118075665405,36.976125245467095,37.48770423495021,37.983442396024486,38.44268481832872,38.8104886451638,39.18233385404358,39.4405495274463,39.62420317064195,39.70838334393359,39.79463852129437,39.81782024978183,39.828974303842855,39.845566720709705,36.17176539419308,36.27326673200312,36.36158711515132,36.48136210350156,36.58033703060846,36.69091022510416,36.798859288162,36.92132466019386,36.99477069413105,37.09215705919155,37.16824327382504,37.25677093839019,37.34125291531208,36.50297714678732,36.98724431146594,37.42753734995724,37.84178731886685,38.16978558077927,38.51507676811058,38.78442766585536,38.92786206692303,39.08592687870888,39.20136094801406,39.24742126840636,39.29029691879053,39.38132540784965,39.7293439871409,39.80107615452268,39.8442916874253,39.86129913278004,39.876033713422125,39.89613929171592,39.91252812288507,75.61873878281261,75.60626050450196,75.58657852816951",
    "75.58102342270998,75.57772939809159,75.5712068524641,75.56761274445711,76.71911351455472,76.62307614112734,76.50034233627436,76.33868756088732,76.19840095390843,76.10204035083072,76.00366691880667,78.67395991168189,78.4928379977908,78.32871804739052,78.2166932998087,78.08471128981851,77.98934416755192,77.9186076477662,71.43600867238398,71.52081925720607,71.54632925170203,71.55140182462276,71.52026783968847,71.46551083217203,71.38495200513282,71.25377392471502,71.11491463340457,70.9454418692901,70.77290437921663,70.69446691385143,70.48741411294876,70.32951078995869,70.20234202648176,70.10302401569913,69.91606412956136,69.63484617343455,57.9843623336148,58.15250642565502,58.307176680537246,58.44851688380189,58.56962803663352,58.652342534198254,58.7105743874119,58.791327266409766,58.86410703379153,58.974086826569845,59.08030176132737,59.155534774333255,59.283175012407,59.4160413291668,59.52688568478445,59.69336965435457,59.811142387419295,60.103005322187975,60.73746272040166,60.89343035674205,61.064092511077945,61.18295141249607,61.282078575548056,61.3284772292602,61.38338019642808,61.440457139508,61.47585406056016,61.52440955088152,61.52726755838576,61.57279968237376,61.62613552640538,61.68966113180692,61.89714473273287,62.20722264045229,62.37293701808143,62.54799716356951,64.56025844398125,65.06295969586147,65.56311168633695,65.99232566370155,66.41804707917396,66.73158603037993,67.02731929604292,67.29330523659402,67.5114877339918,67.61177522014107,67.66784487496406,67.74361281119259,67.79011088547641,67.79862019201634,67.88252472886482,67.93102689411947,68.13849426969803,68.23287226013859,65.70851895917409,66.05816561392389,66.5074863787108,66.9346764932214,67.36982928662759,67.79868931746446,68.33364422638536,68.77551672380031,69.18485823109187,69.53122151081278",
    "69.88992269442345,70.16207625585456,70.50821314571486,68.23593075632691,68.39529259935314,68.53295072908783,68.68196507424186,68.79815100618488,68.87381450807865,68.90319732637205,68.91874161880688,68.9023272648092,68.82787654748753,68.70431075164346,68.59374340287611,68.53529512686163,64.00168763623323,64.13375009206293,64.22552415120143,64.30831288853533,64.3327955784151,64.3418829748439,64.29227328229632,64.20555121074545,64.08869875997259,63.9680818343275,63.84087169531692,63.73263399089177,63.64948445949032,59.62717090744574,59.80726349663615,59.99842857974839,60.18973122229404,60.37256785359765,60.577245675916615,60.767763390331474,60.93086834054392,61.03742602095005,61.143197857288776,61.23339949011962,61.349196224482206,61.45716541592275,78.48810672996015,78.99101334396171,79.53094735414285,80.09116906383053,80.64062554004065,81.21468704000536,81.81179153417713,82.46449195285736,82.99367151962828,83.41850104400507,83.91427400953212,84.34517480455875,84.66287479477467,74.90388591000757,75.23032255445358,75.51004524584594,75.71803856264361,75.88598636896621,75.92919759269276,75.89954805471501,75.82541654330133,75.74997393132573,75.62337146059696,75.49863300424332,75.3203900410265,75.13447147888313,73.40302693452773,73.58161751268457,73.70464472398818,73.77602084968557,73.81874420946072,73.82729720636657,73.8007354021738,73.75903860239244,73.67414814634186,73.57968847602515,73.46855041207135,73.30248367284304,73.14064114900577,68.79385272992175,68.53593152703104,68.2551913592907,67.98284647407642,67.74322029675129,67.46761330937281,67.10866072961065,66.76380386791158,66.4175325578224,65.91332081880054,65.54629670893554,65.05964265631408,64.65499017239458,64.1862668209476,63.77741726207969,63.1982047458252,62.61617965201086,62.0823621479368,61.39217452879643",
    "60.86789849547134,60.30993519524959,59.66877364430268,59.14512244535437,58.43799718441668,73.24951332522514,73.4023819629091,73.62009434508198,73.89669388207689,74.15560284236419,74.3847672878799,74.52319546300787,74.57422881880417,74.73036485515878,74.77674639105246,74.78775146815623,74.75959999438942,74.7076663224959,74.58798488302952,74.32271006995688,73.80193582350195,73.58024307426061,73.284618057927,72.84998359511546,72.68228777368873,72.4155145930002,72.1678424332232,71.86862087577671,71.71075026065515,61.65804930112392,61.3629570789516,61.00587489197651,60.70035677733106,60.42465142932328,60.070953112151706,59.79403873497353,59.57719243300176,59.261779146327065,58.97128992801277,58.68803197486266,58.49253459124786,58.1879433636188,57.827346102536815,57.4422638406427,56.95016617748736,56.595543647564405,56.31971225027244,56.027761896090986,55.61974598973501,55.26068362221615,55.13198044883619,54.9053096270286,54.58009950857111,69.57667689435698,69.17709213290271,68.8055561086862,68.46877919455166,68.19689777748722,67.83981044397284,67.57597032115785,67.35258759883136,67.19393716945157,66.91766979072932,66.68791577520264,66.45158947744955,66.26322966184804,66.03429768512076,65.66206976369864,65.27547973891858,64.97467071174114,64.67111322822058,64.24483954324032,63.67828969627739,63.22117587554031,62.86550420559634,62.32889785052898,61.81517801298149,28.99658852041189,28.874472970826663,28.692177125360548,28.469453744267216,28.212810270562088,27.92019356738303,27.61473972731644,27.3668035581446,27.078953890493043,26.845278018228004,26.552061462570347,26.18677540720308,21.352233843990973,21.53005520924428,21.6862188297226,21.870953680918465,22.03334311907465,22.225568981580825,22.39698410270407,22.57399746491924,22.7466254433902,22.92957694629219,23.087041419859982",
    "23.268517126729243,27.92461593911441,27.974728860023635,27.972586625257307,27.94618590740408,27.91082563113552,27.85982237343501,27.777734914012523,27.665200411047977,26.62067161818876,26.580195129835666,26.51336625644746,26.42768275594648,26.31994922984196,26.18431713905875,26.07608544697362,25.93079039797797,78.34273663342015,78.14836237308488,77.96316407038083,77.81434553048283,77.67029704459598,77.53076128645496,77.44872644082373,77.43968639021054,77.46219241448912,77.48826874215983,77.56628856147319,77.68568067248754,84.85646986879178,84.55150500617768,84.22473095949132,83.91896199496438,83.60997549253437,83.2611848730277,82.86367854693626,82.60187530994016,82.37766931520436,82.04741142320489,81.70045995516337,81.45439883549045,71.49833367761036,71.59201416814452,71.79212759395769,72.036595755038,72.33559671337208,72.69652462683202,73.11798564031008,77.4968063689908,77.25382624686756,76.99600048573691,76.71766320541442,76.41788119244464,76.09496519201936,75.86344621548457,75.50269908063473,75.34359146540075,75.22647678158505,75.1356025266274,75.02297472922795,74.94926517757742,74.88552655633012,59.60144372553536,59.43920714886986,59.31282869316349,59.258517920648615,59.26294862512668,59.33928516138636,59.42817825933535,59.53019257499543,59.6412043068594,59.86307638078847,74.15750559033648,74.13729727605107,74.10766044148025,74.0750740881382,74.01131837042662,73.92494298605776,73.83187481969708,73.72249274664593,73.57293258170047,73.39364668981085,62.8128828688493,62.79902257845725,62.851359705515655,62.91188485635267,63.0194351524602,63.11936925619064,63.27838601528369,63.46217106258778,63.69316688626683,63.90258594569612,71.02752074518831,71.01969154776152,71.03210773851724,71.05194524777613,71.06367059654164,71.05825750610099,71.04925532437025,71.04670067584618",
    "71.03659802047967,71.02080478890001,66.98534497320797,66.6804455197707,66.40617871596507,66.17175453146328,65.96418653132879,65.76849222508926,65.50633366765832,65.37700855762242,65.30489493395302,65.21593047224478,39.888199919461385,39.91801076390152,40.01289834347843,40.143665869297735,40.32876695494364,40.51917952864264,40.74181273387833,41.00690829560569,41.35107958350862,41.659917743053,56.235032561903424,56.44066057640309,56.68201963145254,56.93906887092082,57.16933699838419,57.35773142086392,57.486370576244525,57.56225254886774,57.63077872526065,57.56954975363978,54.05677241269896,53.88382926587335,53.67527049610417,53.40471745101821,53.16405626719098,52.87069071015877,52.46562410619052,52.10412815039842,51.75881114174449,51.38724340970422,45.099340932918224,44.910263087344745,44.73469914167276,44.62223287458316,44.54334836573217,44.46283548299853,44.455554209947614,44.43661693147063,44.39553331323359,44.403313853529376,46.21481856563468,46.170285979567225,46.11463127545264,46.02570315260785,45.93232668587987,45.82858897233967,45.6539494068763,46.655062850193936,46.69074736118434,46.71246279271582,46.73279549075206,46.74097158901883,46.71853193606107,46.71393241706823,44.667636241205976,44.60396567468981,44.52654066027033,44.414185809080415,44.30482149058661,44.19473401684094,44.05922330045865,62.19306150478206,62.19288754094978,62.214302425870926,62.26349737079765,62.31761357338189,62.40889863218658,62.47179878259762,62.615655718982,62.79463599755032,62.96954526506872,63.17616738602213,82.5176431714469,82.36402188633349,82.08119480098848,81.73617618133775,81.28475617775672,80.84087008221803,80.3373269561813,79.8848067186915,79.44245675644011,78.97935946307254,78.49177613192265,68.10979057646783,68.31060624944385,68.48575181090793,68.64182744038675,68.81006017532965",
    "69.00403032144973,69.13986826726692,69.29562154913967,69.38586118365501,69.50000376263337,69.62390213688964,77.74534766723868,77.85714726904243,77.88617768145514,77.88312425242161,77.80747926302628,77.72380322591522,77.55932440640164,77.31319850166823,77.09637908739414,76.85044344765724,76.6069269465045,75.7185700990311,75.80285893367702,75.83427569510567,75.83591758925286,75.81670357692236,75.80370292166796,75.73343788423084,75.65001791908328,75.55203704470952,75.41177106302618,75.31000510653581,49.7204570841046,49.738177030650725,49.77308587062635,49.82550670176997,49.871204243206414,49.94618148419324,44.5717233267689,44.45044677483606,44.24273419297644,44.02264013123687,43.78659558428774,43.58991259096918,51.871403679071925,51.56798596495037,51.32311781501338,51.118928292711246,50.88928267127469,50.67946258532731,15.032785922982493,15.144513238402803,15.278353329356571,15.461422097696731,15.66928429597164,15.925031878780745,16.23502690316707,20.93454680750376,20.830633552728624,20.69093908791528,20.50886509554909,20.333464964812933,20.166569355984155,20.003464513862536,20.055959371415938,19.876381187336325,19.694282009900704,19.53949195426545,19.35654076260601,19.22717755339835,19.1481346561911,19.956219811743143,19.7260686683848,19.531194504269063,19.414549494456352,19.28724510818868,19.20917183145311,19.195159674946154,8.797118923015665,8.794569693074662,8.783312634106977,8.784929271147863,8.776958824986293,8.787196870458557,8.77658795177956,8.785759166171559,8.817754436794544,12.51543201126501,12.322857225503364,12.122195054018828,11.91004290469283,11.659075724894596,11.406251222809876,11.219929554767946,11.078501161993088,10.898874724134927,12.002381854133466,11.957387891262288,11.909053999707416,11.842337335392797,11.774412103172413,11.705436434533205,11.591859963968972,11.534369799470367",
    "11.441656563914034,13.50940146056366,13.242157799973404,12.978542618382178,12.717440117828918,12.43913631709052,12.161630280160468,11.923779678507444,11.771084585718006,11.59038093413473,71.09780113248712,71.06220738894993,71.0543376342979,71.08018487139371,71.09510788797108,71.14834587977975,71.21184192057822,71.90490516876676,71.91009486630188,71.93606334479655,71.99277858058191,72.04855232775857,72.10232304374195,72.15645255301358,73.40779641734426,73.24861476507935,73.10803001550043,72.99946210348806,72.86918184807783,72.7728570872444,72.69765657298258,60.48164216890586,60.45831923006051,60.48805762170165,60.55525445365706,60.64461858348763,60.76224467187886,60.92107827613909,61.12812342026377,55.66561354833929,55.2277353340174,54.767115579432144,54.37839380737868,54.00634178489124,53.659942859729824,53.33413515665216,53.09485237024172,55.79404370558224,55.791862080122215,55.814217672087466,55.86740195703446,55.93262485736905,56.0269408605438,56.11455465748687,56.271510035306456,63.99852298654957,63.80999041981871,63.64037743512467,63.52145787881452,63.37760714309197,63.26548718615896,63.1898024524968,63.14908804062533,61.80070226298564,61.74995821877752,61.73321944917668,61.71405512845965,61.70570784543898,61.70996089635116,61.69981778910928,61.729232554545234,61.77831740362163,56.43810402562421,57.20923273435602,57.99476990647017,58.77217735527509,59.61587088041313,60.321685975488045,61.10218372246111,61.97280475480479,62.78741863727621,63.635377872611,64.31872572483401,65.01162115660932,65.64907184444425,66.27414165523153,66.657792895869,62.53823022215072,63.12125357206873,63.734118912053255,64.33511300903865,64.9568435612225,65.52051303896235,66.15528581454801,66.7908564886568,67.42040278062915,67.9855310439539,68.58581823344637,69.07537528475675,69.48936858632824",
    "69.81330385545004,70.05417976472785,51.13456631260095,51.55855051282969,51.97071433865501,52.37340407047554,52.77957397457193,53.19816413989327,53.59592105058676,54.02333380495537,54.51855636636029,54.88738796692148,55.25041998437324,55.60191126920455,56.00609441875848,56.23751624548616,56.57056467121448,52.770090507337535,53.196051115536086,53.5997947967988,53.96701172604024,54.34185430894967,54.734913259622616,55.10278989222431,55.48211019025452,55.84648926387223,56.1569089279266,56.43487285925215,56.68008895059686,56.894441242465554,57.11191695615003,57.40340319749986,47.2905982525108,47.4390875318367,47.57528501640471,47.74172539327871,47.89055208194167,48.00211446937698,48.06250461366727,48.08804180610208,41.74980691795034,42.217789970436506,42.68185843945811,43.22744046061103,43.69584942452664,44.222991588859465,44.66176749176095,45.06220820530384,82.3944120578086,82.7331409060214,83.05682329628345,83.32083494585575,83.55564295157023,83.7234320767397,83.81562135599584,83.80508025152781,83.77342798210228,83.74307970524026,83.69956347022723,83.64051653117316,65.64573595940352,65.84971354624346,66.09639386384188,66.40770003030315,66.75504219196982,67.10717102272447,67.46330437552805,67.85853077602525,68.23472785563816,68.6279197161073,69.01891072917297,69.45663687874762,73.16699193365672,73.7069160492506,74.24218720335253,74.71633963886548,75.17205167211424,75.53740384678632,75.88363568615446,76.20742822922907,76.49270377796199,76.61863761873978,76.69767246819265,76.79543423276245,73.24579745849204,73.76490147882333,74.2689217327783,74.70511231175942,75.14255386448838,75.49126480979274,75.8781073948123,76.19434383387383,76.50066528627276,76.67253177059898,76.79252929023947,76.9172008092581,93.94434549349002,94.10418654339396,94.25062706239208,94.40742187789805",
    "94.55291610114324,94.68225466360936,94.77557216684612,94.86312944057896,94.9256549897258,94.15396793771151,94.09954851482745,94.0396331282168,93.96611092573444,93.9045841442185,93.8353885407806,93.81726881926755,93.80672611611156,93.77442371247294,102.4554372346552,103.1789297813146,103.96992535311502,104.744069462301,105.53022161129157,106.20376990707284,106.98937748819796,107.85330752897691,108.72425056417164,93.12111548083666,93.32200211514684,93.55925006234648,93.82780448644316,94.09261061349828,94.38699305284077,94.63420111126857,94.84814470559812,95.02417530953986,110.2157097206575,110.29005531882363,110.35766862919829,110.45078164618312,110.57554092284694,110.68877343410811,110.83161618624332,110.94917851824091,111.13704842118554,111.32025708734024,111.45515895352992,111.68300000486414,111.88697417663812,112.04864150910863,112.41667857312773,112.67915461188936,112.94310862288955,113.18396915327772,113.49307342117888,111.66895918029572,111.89595948605036,112.1420469941466,112.38678197749606,112.68590623149076,112.89271358397916,113.19876736642014,113.5433823742335,113.83952479251894,114.06131045012296,114.1849205136317,114.36852249934664,114.61742846879996,114.77529604215412,115.0085646685604,115.50078770323854,115.6784695418573,115.80159100912168,115.9924966805017,111.39600907812398,111.73059098798872,112.06129108692996,112.33441674393416,112.6029677007408,112.82383265200754,113.06520461481196,113.32391983089634,113.57144705525808,113.82878613272496,114.02629999235492,114.17911956066057,114.40091161319458,114.5870034628804,114.82718860384036,115.29531588919022,115.64415366138957,115.73928901691562,115.8695552706904,34.205744282948245,34.684787713908484,35.17632911826291,35.69202823094305,36.158685559328696,36.695274126922286,37.29290681231428,37.81777714453622,38.34825543076953,38.8312978389938,39.3817101371511",
    "39.96546895258083,40.56741287456854,41.25887266997234,41.87909489063825,42.58148580228036,43.1325809272975,43.52934582839523,43.94948163473156,44.41877468922432,45.045270154988586,45.775741544168014,46.337753380035565,46.890758246724985,47.352107562702855,47.74652982664077,48.22873716791659,22.607077516631207,22.93747190908512,23.28149545792601,23.641888756296687,23.971683620619288,24.25906455176636,24.596389307973585,24.9064553190062,25.22963568661396,25.558461894872583,26.035596298154253,26.45966415965088,26.87168820368068,27.702104901648376,28.342337016256685,28.952408349581138,29.46439442416176,29.89803153462805,30.551584961366032,31.34303490102372,31.746306877627354,32.28480288179292,32.8551486679644,33.46703602006831,33.89301991493288,34.4190162977482,34.89360887763967,25.919350097916382,26.453541046764865,27.049731390262977,27.664254711664267,28.23597984297516,28.8943252443304,29.63341062839767,30.31395599138545,31.05146042321892,31.668359552715984,32.39554145480912,33.198185683883466,33.92472013635195,34.783184054095216,35.5049000972133,36.25084709690402,36.87176199657383,37.64285707023176,38.46815998877255,39.459436145803366,40.158601105669376,40.74849465450055,41.3706492668083,42.07105369086894,42.61825294297149,43.17061978690823,43.7413934019449,27.005679233381265,27.19177934673517,27.405807328930848,27.652833950353955,27.969794858929124,28.214447669886425,28.552342142984568,28.960224865915304,29.4526269007363,29.83584933288004,30.23517423903297,30.82733597819445,31.45579260415616,31.985508881248908,32.48052279271542,33.131735288076044,33.76984287956766,34.23207223593409,34.80525427140937,35.36397326706963,36.02801639833438,36.55209143352026,37.2761753475784,37.89858644105466,38.49248467665443,38.96826936401003,39.41689555359787,24.238407607351355,24.98795300273732,25.788737150645748",
    "26.64018977844356,27.46202825496242,28.337208922775915,29.26316835625274,30.1187634865055,31.041650215838352,31.86025110107559,32.701943008898034,33.61870165692092,34.594867788154225,35.42322304948142,36.1847468744888,36.98043663217588,37.74020917526203,38.60449874212166,39.402938936948345,40.12691592535317,40.88270723907311,41.683780380643086,42.28040637219598,43.05256270545747,43.84631816590229,44.5813827600215,45.233517107521095,61.864991000665015,62.57056349016596,63.36137383194687,64.18966537238852,64.97451710637829,65.8368599772268,66.7221759089355,67.54785867666732,68.43261186122947,69.23428069486603,70.02961856692176,70.92417554046027,71.86502481747917,72.72853910836567,73.66997046120458,74.50810113451782,75.38688195843518,76.26003945213621,77.12315641991552,78.03177305470558,78.9378651019512,79.83610667261205,80.64904432527787,81.5212708382012,82.38763910591248,83.26501539852637,84.07790028936843,84.95497740005618,53.325990714076696,53.59635559130682,53.91542174216608,54.25005884876691,54.504033933344,54.84296549153834,55.16318737762399,55.43265501387141,55.74613100090998,56.00456492045583,56.31340437154343,56.65268632122277,56.9823077781933,57.45886622035,57.94865295383808,58.608521971129576,58.96204178046367,59.26064857547957,59.63728571847284,59.99608381410689,60.54234203692396,61.12163124788152,61.55656145814783,61.95149099933221,62.41969149593348,62.94461974412428,63.39720477829891,63.70688499331326,67.76924904811634,68.24248984436618,68.74051098058024,69.27068820966042,69.74302180370493,70.28656559703471,70.83452898916063,71.39566783045427,72.0901984544534,72.63917129129705,73.22167910231342,73.8857940199612,74.4475274967921,75.45003659495463,76.38607541122319,77.37333775011457,78.0730008809742,78.74923245152334,79.5455435594166,80.43851752688833",
    "81.19120648604826,81.67947101359891,82.15990264228506,82.9780589570442,83.53651420249221,84.1925977424433,84.92548172783816,85.61874710258229,61.45810830304409,62.215020010579885,63.059331415674016,63.89721651662619,64.69720858827361,65.58189190447268,66.49121819512868,67.36274361436587,68.23187046931534,69.05862792851974,69.77720911194235,70.50955908616365,71.42797813612708,72.22177559289916,73.18728924787305,74.16594375340401,75.0914085813137,75.99510316760637,76.86306536425654,77.75802967111971,78.72182578171973,79.60787483954329,80.42178049241836,81.23270909531095,82.00538180533579,82.85105292836924,83.76219734202722,84.46316659791158,51.11000238970202,51.139023608771886,51.1835235618289,51.26132642242063,51.36243147911195,51.48873224038836,51.67260845576428,51.88499637791213,52.13151619539663,52.42945675866154,52.75842361342714,53.13967180399608,53.42305461690472,53.77332600132178,54.05998279248195,54.326569197019296,52.45357111996264,52.62404550592686,52.80614879446143,53.01545140361984,53.22637663236677,53.38375042531541,53.54428390442029,53.71648995263028,53.88847569734075,54.04026843199379,54.15351207191267,54.35670836954859,54.511645039186405,54.67312473789743,54.97264123999278,55.441687731119536,61.14350440512617,61.32251140622952,61.54388263814755,61.75370397914108,61.95324775551644,62.10139005806932,62.18323196074977,62.33004014266864,62.485967985316925,62.60253319707451,62.68909824056178,62.76643315726865,62.86817585067588,62.96116546531314,63.08731498206017,63.42737503096488,50.83933448394777,51.431826542463526,52.04514403455359,52.65951827980956,53.30314389476847,53.8528796311037,54.45258362567034,55.12385116511249,55.86475528773484,56.45366147527941,57.05635181225483,57.66173830435586,58.24571775021067,58.71402172292792,59.22151645200381,59.83228889774787",
    "67.24128821780192,67.75367768975649,68.29820993934955,68.88249887244918,69.5107844397321,70.10399822095563,70.80154453954012,71.39433777400815,72.08250141038198,72.779224719025,73.38655827796927,74.04248133049369,74.58918456480818,75.26791795029027,75.8714522400896,76.36922855577873,76.86412371073489,77.41692451439806,80.28931139383249,80.68884973776632,81.08512781499958,81.44868290475578,81.83274160124198,82.15188687127734,82.4535191899817,82.67957186006801,82.93726728897418,83.13785227026972,83.33511658236407,83.44405765833831,83.54529499386521,83.76712353833983,83.8630835836629,83.83671178835544,83.84590927132669,83.85048887052689,66.34998146506774,66.8862011370849,67.44449997610829,68.03353587832211,68.66525376483833,69.24289746615426,69.90438859816366,70.48866995878613,71.11886820888718,71.78709852451256,72.52394371071685,73.22378268938843,73.77046563689838,74.48217308831332,75.11480354306937,75.89550190138382,76.45454783213964,77.15240013948822,40.029568020450654,40.5783260913057,41.16995534778964,41.77921775489708,42.37467487963947,43.0111756506544,43.76945294885343,44.41151745620624,45.0822966980025,45.784944448385176,46.53259603117228,47.23120149439743,47.93785947642071,48.74006152794115,49.493809917198725,50.13747711871035,50.7720222978845,51.54929166602863,37.906133389677954,38.097221748183976,38.35812074933612,38.6325123925869,38.969269050765625,39.22619958632331,39.54777495317602,39.97314853273347,40.429046783100766,40.73820775424962,41.02087350026655,41.37107565644001,41.81479601077496,42.17080172591908,42.63847758707671,43.17476259951974,43.510309765927055,43.86591442966448,56.18899663544364,56.59810564899341,56.98419332631925,57.363794261802674,57.74604107193502,58.10886475740303,58.45576385982305,58.71910684976981,58.969530657442434,59.20676014035062",
    "59.430149481577786,59.61606478353929,59.741582621267845,59.96235436083638,60.1187588040949,60.34407051535995,60.36728074931608,60.48073064267606,39.482193969332165,40.11468134212221,40.80351507013079,41.50783597793316,42.208276670767006,42.93304554691009,43.76269932734196,44.44999125713466,45.22681829547939,45.944798139939394,46.69474667488408,47.4624035653726,48.332211220178735,48.916150466996456,49.55920018909936,50.07692793465972,50.62522267067679,51.36884776086442,45.84890766597315,46.34398675513998,46.87625306901421,47.38013485205877,47.92662206711473,48.47588165295101,49.01566313004695,49.586985083599046,50.17207709991156,50.67126359436825,51.07249706184599,51.476487393744925,51.91484649189941,52.25790826024561,52.49288019962625,52.993494533885055,53.40420225731789,44.21340932480236,44.22115511437433,44.22447010606548,44.23281205213287,44.25497987227816,44.27582167544428,44.31831108409448,44.35440185755594,44.42823173822826,44.50535389904324,44.593547998898586,44.78402748922392,44.94120795382655,45.11685652999165,45.46577993911509,45.69719094294501,45.94039569112427,42.73545621635877,43.01265589046958,43.24261956420307,43.38697200651858,43.53483383546857,43.60768992482138,43.692916201387526,43.75960647296701,43.87509302823956,43.92667331777221,43.93193910009248,43.90796769689668,43.89839542466591,43.91724387519773,44.07268289103754,44.42591466047784,44.60017806961117,55.77319463313202,55.20222536031526,54.63154750577007,54.0421659273451,53.44395927534543,52.91545933541032,52.3938570422614,51.86901797588209,51.31460376258665,50.98661307149322,50.57254044102035,58.59465671721964,58.51775940299672,58.43741946399999,58.35529249579814,58.29378898116878,58.20620512347776,58.13614667891994,58.09020920352772,58.01042777659036,57.96298195058275,57.90697070578804,59.3788088397387",
    "59.10527843038174,58.81993955449122,58.566212218221175,58.32269067343189,58.08594509781005,57.888134536468776,57.69014339620932,57.55103045445559,57.41997078659949,57.28283224457711,25.24612148916488,25.78371053874444,26.351367542216643,26.870430782679712,27.37876916293116,27.767938198080905,28.16819539347985,28.554766844050235,28.96938119826504,21.91619471187383,21.820222695296675,21.684841304014835,21.51777834073102,21.37405225813321,21.26966868501662,21.15916144312837,21.131582745495027,21.121271514530594,25.89190340739728,26.11820060336862,26.373647104722235,26.62948359009405,26.857303905406283,27.11271710629331,27.31609880005853,27.457839142187456,27.596766299859155,24.52420627696431,24.98155032385076,25.410322126700315,25.81877963572613,26.1527544241642,26.44281929022389,26.752019964346104,26.99727916746003,27.128355880506582,39.43432019457737,39.83014472823261,40.23682585733397,40.64978824543015,41.038804880546,41.49711637485368,41.85010415269277,42.07045863188517,42.29373622791846,41.06618527927272,41.35916838071584,41.64150746416263,41.9232858209895,42.14477065683691,42.33625985220143,42.47466076908942,42.54881622852045,42.59713934227537,37.9699929111383,38.15360956742607,38.31621306852257,38.43551234459567,38.55224404519057,38.68797389650279,38.8029032039926,38.83464628432714,38.89036788833489,51.89721595202707,52.11271249314991,52.36590263828755,52.61682521126332,52.81541366720493,53.007114085248936,53.11330756103727,53.19195318255378,52.70799425346799,52.91668461127577,53.12638570978385,53.31404493301758,53.44097673009818,53.547662515869256,53.58721058229749,53.58459492399105,49.71599353614853,49.87401211399583,49.99706237341245,50.060176418629794,50.12579421446314,50.18640230335146,50.20787700224965,50.19491140552723,82.32112525715316,82.8792689131854,83.53613101279711",
    "84.1770267289735,84.81025754108347,85.55700074172618,86.34375391622957,87.02706599651411,87.84809207887028,88.55412968009136,89.36862734133803,90.16129793092465,91.03190707246786,91.84923187403972,92.64024779985031,93.39240159239648,94.0695574687745,95.03567612973887,95.7403031332896,96.50377736446674,97.39902720905916,98.35346207475708,99.1765059452384,99.85353858092589,100.56054141807314,101.3901572786956,102.35564576858056,103.24109798272671,103.91935997430298,104.58289789887796,72.57307544041646,72.52513906837498,72.43944579756634,72.32900939586074,72.21733358559676,72.1255601509997,71.99578244824264,71.94829894230183,71.89414433733963,71.86753376015079,71.86159077878,71.79111582805359,71.77975659263691,71.60537154329097,71.74299604517316,71.8210662394713,71.80279579146844,71.85889852666921,71.97046404584017,72.09038456421503,72.29015318826276,72.25800183558063,72.37675344773267,72.48568637765285,72.60974183605927,72.80120461219425,72.97414256777664,73.07270889799399,73.16284198474075,73.39295953437087,80.86328130635775,81.38668774633383,82.01104981764976,82.61649396885495,83.15810549020469,83.81323633873126,84.54183569832898,85.14117768368223,85.81907750714583,86.42668769688454,87.11576471873042,87.8119634550259,88.49080447886077,89.1409324877831,89.78886564985922,90.44134495719588,91.04187831025564,91.72935108612538,92.1947198809593,92.73909036105918,93.54736985879872,94.47437055777132,95.24867358987125,95.89685742751612,96.57891327760548,97.24604970526693,97.7971741709185,98.39514847378626,98.95898264100254,99.52120277952348,77.06978772670888,77.13160459288731,77.18286072289229,77.26278420652191,77.34382715502414,77.38095089123033,77.50562627716619,77.65726566271238,77.76844965515892,77.86212452965268,78.05499179815706,78.22840979535344,78.38180280035812",
    "78.66610517302847,78.99517158095715,79.32991285521842,79.50755674004716,79.79594612822926,80.21626567558323,80.68204015878032,80.93657887426868,81.28148991350501,81.5383378179321,81.76619371156826,82.07628223529161,82.48789314682527,82.83677853862389,83.13950978791473,83.32919466742062,83.65469589804017,73.00001932233917,73.16389196630183,73.33281120360563,73.48433700087537,73.6647361602883,73.79892958486036,73.94924074124032,74.2037546692606,74.47958531904058,74.75185711316057,74.93561559698419,75.14556864793649,75.32479350273127,75.6516553233472,75.98344424440147,76.50105374092034,76.91072619592252,77.23062209081176,77.45932535403826,77.64889588654316,77.95094110483436,78.41831027036139,78.79019877419569,79.13713130708214,79.48989088522636,79.85617848258244,80.06106458360736,80.29501595408155,80.5108819294956,80.7850804850111,74.59668920305916,74.64546684447396,74.67091800638286,74.72622629969342,74.76646315277988,74.76951268129213,74.8346996624344,74.90566539525123,74.98870115627251,75.06067627544725,75.13594183224608,75.21681406013285,75.32246554798833,75.50572095316879,75.77754187698196,76.11202989974255,76.25236952773024,76.51801290103325,76.85614454030627,77.21874123496664,77.40819030895865,77.68384912868333,77.95978714414086,78.14989436264847,78.36518079177341,78.73236111479846,78.98563301838111,79.30662869425733,79.49772921482115,79.82524582453533,91.49373328390357,91.87152761978626,92.23636721739692,92.578656316223,92.94440459959677,93.25061356633655,93.58853080130991,93.97622419722067,94.41041855714973,94.87168720677444,95.28244386798988,95.6562216406396,95.9366566669792,96.34820266092277,96.8966674814263,97.56027350587269,98.06928822299214,98.52167014621546,98.82800567920384,99.07675937289422,99.46831824109454,99.98179899062288,100.40466390409574",
    "100.89343326268198,101.41348460559496,101.80682012420768,102.1589949655676,102.48191590241066,102.67228274799167,102.98119743383164,81.56262633366849,82.21253788686069,82.90883756459732,83.63725738027775,84.33569802021839,85.08554026247542,85.84341044786595,86.48271553886569,87.20012251785985,87.86448524218939,88.6118406078192,89.25654479530175,90.02199719733939,90.6797878698727,91.34219433318724,92.11966631851207,92.8365782480261,93.64683546518312,94.34487029481954,95.04185498013064,95.87938496004172,96.8324171521179,97.63815680644356,98.40190079387916,99.12587432300892,99.98197654984476,100.7634189724096,101.55208846763264,102.08451956602195,102.63382702407613"
]

# Y Predictions (chunked)
y_chunks = [
    "34.38849569676268,34.44957826185388,34.50878024679623,34.6327715460469,34.766951963788124,34.98739357878364,35.25231170348667,35.53589818579393,35.9358166224795,36.324055776086965,36.77715961083658,38.48040934203603,39.06178360236038,39.661970268280335,40.33365988762149,40.95686067904831,41.65501903437728,42.339149434956944,43.02220446872381,43.68367736419881,44.3790059129645,45.00653053228223,39.7609139978007,40.41242788534687,41.06493599168461,41.77981554738251,42.502074246157584,43.23702813577234,43.87436123536251,44.568857176051694,45.2904432942359,45.81976656584373,46.3193677657261,12.200164923049943,12.28390378208022,12.392703936837856,12.517437187223534,12.68391790124429,12.83380249957996,12.97887179284742,13.122773601218745,13.303275882078797,13.540531016865948,12.686051224858485,12.782735422467445,12.930985419436436,13.069228280695242,13.258612837731013,13.458384248690557,13.586539678536043,13.696474215237998,13.856188502770271,14.045725285177332,46.72887040050357,47.0607523263954,47.33475861013336,47.598977545504816,47.90973406295822,48.16851587054191,48.42607116978186,48.57857437649157,48.91148187276429,49.08564949369234,49.17450150225417,38.357943299642976,38.90649614405255,39.50151399871381,40.09428026288054,40.70582977315821,41.30688393871554,41.91344849044423,42.51868021631733,43.03066259892661,43.54463419839044,44.08916071100139,38.57511653095392,39.09954764548543,39.66263207325887,40.21765815045656,40.75091678729245,41.287047272108296,41.90230300729117,42.39008909883755,42.802387765523946,43.24147933170787,43.524072022277615,37.74671240630324,37.85443570996543,37.96088882487064,38.07517955491949,38.120336865059286,38.24583119289431,38.30521615878829,38.43874012377591,38.55681357467244,38.71351138505131,38.79840359523496,38.883665814958206,39.02171270346105,39.189054983610845",
    "39.35036753499922,39.49485073961403,39.6676493276101,39.77038396321851,37.92179794376807,38.36243440168443,38.84988967367707,39.34985947165328,39.877203893980656,40.450592244097216,41.0401083454043,41.73163993648935,42.36751134860337,42.97104397049306,43.68552013935185,44.40034626515036,45.12230197925776,45.74383203126483,46.4577415374325,47.11633850897401,47.67847033375987,48.27615807878127,42.19393535701308,42.39650975743373,42.65820554157767,42.947125768846405,43.23889398399164,43.64298422433963,43.97453776767333,44.35194401464979,44.83843566991036,45.35942259995669,45.78778916914727,46.20175172337389,46.67745783903593,47.12785135766813,47.46143997334262,47.731068376420026,47.97869942785856,48.39252073212212,44.72728472396761,45.05566082157991,45.34245762705567,45.720236483865534,46.07321353483253,46.36646773762806,46.59119652989347,46.99049328316185,47.40645376596482,47.76638397716787,48.04683575713164,48.27854241985945,48.568392091459806,48.88313636250547,49.24850926699709,49.494767881022014,49.7121961779732,49.97531526929773,37.56816701263066,37.50484333822225,37.42939425524606,37.309237575025215,37.206614212604144,37.11931197450411,36.9616993215462,36.84895154168004,36.551672442862426,36.269789218899454,36.15011137424322,35.98178546289839,35.78174530557946,35.49858637923298,35.14835933365814,34.78488090447465,34.42298399578348,34.12113772002577,33.88410702122268,33.64435574648958,33.292255260627115,32.939908477921776,32.603922611487285,32.30708546041968,32.0220896810271,31.75796321423136,31.44981088479341,31.076785932435683,30.84282566323366,28.368001524491618,28.180536174014275,27.9410361659217,27.6576382786806,27.37104327550591,27.031081810019074,26.75641779527207,26.45180511649377,26.149561674998644,25.822153700815868,25.555877123551056,25.351166719222043,25.029426124786045",
    "24.805209707280007,24.663070778115056,24.48557611859245,24.410834622227952,24.33862025039036,24.16571072502786,24.01416072866396,23.86318391580433,23.719922505710272,23.612631013928173,23.50077121989421,23.412229819642988,23.39634063668993,23.34482926343133,23.24689611046778,23.21528035706578,25.25892500547032,24.93200910776048,24.64315667222932,24.4091887860233,24.213895131060312,24.07401235316751,23.92825418645702,23.79145217119502,23.605950641041005,23.380365305083167,23.33459786075982,23.240729196758103,23.20073271634776,23.17569469640909,23.150834228778564,23.14277316228859,23.11777391239364,23.10758922097301,23.020828840247148,22.975790594592528,22.91195909369205,22.82249959183926,22.76024180066965,22.726523584709323,22.70458746065396,22.69846447329931,22.674492032540165,22.636712679352435,22.62142303772554,18.101263247782576,18.30804263970329,18.47148223965494,18.67179275621656,18.86432629588521,18.99343975250325,19.11864798499085,19.395838741354684,19.70264685434943,19.91701780339226,19.987803476665302,20.142707934178404,20.261154774419328,20.40774790620633,20.680725605884795,20.93633837132048,21.04025302785405,21.250120766852707,21.39798777457852,21.57305778217834,21.70703397804348,21.872076579501208,22.00573475482404,22.087577522396955,22.18779764902086,22.28941813429972,22.36235675405576,22.45179251973936,22.526198936358703,20.56552628057548,20.60423864218309,20.6333259859788,20.64441141874212,20.6168727878042,20.60755840769449,20.525462321592663,20.458239117106324,20.43923418165352,20.409105435215103,20.333801472882023,20.30796774732736,20.34189896494477,20.35949729540817,20.34962523443573,20.357575459327,20.398816166671523,20.41730450448904,20.41698556443968,20.431387902780955,20.460364478189312,20.55294029548151,20.60826422702919,20.651541460826422,20.6994618202205,20.75559694549929",
    "20.81374749695225,20.886944112287733,20.93926647917647,28.130023593202377,28.73417394607776,29.346939316015167,29.95250129047684,30.540622221442625,31.11814656340928,31.675010195118297,32.21558137829405,13.904437614151732,14.083650582571645,14.368523224068088,14.69019176412329,15.014540696853372,15.41288583529864,22.22502894057676,21.97068560121068,21.68005361023438,21.340342649040977,20.988489566443523,20.6803282176338,20.319931525478783,20.207691528733392,20.091845748100525,20.01877994177704,19.92520219266073,19.79695168246969,18.58370230029508,18.42408319877184,18.189588084010182,17.953217016793648,17.669991505661088,17.361114401581258,17.040027756952174,16.763663627340684,16.419729700127977,16.076457185077427,15.81112914020111,15.57334696132818,15.342408837832163,15.181418630891947,10.01273969046527,9.660273972876988,9.325108001726251,9.046200914000384,8.772618087270642,8.528978651159608,8.307073895065532,8.21473944225727,8.145414426478904,8.105434590387112,8.091813771460345,8.101261252365944,8.15212347336807,8.152843418570507,26.133345442901227,25.99427878871583,25.80737080922504,25.605524324575413,25.357964921464024,25.047634376626764,24.69581193760092,24.36160917684804,23.89953961867059,23.40206578857316,22.88407989440549,22.442817334517443,21.95156000277193,21.46854170774616,28.93278520126987,29.09194074410678,29.15769921534429,29.209758896984667,29.15608584881492,29.053593144547737,28.899446477074548,28.490910142836167,28.019706907437296,27.58670036565796,27.273917317203217,26.97470669727102,26.628539473986773,26.22884952900355,9.291737580714306,9.270352885476898,9.271672542958903,9.327923064894405,9.4648849501239,9.665124966677803,9.88458848252459,10.119674095855324,10.453675616067889,10.888497839824558,11.171264715586492,11.53162282439584,11.85684144814793,12.147330581541762,14.476921360442658",
    "14.4266669776816,14.370868588752812,14.314851804935907,14.26560611006085,14.213983299706973,14.182834955527694,14.160178926547296,14.123256781128614,14.084525353929378,14.066471709681704,14.098863156184215,14.111012878255035,14.15573619280896,18.219998270392725,18.0756214220142,17.854366884876974,17.58712486413585,17.238875974132903,16.864152748732987,16.434759422257134,16.015695687331803,15.535130560663116,14.975604705606344,14.47612330928085,12.988514138879772,12.79093800639514,12.50577757679341,12.200814044437568,11.80855936978333,11.389772306281658,10.903866807849829,10.42542644349727,9.942004711334665,9.412490045032406,8.889433850940827,11.58660900801705,11.139748614510069,10.614515586655765,10.016735842291528,9.413570231032152,8.810752063156016,8.152772256021828,7.578708165982318,6.934400388594978,6.3268833507390285,5.745126711588683,13.388538105837736,12.84111169625882,12.24418035660299,11.610426157876468,11.008071934397025,10.362047581280764,9.775351022892394,9.105007552972918,8.472461900418962,7.860936578435387,7.207705743074227,6.573338726657384,5.941174248485524,5.3551590939802445,4.748867882519747,4.165421737232984,3.750503242104092,3.2295302811362543,2.7278819152071314,12.52829243895838,11.966394657925395,11.354608170116142,10.710433273700655,10.0925817229913,9.430105330934932,8.787152994345924,8.102427085946776,7.491891823449663,6.837458242065946,6.202989971584756,5.564964128592526,4.957550020601712,4.428674231137306,3.864145073124512,3.3343678033928725,2.937983657305089,2.427440215854258,1.8979559306597071,17.638511951699684,18.04415321259107,18.470284557145213,18.980920743232147,19.555816761029675,20.132698939818585,20.76733606981236,21.34659289052022,22.03806485462528,22.75645797615769,23.37522603215492,37.898001400410266,38.06345636954467,38.36867758041873,38.67495917908648,39.00673652174225",
    "39.41704296373907,39.75932187613891,40.07368859428192,40.55609968410069,40.92410204032164,41.23983149548497,19.038305681088424,19.51640017398752,20.05477912581201,20.62676640607859,21.175851558967388,21.77578786607768,22.34160257991314,22.96839931288381,23.569102982037787,24.14619823169592,24.79882471898619,17.088297054346544,16.952499060363326,16.800901210287904,16.617690037206387,16.401684962374663,16.125104891318717,15.822124566144511,15.505332378151945,15.033024631155286,14.521746343862652,13.991674824728292,13.521121035531053,13.055035156970757,12.414397822967942,11.788148951723787,11.15532659161052,10.341426234361876,9.61659952739813,9.081254203961668,8.579220328763467,7.768940957543965,7.118112902535438,6.391157953329309,5.872247898322888,17.111807453612432,16.616586213728365,16.061391908417335,15.483667991671467,14.91845752037174,14.32897781075007,13.77104969076832,13.164954567092945,12.63620966601203,12.019413635802756,11.368140450346823,10.872529879814492,10.513531480393848,10.010811470920215,9.538506020806784,8.98829346698066,8.541701723865073,8.04096473770575,7.665199883715539,7.33455587014245,6.952888518802727,6.573421511827716,6.216915156716432,5.869247604373946,10.991600381902504,10.67792491341268,10.404003751288196,10.110860313866358,9.816954114175903,9.517090750923648,9.313292942857474,8.837627641744023,8.333141039693798,7.876970734517739,7.587010276504998,7.268013263352992,6.872708216239277,6.46333774360378,5.946890057565214,5.550620720873733,5.196797134490955,4.889494562664257,4.57069126751205,4.275333174779826,3.885081243306489,3.529865692060317,3.2134875296977743,2.9029080198973,24.516266662391345,24.6548116056978,24.72578364288086,24.82669577668976,24.897098587918904,24.93863706394777,24.92368941778571,24.80200203951223,24.677066303495224,24.531446544215143,24.479187403621044",
    "24.374459738449367,24.26914083452487,24.149988366964543,24.103923797586177,23.90233877804197,23.711072488438344,23.36874180364575,23.16155800911147,22.97041055554708,22.676419599789035,22.27740825347363,21.856957924981984,21.572643830237787,14.534641602305111,14.149540671670634,13.731087988288843,13.288103917878006,12.779673734179363,12.235288909099737,11.74736561794646,11.07625511192942,10.455658580211882,9.84794910467724,9.189567163904885,8.557705549861327,7.95952782593319,7.357142703474707,6.617410879293043,5.892373352572772,5.282564265276475,4.748516655799685,4.197207743481288,3.5661688551159845,2.9430917093356808,2.4227280293461444,2.0283054927148285,1.553325350597346,35.26091077141259,35.71792827108398,36.2584503947084,36.71620861594486,37.26947219325754,37.79525410181259,38.3032465297119,38.75069162630106,39.25234197502851,37.60240564049877,37.46244130330226,37.23101227463596,36.97314947238,36.63995169044095,36.27298481340159,35.870882494585906,35.52345864485212,35.13647572252721,36.8977240854775,36.789579049971664,36.631790732829074,36.39174583379325,36.11258325808239,35.83790241966846,35.4630385628318,35.11029545096227,34.7658192773978,36.49184042667772,36.690892159433865,36.90301837315965,37.16189693749895,37.44706157577109,37.72987651150842,38.06415366616899,38.4729482183444,38.83817358656267,39.2768048233323,39.69797023152454,40.076365267355136,40.48428591418698,40.91131865255077,41.29867566106622,46.54165443857266,46.919553871166514,47.27704308432425,47.56233276105052,47.83020244637133,48.07455066202433,48.30534514414852,48.50715203190819,48.66925134408426,48.84675862637145,48.91341108947442,48.970346179850246,49.0526358256008,49.13180567285559,49.175734452044615,31.799304534890418,32.20231497797574,32.67648105851337,33.12640444151477,33.63280496627342,34.197613308500735",
    "34.71308456924424,35.364962917974644,35.93145822594439,36.45140059889514,37.06313658127653,37.74430902335407,38.41415051843751,39.02371489984463,39.74140031693531,40.90858553167968,40.82743063172038,40.75742440646763,40.73968930148573,40.74466326330073,40.7688280775363,40.823393587685885,40.89512111834149,41.10062667216795,41.43532543649929,41.62814254351158,41.91702376594402,42.17200096024765,42.39541934368695,42.80517839078431,38.386442725585184,38.78638382654426,39.22737772868236,39.69636108890988,40.23239278384944,40.78772268287526,41.3089124891588,41.98221403496531,42.6041130906807,43.261568010962925,43.95971838354028,44.63819294324865,45.31699963111264,45.973567590423016,46.617263773260845,40.5489039192786,40.37778187217639,40.16816252685915,39.951485371522665,39.68917540219519,39.45958610670689,39.17323480742371,38.89633399850056,35.297019761879454,35.28053856290889,35.2695260242744,35.23600710787409,35.214816592315834,35.19416538379752,35.19708398562152,35.17774454737815,34.27470602353874,34.297553753348,34.362602629676566,34.44513528462102,34.520178445954144,34.64031249001351,34.780385821753455,34.94870603005316,14.156192644646843,13.58290824889169,12.992683266516762,12.411091783865803,11.821359852977793,11.221788841392945,10.660781591307943,10.136106908646289,9.71140084992328,13.9425953633012,14.515875170532148,15.116060981239524,15.763940073119263,16.393829859523773,17.080441544514372,17.772033323105337,18.460136842762285,19.051513740861022,14.480988675110044,15.058099807710892,15.664888149520545,16.30097911529311,16.939472761777306,17.59748759740314,18.24475721679549,18.8724685259863,19.38511363280329,15.08350324590999,14.57467778033926,14.008748320147811,13.42115971377459,12.829514797739172,12.183206390393508,11.51041044939733,10.712400839052393,9.995066870600663,13.784837568813108",
    "13.742794536083798,13.693469680145768,13.581635405897662,13.478336358598431,13.355151153826098,13.112564257448753,12.886361739645595,12.595898797747822,12.806860634591397,12.184607343362677,11.53620479313688,10.857181502455344,10.138128989674785,9.421496260686554,8.810840816257556,8.185429034056853,7.663472496098001,25.90456962291321,25.70394798144452,25.57991907296583,25.51146473109912,25.510462316664203,25.61946535511632,25.727205359490068,25.982665037125063,26.287239102788448,26.62316279164548,26.87199337726384,42.182106338182095,42.569920467492885,43.01056615877149,43.43312948071328,43.88809791242783,44.32839849156599,44.69596658959827,45.15628950616152,45.559720917253415,45.89065598924239,46.18210850175895,26.27438080825016,26.15767101925615,26.090744668964263,26.09736760577954,26.144345461834064,26.245780499964862,26.356758489654155,26.50037932447547,26.88974025696683,27.27057826505829,27.55301861722054,37.7375059297389,37.41052330650751,37.05961279812178,36.615820957942695,36.18510886959589,35.7643416525124,35.38283164355335,35.053459541544626,34.60861659191431,34.20580487395248,33.891869193476225,23.130664401106465,23.530176956692014,23.95876011466294,24.358926906259587,24.78786027055192,25.230951255047145,25.70370530290593,26.31228767754586,26.804910796316943,27.239821922665566,27.72028833042616,25.48158983994986,26.156912680109937,26.8462857309371,27.58999488858997,28.3368835325617,29.04708214387155,29.659134261489765,30.360113840111573,30.95139682256975,31.50222893578344,32.12311821143756,20.48249359061197,20.73113493936045,20.946316063349173,21.112036471768224,21.32158070055709,21.446446418733444,21.490794623173034,21.50416225722705,12.79238697298292,13.193825664014556,13.684869759354568,14.163618649079606,14.59662840613735,15.072538776668033,15.61227517586925,15.954573031227596,19.97067457745046",
    "19.87688378811769,19.71906926573701,19.49117883820172,19.235800705419884,18.94815767671085,18.51800145124619,18.13927947387608,17.808712729961012,17.38485807227142,16.986353669047684,25.61979466421412,25.579307082930008,25.53404442197338,25.47026171301074,25.41143937172044,25.33292154879621,25.25134990663677,25.152813364957712,24.98460576054343,24.82168840944559,24.72453654271841,9.919733996836888,10.054973249846942,10.242409228341836,10.444841737532808,10.70129884692394,10.981798234939909,11.320198527005653,11.62661134039655,12.010274727426022,12.364616312951496,12.759399711719087,16.08803930077551,16.315054586846188,16.602904641500263,16.897655088277194,17.23542024655504,17.62420733195031,17.92107653327695,18.17234034105159,18.37672183152916,18.61745034190661,18.88516743462356,14.224135515180604,14.233233041820652,14.229229529465696,14.19150353819035,14.157025828574907,14.10750762734357,14.031780798084544,13.914398314171684,13.939567770339416,13.91027764540432,13.84275743999825,20.11927126433188,20.151976913772355,20.165711940006283,20.13537688025249,20.0684542306182,19.972247673000588,19.81062017577128,19.61809067227411,19.27096580124595,18.988365257150853,14.438552183998612,14.331200938123398,14.165552540221029,13.949574350877082,13.700397176847256,13.438644060084265,13.131365138439303,12.85253025817789,12.500597710008323,12.152949535323682,20.272223983135056,19.618619835439667,18.942484691948543,18.24835281114367,17.55824721889531,16.87347809333512,16.21863878026491,15.5759513322311,14.969864459263096,14.333539304503535,13.601406211674618,13.080524542179262,12.526946032417593,11.918611375151734,11.324727495938344,10.685714399771586,10.082672497421107,9.45619550306686,8.834023446098703,8.30389351731619,19.618325283680303,19.32835832436519,19.05976248001989,18.730296151463666,18.356896514701287,17.985562375272284",
    "17.554941174591004,17.122107722701898,16.674353489755728,16.20435728561841,10.627814028557063,10.267382433580648,9.852582846662196,9.395272838652811,8.918549459083051,8.446695912169828,7.95374661248459,7.53661675305267,7.027913330239169,6.603354402228663,20.53177122591479,20.064520503272604,19.58538096443305,19.086391673523487,18.569229676054103,18.109713394486683,17.626136525846782,30.25762379162409,29.71671585701377,29.14739057206627,28.54023506530169,27.969522926719645,27.246727024393028,26.62933629938033,29.98791455606592,29.315797255502844,28.6035259003703,27.886648243609432,27.134010662535747,26.32041416224244,25.6112251499684,31.004903052399,31.188637288359345,31.37116824794641,31.580461406613285,31.8089246140384,31.985916763813183,32.28421445347508,32.58994887276795,32.923774930925475,33.2567566751487,33.85143026004624,34.380878817458616,34.92679431689667,35.46965321278763,35.97552593285814,36.52021362537365,37.00899853418567,37.41323831898554,37.840781408410265,38.17600413306578,38.35386000505432,38.65062215498721,38.9921066353794,39.21349279548991,39.4852929180035,39.7006348881565,39.91947503287203,40.021952762315536,39.9230625830677,39.95110649357045,38.82980093430896,39.057444367452845,39.28335089177001,39.38957299398602,39.48604920085866,39.49439517551573,39.49089422852177,39.44007945909716,39.25579167786561,39.06330524169678,21.87965306320204,22.1879385042002,22.50808522132351,22.89757381353758,23.225250550061485,23.5750730961007,23.93332946219395,29.20368619524541,29.277933072699465,29.335636186983898,29.350328868348605,29.34498161589101,29.34094968053185,29.299951545823745,27.00690167437464,26.90972120203064,26.813778406445028,26.7656774845963,26.712433781056006,26.61744364287173,26.533939745220383,13.52999168276668,13.176273590676294,12.81628216603422,12.51999872024995",
    "12.243326724680026,12.011555332624908,11.766945187226334,11.453115836908752,11.208837634464528,11.03231323810992,10.932566279918507,10.82223588710798,10.743713025360526,10.691327170372665,10.627852130803571,10.554678603807456,22.9754153802666,22.58172965768189,22.14497097944588,21.74004094272429,21.287313830536423,20.82739860074164,20.392392205932147,19.83131177877388,19.252156416545475,18.68952383862135,18.15466508042553,17.764427993707137,17.332024131720516,16.809858896672974,16.37773532547588,15.92681970422386,12.4442884834171,12.737438615609276,13.061491701783,13.40141793143837,13.740478440720064,14.087001169288373,14.352928240944346,14.80292801819626,14.9504706807416,15.20431483696072,15.391059130067037,15.546135076941816,15.706577745778928,15.879917040047332,16.01658324219462,16.129248796580512,20.18016992642563,19.748760369303767,19.318211858193443,18.898585799949647,18.45377129986881,18.0700213710231,17.64587736371584,17.073662300167538,16.555373200015726,16.05458752478831,15.643606489175443,15.174388607553862,14.783314313124595,14.345167103023908,14.00168434480023,13.524177782302772,13.567889628770931,13.638365895503348,13.82099198418188,14.029989221102628,14.294171869986352,14.521375416385236,14.771506163843496,15.041861761698526,15.415428023774185,15.603314845077042,15.719833687015512,15.851925071672206,2.383782355176872,2.239975555815391,2.12059978177292,2.050960894765768,1.9862533583458897,1.990014119430238,1.94836876279492,1.913487985040789,1.8769010840065183,1.807857274576488,1.7839611131828237,1.8523436657685777,1.831688078934638,1.6676222550339044,1.5278491800342744,1.432180390686843,1.344554503749332,1.3238604959428066,1.2657633724604078,1.246794230610595,1.1794409784833253,1.064287767914287,1.056230834718295,1.0588521442169232,7.951044274679998,7.954857692514217,7.988372741153853,8.071723919336668",
    "8.204363374525045,8.418603272128935,8.620931341960219,8.842657770295673,9.124098627182615,17.0530958501158,16.3985950041596,15.757627278713423,15.11603786442939,14.478125723372925,13.836680040337503,13.34191960479814,12.856384992342598,12.545800409547503,42.92940295611945,42.98677375493192,43.06074734855784,43.19571168270627,43.36313476583626,43.54610807895961,43.85732442290885,44.19014747567103,44.45599732521809,44.734785259920265,45.16423859969156,45.51561664204418,45.91037494348504,37.44547096543032,37.723144208463815,37.943940432006414,38.21921364104329,38.502360176486256,38.75689640199559,39.05979636639491,39.47549767627968,39.96860596453637,40.35499181781448,40.65943874984124,41.02143760883296,41.3522788467147,42.11541956807195,42.45287064958674,42.84562405186761,43.331724016320265,43.804495027286485,44.29388011343068,44.8109143215299,45.274558134417646,45.84236835593192,46.36470667351802,46.87664087953357,47.34210007758571,47.7072199753835,43.17447463386902,43.17430177723615,43.1631665789635,43.12870451518144,43.09717232686314,43.0517199862005,42.99886930824559,42.94145803319681,42.86025291206837,42.78571524931613,42.72352379558596,25.536771183450693,25.460615031954624,25.416833286804152,25.44428511660467,25.55111498040703,25.720176776130124,25.921698670716104,26.14801516604318,26.57520150971257,26.99740608564873,27.33987458882539,24.9310735192953,24.8964755654526,24.85445861551809,24.83475751397322,24.8409460568678,24.87309489785355,24.92872439719238,24.98816045235997,25.108510064380283,25.248417747975143,25.373939431807614,35.51878720932429,35.77045505701372,36.026233264106025,36.29927574475843,36.61275622945686,36.91931864033947,37.14835366033863,37.31009631626839,37.61373099376838,37.78916236568266,37.93356621307352,31.78996852542273,32.23970949219576,32.744938928496346",
    "33.17990736314299,33.63754023213831,34.04790476096538,34.531594870225625,34.86455190494624,35.20344603883427,35.493289508462006,35.633477546063794,30.66619522086776,30.22152476029984,29.70515363455652,29.21284084152623,28.676759061902896,28.191715008843907,27.7547199855912,27.429721695536124,27.04426472054109,41.57474080082052,41.18318148721978,40.72280284428823,40.23152906745749,39.70081146294957,39.18009883015027,38.623553065204085,38.09910691407645,37.50690426092505,40.78419935099791,40.349619241711984,39.8229384992493,39.25326424633822,38.707812675002295,38.15452954762677,37.57141528227746,37.07981279685271,36.51986782830475,41.05592988758997,40.9830635757104,40.8464113217694,40.64811059672911,40.38159795839735,40.08800090240956,39.715600596632825,39.35460969505184,39.06319989090077,38.61459665584277,38.23649864262633,36.35639276552469,36.52430041078043,36.66930330330395,36.758417676121184,36.88770754203061,36.96691754432839,37.02469068907129,37.02448730608069,37.13468449171905,37.18857848495393,37.225478500899584,41.5713634969995,41.97197544539107,42.36074733220019,42.72510542288752,43.035850192989344,43.35783038184069,43.63410050587793,43.95062762998066,43.96171435523175,44.06451783961122,44.13324042532741,30.549750837702625,30.371613763557857,30.22765290089017,30.1352345345446,30.01594139093065,29.919576369318182,29.851670655990706,29.818304125024813,30.03553831211467,30.149051568087263,30.184861871087865,40.10649661920722,40.062722328386656,39.99644680606679,39.8511350634892,39.726115017345485,39.58138381145719,39.34348421009744,39.03492943198167,38.83605387293315,38.54364101707389,38.27815444752999,27.226193531451024,26.59789101844332,25.87690261940252,25.225142183033903,24.459295338799706,23.813488334579542,23.07759517342282,22.457197489403413,21.93026227944292,21.43319937669678",
    "20.986504301520466,36.62943561797235,35.98661673148674,35.29133444503491,34.559233618053824,33.837693264530856,33.10194983391735,32.34058553435813,31.54235596277024,30.716320623017342,29.879048576054306,29.064845875024645,29.722611449740867,29.74934174383727,29.75286915656627,29.70500344174307,29.5655190842312,29.36851021446305,29.18899523942272,28.94813976856045,28.62722703869582,28.23835637146587,27.97363844428978,33.742838379149106,33.08133181394266,32.37178200078047,31.631503778962184,30.894337888277565,30.161387903942547,29.42945760194998,28.69460490121182,27.93395695089924,27.18448877821557,26.53744937013176,15.40532168759324,15.16967158570372,14.93169699351196,14.718548798956297,14.503239421538265,14.29507774027758,14.145522707852114,14.059729380100343,21.69129921822983,21.528918142054188,21.36840109543721,21.23022269505139,21.084325367490266,20.90366524347497,20.740208916816936,20.608411419108503,16.578590173158105,16.883928032535344,17.222285777911473,17.55472206975661,17.839353452978127,18.11518455237917,18.42534543475582,18.606641852005573,32.02606706767722,32.25197454862102,32.435148367880764,32.694552631235496,32.952841889197586,33.22439094124024,33.4586080167658,33.89183168015215,34.44324424905068,34.80977178274027,35.20012016202965,35.5158406634816,35.92401030625975,36.465586119021104,36.93879576190664,37.31671401294616,37.65609799128576,38.07689363610408,38.40094300016465,38.74116422025556,23.279894524955253,23.17401733484365,23.118577333086265,23.09484550124177,23.15576291926032,23.26453863456587,23.40500998164321,23.69105996389309,24.07136163079679,24.45718048839378,24.7098702593882,25.026448305264367,25.385802353919573,25.770861578400897,26.363597683028573,26.88940774786745,27.31328479382177,27.756197922284024,28.25522074010597,28.67414057045702,41.36980422031998,41.82021073784481",
    "42.28746245871828,42.71916143730106,43.12021298098934,43.50549902356703,43.80715853120427,44.0446188703792,44.24457734745982,44.41193090886986,44.56392433983912,44.693012779755776,44.86880322623878,45.06227586645532,45.14798412728234,45.25342890326118,45.348951464674926,45.48217229917468,45.61527110217059,45.71694612047432,28.58407000092568,28.765171950296043,28.927545806795663,29.16976308435285,29.369105497450583,29.61050575310448,29.83325137193513,30.223686750888422,30.70408971322157,31.143451764609576,31.52390822488904,31.882673998774887,32.39646796078527,32.78400023017809,33.21415548176964,33.58768742104052,33.99063350389035,34.41483905318127,34.845953868887406,35.35240260211129,38.36948445787103,38.332769422582274,38.310034592785215,38.34173683383793,38.3999801550574,38.5139578041426,38.58862000233967,38.7289509910412,38.992829035215614,39.26615656324384,39.443044017362176,39.70006548676709,39.935868920361145,40.12642839740281,40.56277195155456,41.12093451303516,41.4280539266766,41.75397750712734,42.05576264464169,42.37830439700344,32.76775486239987,33.062683836479444,33.386891092311586,33.76023991422339,34.17431462397639,34.634553620390726,35.027653359834694,35.545225556902466,36.13341873661387,36.652439213088165,37.19496513598288,37.79863778802927,38.32832240995403,39.0764756366015,39.72068063408514,40.3030779390421,40.78875683092889,41.35046938086096,41.80923801978634,42.269833825908805,21.68783029474277,22.3482999957335,23.0508311719337,23.742575430911103,24.495938454771764,25.21636143028972,25.90789792943121,26.594749748658312,27.183709853256392,27.81308593271929,29.252906473876536,28.88662245885721,28.480368523222523,27.98835031606593,27.489856442182543,26.940780792066786,26.37203124174717,25.873681571745635,25.30484038713551,24.72743041200343,26.89613333949945,26.922341043458168",
    "26.90484238090829,26.841733094388186,26.688599531125995,26.476905903961377,26.28185656516354,26.0373276727508,25.66952516834802,25.28959302223756,28.888489115651176,28.393907127667447,27.83721072152358,27.26869162343825,26.691277566977547,26.056967305416684,25.39347862393683,24.672651551729604,24.00618138357901,23.39599658924604,10.11153535820794,10.04592871085776,9.982121377869843,9.952091691671534,9.918229159024497,9.876466896129305,9.868521619227751,9.84231139517384,21.02846137567395,20.881995628026853,20.74533612058336,20.61760332644216,20.516507558222884,20.41191568509469,20.28834317148587,20.152572746153613,21.32354225171732,20.655147857507888,19.95800130162282,19.232082027972684,18.465379909956013,17.724901744266113,17.036984865205063,16.365315108864667,33.21587116638184,33.61940198670082,34.059690305595225,34.47865341646796,34.911247135225935,35.352539886376704,35.78490811733015,36.27403537927409,26.07102467945113,26.523778301779675,27.048334829542487,27.567456635037622,28.10853359422553,28.675939566405727,29.26152789695255,29.96990830190217,28.09008903192157,28.83796050232609,29.60007897762196,30.45384297831361,31.298051255009888,32.115103839435484,32.86022562617494,33.623300068097464,13.110495644612156,12.684070824338855,12.172490472093784,11.603661191864346,11.057805728494476,10.476123510428392,9.852678212121852,9.33128265230332,8.717397112909016,8.12243031860202,7.572698779104732,17.957930185450927,17.584687638636044,17.22968504607249,16.864668220230364,16.455879809111998,16.059880626947525,15.63514315677662,14.978042665274852,14.496628095802976,13.917689587118817,13.358085128198674,13.411928716874211,12.824609459748167,12.20217252578909,11.549321764418348,10.918257300599096,10.254256185862475,9.569874084289502,8.975476748049209,8.354706407958322,7.695677059507392,7.168053322304567,37.4909117597807",
    "37.81411353440621,38.10734047554609,38.38102527246652,38.75261510065671,39.09324295065273,39.333911401345205,35.3382700135921,35.90810261771498,36.56127136170512,37.193022555864125,37.84801921031772,38.42626822866402,39.04555476210044,35.101278693345066,35.50723367366783,35.95017096510997,36.46215479401732,37.01791161957691,37.57323572306248,38.17914354850991,38.75774666692035,39.48405862604189,40.17921213352855,40.78654483567609,38.27892181761747,37.94464299462364,37.584583503022735,37.23851676491408,36.791558266316834,36.311753882037216,35.99469600023914,35.682405787373206,35.23093903568711,34.88324327752635,34.64122730294049,39.733892666971606,40.35393924944137,40.996649887881325,41.6394367777246,42.30119634353885,42.95550685181654,43.51785337322611,44.12145736504175,44.5668455047775,45.069008463423344,45.556870395550696,37.16970666996904,37.73160668599933,38.3245359949328,38.9504768558398,39.5519860590719,40.20270010319981,40.84021888118252,41.51110242466398,42.18739570279684,42.76927191674499,43.41552407374999,18.72949675278995,18.61512309917505,18.48822904478333,18.363774361716708,18.235818829661387,18.036735310245565,17.91377059958305,17.78702909464362,17.69783293928041,23.853562917182582,23.33153616934399,22.778798486134605,22.27430764285705,21.772415561102576,21.29165210611182,20.69766676604232,20.28984723328179,19.97780203506497,32.787874656998525,32.71824660509807,32.610340876954965,32.45019375800919,32.23874060702502,32.05277332034564,31.811404253870943,31.538031326152925,31.26409110792117,26.54429376596072,27.1078579507944,27.6964107812906,28.23267071794222,28.734655062679906,29.26783803284612,29.734233622265897,30.180073169129034,30.472482219885173,42.10435473883318,42.13207110380954,42.14322346830895,42.09662067670451,41.95297664856799,41.77221625316667,41.617150762820366",
    "41.41245921435599,38.10276249506907,38.0159360933005,37.863264220096646,37.69433610894597,37.47980460469208,37.25940982084927,37.04785697720199,36.85770301425147,40.810011604609045,40.88529079329892,40.924612590280326,40.89479209628849,40.78243582213526,40.62146934122327,40.45415132559033,30.79112952420936,31.23760583540604,31.742454853740693,32.14224751171662,32.561679941037426,32.9497632882614,33.38248454141808,16.000640507876792,15.627098018323077,15.14528660597002,14.617943578483148,14.14422905342972,13.660382840030229,13.138537699953432,12.70598438445916,16.314641826327318,15.864850558705305,15.311952675287,14.71491526849579,14.176335059262458,13.63684873967173,13.054554178343512,12.54464126390096,31.698940170612705,31.40655618909313,31.070818868108017,30.65207992012707,30.21037210886275,29.8310495391204,29.4216229407454,26.26713942357773,26.39501451691088,26.51190406784888,26.58310665115551,26.64076345839163,26.66966268607322,26.67970832689976,30.763513585917146,30.440497328651634,30.081028900082806,29.71240919697889,29.334397232115883,28.9802998325996,28.638290780976742,26.02463136845872,26.32722614883946,26.65788951939811,27.07182696216519,27.507057630744058,27.90795356216476,28.29531125595281,28.39261052922577,27.839190403862624,27.2485617186374,26.625486935454425,26.033447932611203,25.476042773740552,24.802039011377435,37.924807837957,38.29598464395793,38.68300988061343,39.14210333676871,39.64525401926858,40.16493162654936,40.62255514252732,41.26586097363055,41.913834940625584,42.60512036436865,43.28532991122609,43.977749291417325,44.674707893499736,45.322203361454775,45.92538704056688,46.69538926607315,42.16443251146557,42.212493331910565,42.30155675622072,42.45161184012959,42.61568235852285,42.8086606364812,43.125221143499445,43.49089544793353,43.77086202002992,44.0944842376481",
    "44.62857672614845,45.11667088083225,45.66214429038841,46.359594310746,46.94478422254592,47.41329641510893,43.73402520840593,43.78457347127159,43.89359040650732,44.01284327803432,44.13737866510864,44.28475515094881,44.45687731302956,44.66689564968824,45.04762879564304,45.35191575555521,45.57477407810677,45.92201594736809,46.31299574200513,46.67183604915756,47.24735015889924,47.694460362141136,39.30529598114684,39.63089863345778,39.93611264678891,40.16414281592977,40.43021874608947,40.63784049208757,40.83038995941564,40.9899358057878,41.21423148749935,41.36842694572638,38.12697272075039,38.58828505161168,39.10675777183052,39.52815376063928,40.00101528849132,40.4291911746146,40.86544664694474,41.1869420275207,41.44308658191704,41.65775931595213,34.3305512683128,34.48978182622991,34.6569249291519,34.89255409215088,35.11795675580056,35.40489701483398,35.69339126558531,36.09323411986495,36.5470514121342,36.94044969267989,37.30573121003308,37.71564415910331,38.11506271225351,45.14061683264361,45.36096685428056,45.55262971739633,45.79715553980799,46.0160835235767,46.21547476794151,46.39291507854367,46.555749840542646,46.86680112001262,47.06457416996005,47.1927087762526,47.31404813520463,47.41879726114159,48.03874415732096,48.08997495383769,48.13715056115044,48.1760390725473,48.23272612962554,48.269859663688855,48.29452668024231,48.326068334159125,48.31102304122611,48.30340370255606,48.3194635738509,48.30436148537103,48.27194338193981,27.13860016588837,26.83905115556256,26.504229512613342,26.159160526814084,25.767152920328087,25.349968358792097,25.09998698053184,24.85730784950519,24.54297740685915,24.302074297964523,24.11999990516403,23.93320592866093,23.81986712159536,42.624877804738,42.42955319388618,42.20101318754588,41.94681195044946,41.640869892960495,41.341576749935335",
    "41.01153533807683,40.689451787088935,40.28986049633023,39.83606527204018,39.41374584432489,39.03588582932932,38.74409433728298,33.48610607786688,32.89508513947931,32.27816106738504,31.62640598459049,31.000628093715832,30.34127811187888,29.66844368973823,28.93649079734757,28.20512403678653,27.47862852037075,26.8739644407591,26.3320403282845,25.997327440902943,35.135745161082376,35.080512951042266,35.000041436733625,34.91209473435027,34.78455725729814,34.69045115648189,34.60556755277413,34.52518506004907,34.44169914848121,34.37969708049193,34.330158294395154,34.378147016708574,34.38851990486454,32.898356351210715,32.94076786603685,33.00043431891721,33.12448366886154,33.250742240129206,33.36065984962277,33.561620610555146,33.78700552614803,34.05115060592801,34.27886820721486,34.51509962797621,34.75233741936673,34.93911585141459,40.698222348542,40.33767915011633,39.99747287091511,39.641329841646325,39.20988435909894,38.79273876159751,38.48843044343055,38.028534776074665,37.52759836449348,37.11763398465266,36.843935531072496,36.56354007749598,36.19605144133049,14.259420857947,13.940593798181784,13.686828683775609,13.385050303261986,13.092371982701176,12.767829887176472,12.449415538118346,12.04287829305162,11.628359402803897,11.26586687179154,10.92827293581734,7.362328620365017,6.905561417324986,6.452483590311748,6.018450375006047,5.5986184983305805,5.24294543015383,4.8259582234166505,4.562279255380995,4.280826257765854,4.0174143297178215,3.7958811599272497,23.71276087413506,23.721213580882527,23.72965152381085,23.792276786106942,23.895108260173465,24.060769204781767,24.268411413599686,24.47665682014282,24.75431515532553,25.12856716268973,25.568532896767948,25.87416815812515,30.841676247129417,30.96251547313442,31.1414350116672,31.35393003739995,31.630859475858653,31.952890622227144,32.303830331100215",
    "32.65435155742341,33.10705309780392,33.60675613739782,34.10476316234826,34.65659009906115,39.52775275386704,39.179571956723805,38.8176471507333,38.54095077220362,38.26093693784226,37.99058695059604,37.78291492992855,37.60763439172023,37.44670261835541,37.35361610639716,37.31039343767319,37.195089880339374,41.82870716815483,42.20210661259343,42.57992125601084,42.88947104349056,43.20575053452614,43.47647507407083,43.72592726899615,43.83008054456484,43.77221960350829,43.82200451444508,43.834534281365,43.86392412377096,39.97007000066074,39.7871012478732,39.61059967850127,39.41844459847257,39.25689490796574,39.125415766386254,39.03786665311856,39.00407941387848,38.78681341559014,38.65483341032989,38.57500373817157,38.52241790302999,39.009302948046695,39.42300051173709,39.88942066257116,40.363850716468406,40.83687501209345,41.39694006991953,41.90765701325871,42.54591990606986,43.11802859212469,43.618212389177,44.17647418754317,38.47819582875486,38.99813536105838,39.57760506391282,40.23452988436579,40.82856863013877,41.51343965759239,42.15506954809741,42.87318889693147,43.56626329042863,44.24549175063692,44.93173084532102,38.51594218794821,38.94882871217791,39.42728464327544,39.922625684353655,40.45705623116962,41.03728138136999,41.56997873288321,42.27451890012589,42.98079195039472,43.70642795863874,44.46069340091148,45.22215949941302,45.95555995528056,46.673413165445886,47.33152929763413,48.05955083439851,39.38710609126308,39.775442756868735,40.18339071319674,40.64839357275714,41.18303290388732,41.70355653355892,42.183153191940505,42.84101425554185,43.489037833648034,44.19008505775866,44.88743008214315,45.59144986660979,46.335071470111615,47.09488184646621,47.75276891702423,48.48665382751979,14.9774689035694,14.487084104443948,13.92426633998403,13.36137405385901,12.745112723983832",
    "12.056037380896838,11.362087157096903,10.519542790388748,9.720980963397224,8.959098144548012,8.111773572686484,7.282451749866727,6.440678111725557,13.948871000139151,13.36285656005254,12.74080385000989,12.06646095172593,11.430227473698093,10.712522532651406,10.015538209110783,9.253723215426026,8.520634179063496,7.810695067744639,7.069319098505756,6.33868675027562,5.5830439256577655,34.34502104042647,34.37104070231849,34.433569648592574,34.552100015382415,34.660446162221284,34.79472618724,35.048046094834845,35.353017675046985,35.6397180555888,46.708069146610846,46.662123302819175,46.6169157049494,46.52663386190464,46.4471090315125,46.35918466822699,46.21086206260096,46.0403000373126,45.69364386639346,29.95888248730332,29.92726056833204,29.90793235558164,29.940055932566203,30.00491462015548,30.11232263656239,30.24916539938229,30.403707746503866,30.6496239624772,44.06232126335734,43.61109085297839,43.06575367358919,42.49038345472484,41.94339919405071,41.42797849703637,40.835814559820726,40.36923135003466,39.810927903974495,24.017718669028536,23.936886701266083,23.873328296630348,23.87811189651684,23.946255444061133,24.068827113523163,24.22799410674948,24.40761735084972,35.01609909948958,34.862572098922,34.652345770895444,34.428584232262985,34.13885579112085,33.79598724981161,33.40560605837449,33.04376997065462,25.868828671570867,26.09347672390146,26.302385758112703,26.572792297755623,26.811347299178703,27.02263918145857,27.231680786597984,27.38292411589468,26.5943829353352,26.68701982350718,26.788583975893182,26.899014048451807,27.03159383876431,27.15869064135965,27.32016662092004,27.497665622893813,27.869886432773512,31.557544904629445,31.5551702521847,31.571396567979846,31.6243229897384,31.6956982467322,31.789960845364472,31.9259311834242,32.08872953552062,32.29053288380338,40.209596142712655",
    "40.47271490292984,40.68045364127573,40.80884014862424,40.95403535692174,41.04739086995544,41.06870679746229,41.02265663380673,41.03603660421695,31.949209860955968,31.884244843174496,31.85097534980411,31.88573157516669,31.979478298140304,32.140368641374835,32.28269002310785,32.46272117978117,32.71981142781316,31.67821680707228,31.805033221849943,32.01366223590621,32.25797852073157,32.572863184263866,32.90972643579579,33.303739933510606,33.69144584698963,34.1303596611603,34.576923793222974,35.03387453053797,42.57027130962715,42.45133973478384,42.25168384343196,42.04103095457924,41.76432405188349,41.46545458176715,41.14937208000712,40.86071618064363,40.56833703758142,40.18232200305968,39.878336952422586,43.11159340645264,43.22703215599605,43.30996167104611,43.320601984686405,43.29710867853979,43.19251248961708,43.11171379362227,43.03502296508052,42.78369857503493,42.600919472310586,42.44490546262868,41.29996792223279,41.09829837356541,40.80301044927089,40.50607306703116,40.17336328973878,39.82052608218435,39.43456207399517,39.07954504286337,38.82749015030163,38.450477041461205,38.10488928363398,26.193218062008164,26.234738706288667,26.29819974058614,26.402358385744485,26.55843001147463,26.6929254074165,26.92866620575693,27.21796460522133,27.473989285308257,27.71576651256148,28.09527741636601,28.559585641031195,29.01807958666203,29.29284813379525,29.319878512956937,29.40192864003705,29.53040032963441,29.69250352353093,29.9264061650165,30.19070637940609,30.46356645436623,30.803889350216647,31.162990442301165,31.43906460934781,31.70613185376063,31.928447503581005,22.760014842667964,23.012459039652224,23.1948528158227,23.37493898146741,23.548597493540576,23.675180946534304,23.802003355911136,24.11125338718397,24.26374054092898,24.33385709674524,24.501393575125192,24.68898710456316,24.789007375937818",
    "24.031642515392743,23.99510861946668,23.979129380128803,24.009229207520367,24.098750672954008,24.23876387012685,24.361835604183053,24.516877533773485,24.735985051874472,25.04173267623464,25.265597983889982,25.450469391100743,25.712729565514223,36.58134428688121,36.34660657491315,36.12444042785034,35.854240628792965,35.57910638435727,35.34488201150699,35.093215173954924,34.88937261131496,34.58230170916614,34.32879854551645,34.13002877153014,33.92055399302004,33.731006775318995,35.900696437950835,35.622301832066924,35.38717688762815,35.12028450971537,34.84482179740812,34.626019292136064,34.41291996408101,34.18622827782855,33.86966818766818,33.630541324101166,33.42771057255343,33.19606535047823,33.01748067716467,15.703364727916789,15.137864582867836,14.57364704490276,13.961482001908935,13.40293124681369,12.809281138048863,12.22739724004993,11.545784695542174,10.969780995785264,10.314976013422978,9.694154613034588,9.055421672200763,14.245524665849176,13.83851672072646,13.427781040573644,13.020648591294474,12.5965758855778,12.193839817312428,11.797447798220569,11.28008602326442,10.793554637366348,10.306492450000787,9.891988258771754,9.450116710130324,4.956758725745121,4.594812295751946,4.187152734246606,3.736857699436381,3.344872244187031,2.9646445209852503,2.538296841038512,2.3106780720387605,2.051641098002432,1.807199269382043,1.63124524549445,1.508986308471986,3.845205582957137,3.5490814597576725,3.197760454718594,2.8859772667916217,2.593717228208952,2.29297706754995,2.0550341597091464,1.906479114268556,1.7210577214362923,1.538085099758003,1.4151846425223056,1.3368700039452928,25.81638823281976,25.470553809794065,25.07672010664885,24.82714078271021,24.50901158839179,24.26162290254524,24.02075431600451,23.92153141593716,23.8668470394709,23.84876040376832,23.88565953815532,23.367123562314788,23.76287608339197",
    "24.2052821606262,24.62536368456834,25.03246308557057,25.41255947226449,25.86106367126805,26.12644534487353,26.489887794958022,26.7337740218236,26.94779687116493,36.89545257873342,36.391241041339846,35.81625290567934,35.207587958795784,34.604085012209524,33.968473715992985,33.40210059696746,32.73368658690799,32.0895521041276,31.46925459883628,30.790558346212745,26.78911952280032,27.125890348095115,27.51568974882031,27.843117551399608,28.13097070264883,28.40829908499597,28.68011422701528,28.835129632224263,29.030956426752223,29.24238685548808,29.379954874919644,18.566798737561736,18.1430159060586,17.67196454044935,17.209165415772127,16.675572217122625,16.140339003985467,15.612876426993637,14.970240724991813,14.353469928882824,13.745014640348938,13.12240773731517,12.559299909045428,12.055413462813291,13.202387247674602,13.252905678825716,13.314058113273507,13.375959027038386,13.489425019442857,13.581172432972688,13.654213964519032,13.680141188718093,13.583800228757935,13.63299723476056,13.663113261548718,13.655362828631674,13.6137602014491,12.751173231383648,12.24095128568944,11.757357753154148,11.259599364262408,10.7913171398755,10.33749482508808,9.92234221883362,9.509907307135473,9.178079620148932,8.808372375344895,8.508089469560408,8.238614839675677,8.03453772195558,17.43968889586694,17.48383124825938,17.596044612266606,17.757979841688464,17.954131454831874,18.225117930812527,18.5359051460942,18.893615441767995,19.26834221662728,28.570088476772145,28.51707238576641,28.404755425887565,28.22105733822667,28.025220367320863,27.767919973376568,27.437304890047177,27.02237156734369,26.63964477094212,22.50094852617829,22.15006948243243,21.781518365383835,21.54798666789369,21.213998996061115,20.98715725260213,20.77997405782577,20.70008226253342,20.548021888911165,9.575447266878514,9.243915522860013,8.93537135694559",
    "8.685974132658902,8.474604476416852,8.274656054948302,8.078662159437005,8.014113846850158,7.902788214721369,7.74304005176756,7.674334792198277,7.611044310488246,15.740256127923532,15.389257182085938,14.969625340223876,14.513272827587508,14.115027459896126,13.71927590290574,13.28567869602436,13.00825221635239,12.6940158450365,12.337093143985443,12.077247931360349,11.850744565170636,25.91284325944392,25.7435072595353,25.479508331855445,25.188899101119684,24.864242630249404,24.473658624468804,24.08478805271553,23.7209574776815,23.27013826002649,22.86803004578152,22.376396322738344,20.412681876744667,20.218348454896823,20.08292335742415,20.00249110561611,19.9364409931059,19.97889849689149,19.992315282708187,20.04655945749717,20.00195679998748,20.0162995699282,20.09447056324091,14.047297021303798,14.028465454250714,14.0228341333435,14.010348218667186,13.986819056817597,13.971458214105624,13.951657425622203,13.924345866852509,13.906243952343743,13.894298153793873,13.92569139809062,11.512968580342992,11.200828217099389,10.922875064122838,10.712080422659715,10.54065457921004,10.44792253574434,10.331463067131216,10.371421959643849,10.286978753760096,10.130127425040683,10.15606273843338,17.185443734656285,17.393283605132243,17.691396091904135,18.019725522142537,18.369878628876982,18.7170793994084,19.130320177343723,19.55296410670824,19.82446706953241,20.201347335412763,20.583162552494343,14.514929635467745,14.535608407114193,14.620296358975608,14.758734154964843,14.9592017696032,15.247683130886148,15.556604338931152,15.933046223572738,16.382086570443636,17.82126762415242,18.18577016920018,18.55500031582008,18.821074530858308,19.056785612193245,19.25871697889068,19.452673509128307,19.59437414305268,19.642433901541537,17.232132571205483,17.506525501678063,17.873585580671378,18.27162616173992,18.69946024808744,19.141687631634912",
    "19.63969167772767,20.1258410849386,20.60567738838175,23.98883705237949,23.85003840061929,23.683604648953985,23.5066765394745,23.336152548487743,23.139559592911883,22.884250710010875,22.6485264086654,22.56281203571248,22.050015340595152,21.506893724542334,21.03413442692599,20.538759833591257,20.07534346587332,19.66328340111406,19.4568098024614,29.41435051278464,29.740889924277145,30.105706273878607,30.53506641408755,30.976670946988147,31.393437841515127,31.812188530661828,37.4016262983556,37.64711253191575,37.926501176884784,38.06503085727608,38.19734054750765,38.25833799210202,38.29960173475425,33.80902929845391,33.86670469867531,33.9199684706612,33.975199216304866,34.05766082798275,34.122843151715685,34.138055245721524,19.83972442273548,19.70167623503753,19.48500646226136,19.24181324045005,18.93190285173275,18.571250511942647,18.175129971959635,17.79529811731707,6.83911491414604,6.838945103535635,6.856812771376148,6.9011553119068045,6.976807929808332,7.1187608908543245,7.267879628292303,7.439402159099322,19.43018510851474,18.739585903865084,18.053357061515005,17.339007742820005,16.62164874997127,15.917289777422203,15.288526310325166,14.685641157799884,26.46989770404687,26.43624676731191,26.398208437729657,26.373033155516527,26.32548087649633,26.30412277813308,26.30217826390728,26.27664051559514,26.10525094296291,26.022429591872623,26.016417593544546,21.90255555935407,21.58639453704905,21.245227987575817,21.042357552250785,20.79741017147009,20.588105354338296,20.386578738441862,20.324115808611097,20.301548375403115,20.279393275127603,20.322262375973427,31.04726405213186,31.01778580428409,30.923761852246784,30.788996979737387,30.628277411070982,30.40280428438282,30.10497910093181,29.7414474446604,29.32916787194853,28.995360852084943,28.60433464831072,33.60468324121816,33.47530788673254,33.304357014381935",
    "33.10897111225429,32.893857052855765,32.621272269561295,32.328677384652686,32.01751088263712,31.559146592135534,31.10711723840987,30.71188880871394,30.97352970686576,30.673715486571208,30.351600244585764,29.938608161862568,29.53003304656216,29.13587684997704,28.67836579662602,28.21287068835285,27.698187054080115,27.22198810578963,26.73702225689155,13.084455270074985,12.6012349072179,12.09406625855493,11.507679528834696,10.945224590776071,10.380367554838704,9.836543794941036,9.185590533634606,8.534282091189072,7.8642273771001,7.226943523644607,6.6639923184565495,6.177010694128936,7.93293835300452,7.751994495198411,7.554445577841723,7.371341636936266,7.181073786359852,6.950297363949501,6.705735766384567,6.437226796340065,6.143636601884969,5.840703291597817,5.6029293631383,5.367290569879049,5.147771976618644,12.666107384506248,12.076522797995468,11.465191734893084,10.780409048022502,10.138248993595772,9.462660792290198,8.800459827265195,8.065190404873267,7.431791221990006,6.786747887567788,6.14141574562609,5.518970910069592,4.974708785384317,8.002764566878003,8.163165764566005,8.405130997067229,8.683167873748344,8.969106418565175,9.32873955949162,9.686412936470235,10.013572490810056,11.165927923970692,11.240094724953224,11.34710353041355,11.492621300897335,11.700287640504175,11.879422775018392,12.098619064305868,12.312498392122396,25.28135661541186,25.225235706320976,25.16529767109832,25.131510321456112,25.074013554938656,25.001563074519964,24.94616239138146,24.87892587480532,28.523542115961742,28.94061234380351,29.440403324071564,29.93585289704976,30.461542103700232,31.04523233755988,31.632718644991723,32.36757583540095,33.011406388521564,33.630027924999986,34.326358144980354,35.039896580465594,35.77315057018965,36.545933577455386,38.3038835360945,38.73143280123009,39.17410377341308,39.61722396139581",
    "40.02445906327126,40.431463595488495,40.79716210760106,41.17155970320847,41.54325821789833,41.90440323436289,42.14200538931628,42.37598108867141,42.59724032943132,42.80089983604712,41.48214179919479,41.58897317181125,41.70579966566118,41.83233583373859,41.9910778822051,42.18615244409202,42.33740678978957,42.49290411108768,42.72152191059737,42.94858882279874,43.12406517766711,43.265255486003,43.36133153627283,43.447460867979686,41.05380100737592,41.14015940437663,41.21658290978888,41.26797407524937,41.32861610232115,41.41000234131437,41.44787395708342,41.4998033708262,41.71896010208031,41.86188280942601,41.96616993797871,42.12957151768779,42.22317026982231,42.284712082853225,28.66963111252949,28.592727692457903,28.48585005879436,28.331654335367613,28.144954157965216,27.95549599220657,27.671865599684715,27.455950264447125,27.09610490176744,26.751370204064948,26.46033010796573,26.069316334802423,25.66763261026983,25.251920284781683,24.80733736581714,24.33345722035108,23.769041503148006,23.276594856126493,12.131050845479711,11.810715027379327,11.531400513504748,11.255686844332846,10.96150437888919,10.712895403621031,10.511865974892885,10.209803773288838,9.865427645625076,9.62686356345147,9.478605401278864,9.28459308756906,9.140380758047533,9.038093531598047,8.887070918976047,8.738413259210166,8.617778741451724,8.437221694413333,24.095001887999054,24.389602581023137,24.60679534955196,24.79015338850592,24.95300062179064,25.07020903375637,25.12729153389991,25.00510718321676,25.034008513889027,24.900298091696488,24.779847528996587,24.696828680331897,24.600880226497512,24.445718548536693,24.20675195940653,23.988463264122284,23.571244449231656,23.16927957143227,13.289118722742389,12.873882777907308,12.44096346051695,12.023943428804149,11.6394327929779,11.305781914885667,11.010203490875984,10.636111999414336",
    "10.297821116957714,10.031959735964438,9.798150447166073,9.562180144431968,9.331353297249724,9.021070756783576,8.776963450548633,8.588829760003271,8.292483650429837,8.09343836229884,8.353007014844245,7.806942179215061,7.274328630572035,6.733711529064726,6.277565767157176,5.78200984565277,5.399492507737831,4.97209659034609,4.5248944068327415,3.526484537435373,3.3818111443259906,3.279562020089673,3.219303108071638,3.1694420174758773,3.200183925873469,3.2168180192648905,3.2355882583661573,3.201007234845724,10.637147802990418,10.05923053717364,9.490658207221829,8.857035450534713,8.273750793586725,7.684487991146897,7.118820906646109,6.453857654310257,5.934520588593893,3.162038526848608,3.125179026502318,3.101789752056974,3.110835317807221,3.1377032347784763,3.195251084182533,3.233999481573028,3.272836150573715,3.2526470119914213,6.586984686525843,6.057528436270053,5.545156106490943,4.995821624270844,4.551341550485192,4.107544943656999,3.688542934937261,3.254237204811765,2.958053786898148,35.31735038140693,35.729877706326135,36.20978970237727,36.64169502341268,37.1147736876983,37.5217834221312,38.02151935164429,38.33646672377882,38.630963545394685,35.20371780541992,35.159077937890075,35.104902993209755,35.031509518123805,34.93634922600553,34.85600879917865,34.834486381897804,34.82483198696732,34.58641134527434,34.67998627853728,34.74823016768136,34.75626357838784,34.7373402716615,34.67181146548226,34.64068732461393,34.623936827988544,37.17437557642472,37.27185803715104,37.35575741623911,37.39501497831148,37.36642045589374,37.35623019023224,37.30875073267694,37.24487276479808,37.07469271508636,36.91506321101269,36.83987260084498,36.72187928090079,36.63555200390208,36.5481666233648,23.774527046305945,23.806939074819475,23.849287208963062,23.95616624446972,24.07796711715412,24.171716228279085",
    "24.35550131646998,24.569905366241183,24.85006813686675,25.01851515942703,25.268832345518543,25.635097673949115,26.05096614956424,26.379921586731253,45.07381653393325,44.99029883918599,44.88302851568332,44.71919890264339,44.52559916052199,44.35193131123252,44.108385292111286,43.86204798903938,43.34714439421328,42.95060231996516,42.64522213976501,42.27100231536852,41.95439584349606,41.52693610150692,24.54148766388088,24.760835377554947,25.03736487707607,25.36010657969809,25.700538696547465,26.05884891142111,26.4919052038976,26.946821791431,27.367140551205136,27.87852496578461,28.407606896067577,28.98783666098888,29.42698101787974,29.95949130745528,32.5566744681759,32.594770546744705,32.637101259405675,32.738473272464965,32.84871722829961,32.919531762054724,33.03660235752555,33.13975326173241,33.40466670878617,33.50043782084038,33.60789181935286,33.75062958891526,33.93001213395104,34.03337663970984,40.33935074965646,40.6261254039955,40.8541437751754,41.004552786449885,41.1541627405184,41.26581564759673,41.32145925290291,41.34307222620445,41.42337862029972,41.444788592811,41.39570428560584,41.33815661130477,41.27299690971145,41.24262814884443,42.067247479754535,41.832752626437006,41.49455870865892,41.13814096754477,40.72920739520114,40.29719844355673,39.78572040292882,39.26921057223751,38.71726879093479,38.180618999149885,37.62471476391805,37.045975838834416,36.54568608268362,36.005305738009284,15.433358374613263,15.00464077825582,14.485955246360366,13.88571310197713,13.328984487145624,12.75252296627262,12.111478292200246,11.56378299517083,11.026483642112026,8.938332924572192,8.924931448258532,8.93857561230163,8.971410974714628,9.008753799626897,9.080288982831982,9.129605512830318,9.18572761673842,9.242618573337596,14.8492840702787,14.306291451725246,13.709220335888944,13.051257524071952",
    "12.446334502830783,11.857715185940863,11.139501163474094,10.540352304489724,9.97949493391505,34.046891753366225,34.292943232191455,34.66461726221311,35.10089252374321,35.57991029307099,36.086140070957775,36.64968480565444,37.22988112647238,37.74891970754418,38.41432701064009,39.09267861637802,39.74095750853275,40.22515815348598,40.71629448890598,41.249955093458695,28.671729145038167,29.145487785150912,29.67344613882452,30.246930512779063,30.80297860561693,31.42470686053718,31.99023572673844,32.62159686805667,33.149004018278504,33.78899320849301,34.39291512924019,34.94266855255641,35.50660359696821,36.16375818190296,36.75672834422119,40.54290282661719,40.86215713441101,41.14709585570177,41.40413981547426,41.668951603873815,41.903678159263805,42.09807080111952,42.38552868985641,42.69471948592901,42.94137752140727,43.10176451661368,43.18940368306277,43.32409784205349,43.46501548775187,43.54957727841516,35.27532502105386,35.68288792306379,36.12093881593113,36.62382439032252,37.16442004480068,37.71406095329142,38.26307218380395,38.82688561117684,39.41711522036704,40.08164502802641,40.6731834497349,41.37294688132177,41.99793368571888,42.53939139209472,43.13625855348017,35.0929282822633,35.45311025947889,35.84126588390403,36.20138554743418,36.67809311618254,37.09620842928743,37.46047108408556,37.78202566100561,38.125719426366544,43.20836989496406,43.54716195122801,43.86812700038311,44.10003759201798,44.281767321488246,44.43531577585615,44.605421895262914,44.592003714397606,44.53071846612858,31.56269290140108,32.16492694514496,32.80936981446188,33.43816923914616,34.063655130655015,34.72540118049268,35.37124045718458,36.01133995149134,36.53460087940077,23.23324363917381,22.93292304555268,22.56491025495593,22.093569659009308,21.591995522098934,21.07460894926358,20.48774365807848,19.969062794385344",
    "19.42330946005756,18.83677411352376,6.893136806737663,6.851785971341183,6.828576855720351,6.850502054041994,6.912895411723327,7.030494442795133,7.12818882571627,7.219883497092286,7.40885492828265,7.676331609931265,16.21185069502486,15.713857274429206,15.177989357275338,14.586712254343698,14.050078701840333,13.524009554019315,12.86431998124752,12.355199803821376,11.888439021091406,11.4176658775589,27.30546651868904,27.29404805523566,27.29396756287991,27.30414654510496,27.30816810330525,27.31893898575856,27.358069952940298,20.765527347291645,20.9373681589434,21.20565707478588,21.51158600459226,21.83656802699797,22.252885891680904,22.68310413451993,25.95215902647142,26.11181586767432,26.26701789110444,26.391968192832515,26.520790357092466,26.63682434822996,26.695540668702765,26.091790729736324,25.624348420634178,25.067811637671053,24.543126401014835,23.96002294150312,23.41488383293761,22.882936108415628,22.20610278463288,21.61802906795436,21.06498234612512,20.451050673168417,20.012827153812182,19.632109528081354,14.788534824474596,14.723854169094125,14.683949437234798,14.705407708060394,14.773415277558904,14.896221066397748,15.035456623711625,15.19086123596951,15.544474747755274,15.932128238812483,16.203791645945167,16.431105357298485,16.744502148674876,14.75753943908065,14.8566149336324,15.058718075965576,15.322389790285104,15.654513441902186,16.009904530451646,16.45165811225065,16.88516400803247,17.421183976985954,17.849072711704014,18.328275668050065,19.025601812142646,19.58455153040694,47.713035065702975,47.80535397052226,47.90150209957064,47.96389404906897,47.98408579478945,48.02566625521038,48.01944832641267,48.01314233535193,47.9759892052094,47.89646346943498,47.85365923583659,47.75777241194919,35.818888997857606,36.308954468382986,36.85960591983202,37.47309389364069,38.03190159875022,38.67325613760252",
    "39.27766940176522,39.96345571657046,40.67292721281604,41.3508663382562,41.99873416107933,42.6470397086116,39.67458253670552,39.9235887031044,40.19167535603992,40.55455236404403,40.920991990288265,41.2899599454252,41.72084016204147,42.11101008248615,42.45361908393686,42.85193248152972,43.20564061168046,43.39832685484394,36.76555788478311,37.28986136439279,37.85707894172254,38.49213988722086,39.06250749936308,39.723462059939344,40.343202798195215,40.9838313858396,41.65758481640285,42.32071506350164,42.94211884816848,43.48372279550412,27.87623426529189,28.013715282180176,28.21156694268108,28.433519524811853,28.69281791004131,28.974016593766763,29.312986290532628,29.64861064338111,29.99816084627768,30.438906619542152,30.873697202353863,31.22608670789066,45.69776018568383,45.76426184695343,45.81123018838285,45.800274660739866,45.710758153009344,45.57492244381931,45.43097993418568,45.31192069038747,44.976420332075314,44.69380943195912,44.45176728534263,44.15369880974439,31.51949493710534,31.658842477761635,31.87307274059913,32.12060704494049,32.40451891851791,32.75629011292425,33.12633694273582,33.53233317595524,33.99437037932755,34.40432497380018,34.83736915508387,35.266737773359495,30.019545988634697,30.73455590303547,31.454265965927217,32.25301053192585,33.0448928674661,33.82369707664605,34.55451781845918,35.31848425463687,36.103650177154414,36.74732102707644,37.44462394578642,38.119326609046,31.621606325183617,31.95656837982883,32.27495491366034,32.6665529431487,33.080884108691826,33.51661424200156,33.94059648381447,34.52177598266004,35.0793079613437,35.6158113845685,36.19733733005446,36.722150740936826,37.29705060496764,37.33284444517504,37.36506599581303,37.39790004897989,37.46250919329313,37.55010905611722,37.69057327524663,37.86259165548413,38.109910715657385,38.4483099053203",
    "38.65737886470472,39.00082137187694,39.45474558109901,39.86251360267224,46.74812518190473,46.85757340715032,46.99537794453455,47.14103015267618,47.34033627097677,47.59063660260672,47.79887778229147,48.002583328783054,48.26630722626358,48.44112745235748,48.63855299289166,48.714576715254815,48.78657252772648,39.85219081679775,40.2749460466829,40.79476341302024,41.33467145183151,41.88654318485021,42.46693219539002,43.14018975486758,43.71910748302688,44.34594483864191,44.927221385095976,45.48237917225402,46.082508517678406,46.54488094682035,11.404668599103164,11.04068456275258,10.640987863627192,10.230091800931856,9.852776753726246,9.42510864596336,8.94950978174234,8.636985942022132,8.40051715422566,8.05788586512344,7.8434673640880765,7.578276485252848,7.311404613332818,7.0845210713118725,6.878989476561913,18.228651249243544,18.900817407038097,19.618488959369408,20.356468245068832,21.11706993101913,21.82039764956256,22.47279293822709,23.17875608303653,23.80365271794203,24.482468530165832,25.146257127351326,25.62198915490378,26.09566924569321,26.463903411919382,26.87554784107708,19.496508032157948,19.14730282597592,18.85136129614901,18.51799253889308,18.191529668177417,17.844339990390264,17.557319661750043,17.088217633052597,16.61350454954454,16.212080253874635,15.779789205314794,15.41659572910155,15.052146094258855,14.713045087120584,14.250252736524155,10.78958737740454,10.439058665026158,10.01976034330931,9.550666610788811,9.115639806132002,8.71445618550897,8.201767361538979,7.816798027028053,7.446092774611788,7.006385677534196,6.614497144351724,6.270867947669067,5.984036797332818,5.690915657312687,5.405803595596652,17.074507323285914,17.395417931007703,17.679798098765986,17.88340953711728,18.031473087026228,18.12488982566229,18.162816454032072,17.822007200889757,17.588939236236193,17.406339950457408",
    "8.265406567090865,7.977676830884276,7.66193792190513,7.462539954623347,7.207905673606005,6.934755650558221,6.684391726475444,6.5262454713968365,6.316363792341068,6.1026525148430455,11.94984064347978,11.47141913291531,10.943383853818762,10.39685000150757,9.892733333486744,9.4284511044311,8.870891231155253,8.53186754204841,8.14912736142287,7.783301001748755,37.40595358698864,37.07417182081532,36.79608955406321,36.54306131287116,36.2565406096134,35.97840285754948,35.82167976198063,35.62896582427903,35.529486267978086,35.48172777481879,35.4532225725486,35.43777448459318,35.46838031828181,44.731269220035344,44.79691347596607,44.85869036647884,44.92064065668193,45.01486409575264,45.09296880513481,45.15865080368096,45.25188667268472,45.51453662728413,45.675760241718585,45.78669171629357,45.88602726469514,45.9693928437822,44.82158477313144,44.88680375562955,44.97752130227968,45.11363573173824,45.303465172043005,45.48465887969484,45.68335700846871,45.91796504971122,46.14750394686431,46.37988750004876,46.63988723667841,46.82990642849834,47.10853637135597,44.99002706174845,45.32765274817352,45.708453894696255,45.95135291022105,46.24382064222042,46.4703061374106,46.69132207189603,46.7979991896065,46.72607460926573,35.56847829840629,36.101345545856674,36.68719707094637,37.354381359958815,37.96233454633908,38.66777251337605,39.32754353324156,40.03570384079004,40.745025144694495,38.35469574001015,38.70945006052431,39.13302601777762,39.59489429531254,40.05100095780569,40.551882742558966,41.06840722020649,41.524503122192165,41.97710492794498,38.14404019599543,38.65226812688917,39.23309382973463,39.78792821453913,40.34604471805651,6.431439672289304,6.4422829352668645,6.453129375494629,6.466609340853768,6.485468648362534,6.492324838593432,6.448133968671816,6.3893482269795525,6.47487910120612",
    "6.436014758641531,6.394308372087483,13.836034766320646,13.639979842103727,13.366612139174974,13.08397668790212,12.746715513081742,12.380145319486676,11.980406127021356,11.604436880578175,11.212509481557705,10.851327871641775,10.402821240126674,7.926321237161673,7.8597723699510365,7.792301688342414,7.688042042620186,7.528860917026116,7.374210947154538,7.23020126304176,7.064404171986344,6.835408453618037,6.640261682287116,6.513437026744832,25.14289785320595,24.98538318955216,24.77011200383029,24.518993647914066,24.24071112961645,23.919458958123293,23.538261999477907,23.137049772288584,22.62854983800603,22.08814738963371,21.543273114689164,20.97231518376952,20.36277872900565,19.808264110743472,19.290509643845223,18.6950202221298,17.960828385513597,17.40425874386348,16.912292633903796,16.269487456662844,15.498701635504574,14.913592168345769,14.211558529787458,20.332086330226502,19.882669257273527,19.34125592131198,18.798651244871103,18.249348226652973,17.67122743203149,17.116193509113575,16.445473295533667,15.839747619904026,15.245030060473267,14.667122744473176,14.05735187572866,13.52449784480926,12.955296954856356,12.420302130468547,11.88781529342069,11.535808489205538,10.904357707912231,10.450244684788188,9.85313355425514,9.369832823416996,8.943088263944997,8.619374155455445,10.20368501488946,9.81550532565148,9.436311912575825,9.094977402838476,8.742935807972886,8.41035632953308,8.130499383240325,7.71800325414825,7.392892838405293,7.0707610816300015,6.84181743247896,6.557633962689168,6.329597605070696,6.054028471142544,5.790831714764204,5.500284562014941,5.223486391489474,4.969869148961041,4.70451740014137,4.453004795235024,4.303526116669753,4.133331391951181,3.990522372779835,12.26743330585911,11.92428318718993,11.573753897100175,11.18312733175738,10.73523544767864,10.225014560413143,9.83664354331924",
    "9.304524287629414,8.863477486099223,8.403975648282653,8.015170615635762,7.54072159933905,7.092161011574746,6.766687342548961,6.467686552985924,6.076466841323152,5.814433744297476,5.612865320717343,5.364011096356497,5.081934431830512,4.842202892694577,4.622559080492191,4.394928053457127,8.836898646797081,8.428586235082495,8.012767220069149,7.623893562462671,7.263183674158329,6.947431902290031,6.691727531139256,6.260681660167638,5.934667124940649,5.62493009276334,5.392550537407479,5.133100776182674,4.882213545531817,4.591973294541881,4.318862900337108,4.0916149028641495,3.816426627370344,3.596953522672967,3.367657368698292,3.19450757084435,3.0709901383847704,2.927770768553136,2.8248923261391257,21.27513452134944,20.80542489502633,20.32142360764861,19.79364811498719,19.2886546821475,18.826225044975747,18.36310321545909,17.660183607956572,17.00434788214563,16.388129965489384,15.854070573851516,8.25599871591681,8.225913230115067,8.184654650043147,8.154430674505377,8.13860201826229,8.137041401883547,8.13542581781106,8.15890133775404,8.185044034049659,8.323109710296114,8.42794644735404,16.435191574144675,15.99377288945253,15.470458880029778,14.901706625818392,14.349708682263648,13.748024981118174,13.116057404548574,12.617109376078956,12.02292351344239,11.47153397536636,10.951034301905404,38.16987682342489,38.83552978524637,39.54288683313955,40.259677809447965,40.99467783265469,41.67610870585594,42.32101698647244,42.99667721832936,43.49327003193431,44.050809687696606,30.40324168913865,30.94106681556362,31.49964089307553,32.13193542474004,32.72789001784417,33.42443066706178,34.067445418626626,34.76776459149374,35.44633448289238,36.09465045171016,34.15091755567704,34.77588898915173,35.43406326340728,36.08828797441941,36.75485981540828,37.47119013940337,38.16854822942959,38.8556567711701",
    "39.433590783058165,40.05897775754942,42.30622338648847,42.73219399478086,43.2082831717234,43.60016983116581,44.01842527896259,44.35709071120726,44.70980459879553,45.00447652299884,47.32914115833672,47.6098200711708,47.8481643236414,48.204811788251085,48.49522533841254,48.75813015752293,49.07073542936305,49.30002046214628,49.63779927690664,49.95667783888357,50.22159757781591,50.421718615898406,50.60027702940108,50.79330665012231,51.0177177842767,51.18001150041174,33.91280763987138,34.3488498076208,34.854503442640656,35.36220912904615,35.88193531860141,36.436996764939565,37.00476091879907,37.72332970708638,38.3274565409164,38.89830831656776,39.55487234991513,40.18099834178573,40.76865628874615,41.30207275436567,41.888860881262346,42.36859938468768,47.67167066845172,48.02958634445866,48.37884408176721,48.70156797525477,49.08049151942111,49.34942067592146,49.62444597534428,50.00559549794085,50.31218281395314,50.5988065370246,50.82786144621934,51.00527846545667,51.25963886541377,51.56780433405676,51.80217443091242,51.9653218017476,43.69906906008369,44.16692521755247,44.68027193593637,45.23177763437172,45.71978670440557,46.2516761975393,46.75557573203428,47.31812096570993,47.79196175095901,48.27301017253589,48.768494359637046,37.93467898113372,38.35864688720651,38.82950987126497,39.32578091395072,39.86937965514302,40.41648937885743,40.91284918854464,41.62473866562033,42.24068532317273,42.82317880682899,43.54174723763141,42.121300120038526,42.70728873203292,43.32972370501806,43.98454838871038,44.6189464299489,45.292694647973285,45.96983654793445,46.6569421684774,47.23989477192831,47.86309897476362,48.486416002552254,37.65488211634539,37.35435265458881,37.10155792243864,36.82938405992789,36.52327736832324,36.25986910271115,36.10630213309687,35.88985695449238,35.79449784565428",
    "35.71569261251074,39.00240225263274,39.6258261727175,40.27110526129543,40.93155798254082,41.59592158024988,42.3442086035103,43.07669672778651,43.85484850474854,44.57048188394575,45.29574746281556,40.65239858562561,41.2192259706065,41.80583155043594,42.41658216739959,43.04929246562328,43.71758838757017,44.34757028855466,45.0082466911098,45.5995913646704,46.22044605403289,43.06998682558409,43.43926195327668,43.84632284984095,44.30665881671271,44.77740367173675,45.24304989375396,45.76494600547936,46.23366599527289,46.779065563529386,47.22384306018248,37.86410070747212,38.21096979043835,38.49078390060456,38.76183381993697,39.03601761282705,39.34870086544935,39.63625529437327,40.03629113894914,40.45306784872663,40.80432108607127,42.32255286699454,42.84639075266501,43.42771934047134,44.04261601858856,44.64536016553033,45.23169130185667,45.98889037373333,46.61579396154615,47.24448596126829,47.78929007294138,50.42031994945504,50.64987896918896,50.87038975927653,51.10757380961032,51.3453818425961,51.574135983111255,51.8112397468725,51.97440793027185,52.25065939195703,52.39850426237052,52.55672227624724,52.67251370810023,52.80719616542778,37.62599897798488,38.206565868882194,38.8314640296003,39.48363255402154,40.11873724358156,40.8143546994159,41.48501472206537,42.19555817971276,42.90228777770221,43.65895924243563,44.393013854354415,45.0728211796845,45.739819028521104,51.45148028210561,51.6320857893668,51.784629858727584,51.87774406300125,52.00372473092868,52.07077088268972,52.16419128589614,52.23523101386477,52.43570407580312,52.57613475333662,52.64202622692344,52.67975042099951,52.72362203994772,20.40701590267544,19.88260073451791,19.31481225345692,18.75095212541374,18.17597692503321,17.66480607630495,17.08184954396815,29.70121901407976,29.540685311901456,29.285078062356227",
    "28.99322769009298,28.634275233098545,28.23680997836244,27.786817533190405,29.68935739714467,29.20267235383196,28.64164682827,28.070250333132616,27.509582472011022,26.896801509817923,26.210877655335867,26.941423124829097,26.353776994220546,25.702786827361862,25.061483340866893,24.41346468192232,23.778034872663326,23.000429110739603,14.112851237298177,13.645096105382953,13.120434298937944,12.601361523973546,12.06311573592036,11.47757251116372,10.942569071547066,10.255871703008776,9.649800410110116,9.079374450188617,8.367105746060776,7.680311204850641,7.070340660717892,6.367264144603579,5.821985682719808,5.257607956668727,4.790950665570733,4.365258810492295,11.89468554504426,12.340910951633775,12.831635953766376,13.321411539910493,13.776790861531849,14.239341092454588,14.657586106054238,15.13878028292117,15.540028717226452,15.972920386913854,16.252530143340092,16.455487346472466,16.679764647221596,16.904483937892916,17.012494429697426,17.045463590190305,17.087372757081127,17.110410791957104,17.678282112216138,17.624248727177047,17.55008092619307,17.462857722533393,17.37095925329322,17.219698398561167,17.02045448333518,16.85746997368606,16.562993082319664,16.323321872990423,16.102829577825087,15.830866874399533,15.502466002675249,15.232368983603262,14.880916699536517,14.458272479037724,14.0881852946438,13.664314994244531,14.077325242026316,13.64626870524246,13.1415932375649,12.649431208200308,12.070443011886711,11.494610310507197,10.90505833812644,10.206832476576524,9.53542353258606,8.925748634092812,8.225692983832175,7.54856605021572,6.8392887844411625,6.091077013212198,5.478565398810694,4.905577809077915,4.397329676870797,4.062376736387609,21.009230575934463,20.87378467978243,20.77531775385921,20.69888020409423,20.63513684350548,20.640867266032146,20.643005932644908,20.58933246601092,20.41599951571969,20.31763415781264",
    "20.229039589912887,20.11771880298727,19.985341549964684,13.78270947423981,13.715408562136238,13.655374861215783,13.601639739207396,13.54245770807104,13.511551936453088,13.48316013493623,13.459415076677468,13.286080639029036,13.212631569357436,13.164487799838705,13.085541637417917,12.945235126867372,15.707917342173802,15.25666976559721,14.756593763268205,14.283335910521718,13.790227694679425,13.262249942584573,12.718983079798472,12.009631727612224,11.433041070777271,10.867613257615732,10.23200823863565,9.637055253854951,9.023804791189352,13.993128852185457,13.316206580582334,12.569253142546422,11.840714091579503,11.090850253091734,10.357094813138396,9.696918271375475,8.9482580567309,8.25811277348074,7.59072880705332,6.996297081968113,6.440081051977771,5.835197775474592,45.008382990876605,45.29214176665264,45.578636078382985,45.923781492310574,46.249881025479546,46.5693387731306,46.93671955801023,47.21978849382994,47.591039021970005,47.91937395013553,48.19797106537975,48.39923933852384,48.64063827912143,41.13540587937725,41.55592167717307,42.02681905308385,42.484881427750665,42.984445287389605,43.52168900211728,44.16963373938767,44.86841952223057,45.49817171150249,46.08068251407466,46.782312805067,47.4322098948293,48.06261071258475,42.17276365619107,42.67641790257613,43.238906516925496,43.8340485306666,44.40244189968604,45.02994979834289,45.6830296392919,46.346020245284,46.95872689612645,47.60548749437951,48.24359028174416,48.78227533811249,49.29211467448331,13.528589154677563,13.157188394893277,12.778595137579396,12.346541111816842,11.853376228706448,11.368343370041469,11.002851451858357,10.46646733593429,9.92568097802724,9.44364793895545,8.94597533006191,8.501271318809703,8.055261650588971,7.632216390469183,7.20760887229784,6.769233204198758,6.430083001741021,6.102872976306943,5.794555655561196",
    "5.512944950382503,5.1963362293019735,4.883014498521014,4.542887607630469,4.228742328297104,7.810723922952047,7.597547581009517,7.404806806720218,7.148072064343398,6.890838951145254,6.633797677692822,6.442971998260863,6.143703363151737,5.899313647428102,5.615387431147441,5.425048623761336,5.24436465856904,5.021873087227353,4.867091943191964,4.747590662653206,4.60602174545979,4.531226186346055,4.429415216507011,4.29661919352356,4.1838215966408505,4.046586345813273,3.855410705582067,3.645907210217034,3.4877541827025667,26.45110976340713,25.99956524836886,25.433011322202457,24.912316616912257,24.36129424419135,23.77682963874054,23.23748131596218,22.581521063584034,21.90766452447379,21.24068518689561,20.57470525244669,19.86814461935218,19.17685068619532,18.3561579677204,17.573876932729853,16.771281137542076,16.135722373359485,15.216199681310322,14.533839440811024,13.821030283958772,13.157971207203316,12.4398083726118,11.708705097518337,11.096388648361808,13.202417494239205,12.76425426728227,12.245280411729668,11.707233669947708,11.170624400309858,10.647349152895012,10.13699710199089,9.550730957651238,8.993851975665004,8.543456735740197,8.00098795272396,7.486822422190884,6.985076162254673,6.498363121790646,6.1151409743380265,5.798727903783395,5.509060409660769,5.136070913931491,4.77111205988342,4.512040467875877,4.111848199797901,3.7751748532300144,3.483757176237761,3.2782717492301305,21.75349389164855,21.39501961718015,20.99268852693131,20.48903769020461,19.995710253467493,19.510738017527395,19.01709659763117,18.56512139299077,18.01690440379123,17.545862171505703,17.20462270639465,16.769954048163918,14.994591565810564,15.045494484530634,15.175282527888658,15.338390374292713,15.51855820700652,15.716028995197735,15.93994570688358,16.226565081590298,16.49296026181008,16.746372212276057,17.073109540283394",
    "17.378593758566975,34.45016680253479,34.68226536102976,35.03025158803482,35.415785389814346,35.83501312500189,36.25071769510708,36.716513785834685,37.20277565942195,34.83038157998463,35.09289264691359,35.4614300757507,35.8603538641845,36.30359245466553,36.71606969737719,37.18123328335944,37.60966867628672,46.54733333709013,47.02439446741134,47.487600148752655,47.907293981936434,48.31579267831475,48.65767330263778,48.98573210217637,49.20796141192086,49.41240481597109,49.61718468923723,49.78662798631448,49.87758689990357,46.88289810916306,47.3766975867237,47.88457666922252,48.32777369058964,48.78871470909043,49.17876915148303,49.58503684491016,49.885638069826165,50.159521556204766,50.46690167345713,50.74695071186106,50.8996508696748,39.79906526742027,39.755601029653306,39.71045307560509,39.6564474137563,39.5905657031373,39.546881534025246,39.47497068289696,39.9688599621476,40.348053797299485,40.79047012693931,41.18056142111315,41.665230854368566,42.10498218966183,42.48320176869862,39.1572425418884,39.15582806020487,39.13940350959144,39.10835012341092,39.07509366398769,39.03118552485158,38.97602003418606,19.30435629621252,19.53024970545473,19.866305057051218,20.24322221173297,20.65710826361824,21.08938570796594,21.594596892728298,22.08771769359842,22.588497332355463,23.042119475071228,29.40216951256237,29.110476297736884,28.75406574226399,28.3269117142484,27.86688706235184,27.426611973160416,26.898473720746537,26.482621923558483,26.03001632806724,25.651566347519555,32.72309888595314,32.364410451091885,31.96194167951212,31.491359603605773,30.98909412726784,30.500171549191023,29.9738627489832,29.4819457900284,28.940702455616016,28.37470686712024,19.464201368189947,19.375297959771306,19.28428101639145,19.24028343026726,19.226747075683527,19.2115868282124,19.21683813448041,19.25224293802985",
    "19.42244486533628,19.6678707668285,21.98398247957869,22.36524045265421,22.87782188302529,23.3783610512626,23.85246819035132,24.32602770046475,24.90116663712812,25.3303198328614,25.78054467653158,26.210303861171973,28.70254436788645,28.50705170088093,28.20307859975589,27.866785547260363,27.50251973332549,27.093746983621187,26.630954481000863,26.2114870696089,25.79569705510346,25.366113376098674,27.70619668452826,27.85173834494062,28.04510653392564,28.250059765179387,28.47273685958524,28.73380668483032,28.91748325813013,29.04410327733975,29.24120111128364,29.38146710346317,24.182002576209715,24.537163619179864,24.893516335302003,25.18582897020088,25.47577257434576,25.70256026577268,25.931537327366858,26.058832359235865,26.160941574788733,26.239076494157576,29.821773722331947,29.30289011505296,28.755428066464088,28.18711046264344,27.680931710255845,27.132732379684946,26.53948908144849,26.021608761427224,25.48946020458999,24.93387506763864,34.5911432712638,34.71948166995563,34.857783705479925,34.97348931418107,35.087370258659554,35.18038856549435,35.287712658554724,41.20229275164207,41.15567166481711,41.02529816424276,40.85476744215711,40.62872810137308,40.33925556687719,40.041488320047485,40.93663019186684,40.448696950149646,39.91008591654314,39.33103599257814,38.81390227706329,38.26131521017637,37.68114429676888,23.545223039508347,23.76685743586352,24.017651140812937,24.26646786433493,24.570608705784693,24.86513994021056,25.04283424009402,25.17432310700514,25.392322369776345,25.6056818175649,25.71664439953782,25.65771405729856,25.627620606995627,25.600911952502656,25.545400517688545,25.5101828726916,25.44814114764618,25.400655820333697,25.29706089764764,25.03780467178991,24.936201955729924,24.86498452997501,27.17391414040969,27.772870623697244,28.36904766707958,28.956934230044983,29.56389057796408",
    "30.12595467080405,30.63948176998313,31.17989522420269,31.61351979309496,32.07592933742123,32.51929028418712,15.862357627653475,16.50068148700239,17.17184972952692,17.863833223049653,18.574515637364986,19.310783571621734,20.020334288929376,20.75387142606672,21.506452497126062,22.195952564070524,22.89766250789352,17.84774922618547,18.47769276824372,19.13081829229884,19.786657076403973,20.45493713202244,21.14992126861567,21.80222390680992,22.443251140326,22.9875651522212,23.60000925717217,24.193744447634263,37.13638445502003,37.043647629657904,36.88656857313456,36.650257905813625,36.38738456053308,36.14348055356922,32.57206065955333,32.381430232758895,32.195936029803065,32.01678452406101,31.85239909655884,31.67499745569457,35.95815942073734,35.886822959680444,35.79895287691367,35.70649700782156,35.5934287236208,35.45777127853787,22.04558037693336,21.764071595312497,21.43002712702116,21.08859812248148,20.66705358644564,20.24316804342628,19.953314988847502,26.45499812307012,26.240904453625483,26.01476710093986,25.75768386486986,25.482096453340294,25.189519524628384,24.88721639634877,16.487889499984842,16.306000052528887,16.080982835142876,15.855599164185454,15.550747377469586,15.292487595072004,15.09777173916627,22.517669701392965,22.1462469171653,21.69605263599979,21.23094919016822,20.72962988119124,20.217541345381026,19.71722309250211,15.755351964439589,15.977911011353164,16.258442751247365,16.505101431021732,16.807485726039566,17.11340467367199,17.310523672948193,17.42993478616563,17.53547868108032,9.058689422602985,9.057880623878798,9.076848615002932,9.133132538662368,9.207747991952845,9.290965450794006,9.410318144996175,9.545745834763444,9.734403167091154,20.19637041721054,20.087159733651543,19.93473527238346,19.76947010787095,19.57817592601977,19.30738175206287,19.03926578274411,18.77862098035489",
    "18.352646036122508,9.125236442065807,9.303585166331986,9.588267047849632,9.889362395707568,10.204061092106407,10.562604316276328,10.88470070184762,11.20004884368516,11.49140037205433,17.27628185140212,17.150374906329855,17.083355505735863,17.065362970845257,17.10006790852461,17.214976666760602,17.327755706955394,25.645121738052563,25.348057580793498,25.010819765591464,24.604476624504485,24.19141967714113,23.774459514878583,23.357257187602656,22.08995392053321,21.84704462426045,21.57232376641652,21.269300774982312,20.920893035904378,20.621645045606748,20.274718945916604,38.951903518002574,39.18266131874712,39.35961482489164,39.46885499864395,39.57936003270023,39.60152350122432,39.667803738898826,39.674791443276845,42.600771746682064,42.65773586495863,42.709444865326496,42.78579266893365,42.88366007978425,42.994534105997175,43.11450484374016,43.25229914334353,34.82143953699078,35.13985163027596,35.48569098631119,35.93691819552029,36.391152233997005,36.844645792231695,37.31165068700145,37.80164611926936,39.22869528408035,39.348493644978944,39.45772832693493,39.5246706184505,39.58502458091555,39.67694718714099,39.7285498780594,39.7804857297556,15.949276377759452,15.383057719449798,14.781826996441502,14.166160714665455,13.583218205126569,13.023663262948306,12.399395611212416,11.953382492229316,11.583646297199104,34.71452308832537,34.70998531873236,34.72608722242557,34.77915482962528,34.85982530308976,34.92491674295646,35.02529249826416,35.149410377227085,35.32250554941078,35.47119857186246,35.61630258551885,35.764919259690004,35.83883421799688,35.99952847828272,36.18918381005591,31.125434508252084,31.126984862474963,31.163377539723854,31.239752799095744,31.348454183743176,31.508805335707645,31.722730207909027,31.9666407402282,32.30873996169782,32.708613277345975,33.11895776206483,33.5053766655621,33.95114109114134",
    "34.43991292718893,35.04911385993518,33.5979897362581,34.11267798515383,34.67820338329925,35.31574858792019,35.92753616325376,36.64975090561114,37.32548835880321,38.05989956352052,38.731567859868576,39.49074221307848,40.25897812036485,40.94801460186143,41.56620542866296,42.12799457950912,42.66520107224655,34.041134465506666,34.67098975193414,35.355210852029586,36.06568122374403,36.774014403756745,37.55819415753419,38.27051810442773,38.968591751417065,39.687167926502354,40.3508927815144,40.95748962997187,41.58694293417112,42.20877015557678,42.726429008207134,43.14553906251725,43.526164162853725,43.62025590297696,43.73887867195166,43.84165184989067,43.98173784092139,44.11960047107012,44.23094913311719,44.30113169614691,38.31698759741987,38.34945084144853,38.33124109966952,38.29410788626991,38.22562525731848,38.09395091520543,37.996966695616045,37.854674086255024,33.434869624976926,33.58041958106252,33.78630360824869,33.990677027768925,34.23313291385624,34.52570920991331,34.77912496796132,35.05229865773173,35.360869420358306,35.61430865553284,35.793877323609,35.966775957269995,32.82069863481741,32.7233216788256,32.6188246477498,32.54261121136314,32.505519258175646,32.423723957942094,32.39859828007806,32.3931693705345,32.43763433039581,32.542720869362746,32.57757165055518,32.62407251997364,27.627348938597844,28.11712254263737,28.66562524668077,29.22260698970146,29.813122205850508,30.43655577246659,31.121855995238366,31.86684041525396,32.586942313413154,33.251705206186365,33.94372252450705,34.62710033744557,28.680200272373,29.11518180201985,29.630532113300323,30.14722766221504,30.66706854806104,31.211069158125028,31.82521110150733,32.41147829401289,33.06226246736328,33.6415667234538,34.17188236304834,34.74099319023695,16.82571007870698,17.48412272201151,18.168323172779523,18.869632884050432",
    "19.62383405350533,20.3736285225181,21.130535938307386,21.873858416158747,22.603478587167388,32.776231275279955,32.86436375206545,32.93624653389129,32.94539702627175,32.90494227512583,32.8184321392398,32.757576098500465,32.66996321128428,32.34883321508303,20.998056194900645,21.094959712650788,21.19223920817155,21.277039467490635,21.34843244800567,21.405531102859744,21.44246169127629,21.44084624754678,21.56192203609473,17.893970259142854,18.56459599596081,19.26108730770597,19.993466406564984,20.73973875886048,21.474577344522764,22.171878492068792,22.857784343217105,23.43690166942224,12.00091336316795,12.412694062398302,12.914544629510544,13.359220630361444,13.831692799357192,14.315115616269203,14.741708632861087,15.256284656316998,15.649102365233016,15.995870713000512,16.254247323409523,16.420365092543765,16.61235472505725,16.880389902581218,16.973254372349338,17.022587509050012,16.852892426736997,16.885133266388383,16.919980101728477,16.596360965630005,16.129617241093698,15.605994659655066,15.066125441504774,14.49286817215802,13.894064606638898,13.299387930218744,12.555004987685365,11.88658158124904,11.289935533272535,10.627581083076665,9.922870074597228,9.259415745515836,8.589000594632658,7.817519958684544,7.12171936866773,6.518887373261771,5.788956233042706,5.150249603558022,15.492930754885652,14.93836814666064,14.34274243544198,13.7361020100727,13.119697865604024,12.4707013925963,11.828005041208597,11.117179576554925,10.448668529567108,9.730618631474748,9.000930679697557,8.312042836549029,7.698550655692394,7.07472625601747,6.298536993834253,5.551322663919489,4.98811915065081,4.185530256410607,3.4836286345573733,31.963708859953787,31.75371253785282,31.508012096996687,31.20412212501798,30.842608081828555,30.401312807758224,30.11201509587789,29.55595035525545,29.146057610364124,28.66887099137414,28.11661928581345",
    "27.68925580019767,27.117988557860976,26.50347616627944,26.000929238586405,25.436295735448304,24.81179477812032,24.1475853610582,23.44177488349439,22.75938438228423,22.07148261566436,21.431246829838987,20.71749446553761,20.25196504671314,19.6078214813314,19.08769472109107,18.53745541625881,10.92698379036647,10.712026760218818,10.571304237894422,10.4178642992868,10.32400238676333,10.333595010674369,10.306717438198422,10.171460995078686,9.977730464124296,9.804726331691654,9.70763344467397,9.681299814283028,9.576259352342015,9.470420459331844,9.354220461496045,9.170714229705348,9.02301226075988,8.848196524485882,8.701143631937656,8.535160180628562,8.399176289436365,8.263077423868985,8.131340824718867,7.989761155791815,7.801343429690595,7.62301171404458,7.45244842629426,7.603213911546619,7.403738895392996,7.229991983328139,7.001624243917589,6.773104319672156,6.564783235130086,6.40195495930403,6.087091368753843,5.84559663630074,5.590584345712346,5.4103812663191935,5.255696821162109,4.995416084474651,4.772720351006406,4.527031634685976,4.357103827817422,4.246862549366017,4.124302167299145,3.9501488717959177,3.77940502807969,3.5933422963172026,3.4261606924454435,3.2081709724537646,3.0975282631464705,2.881609016514915,2.718700670500259,2.55256641319359,17.1221181739032,16.837620214523273,16.591657202536048,16.298940457120537,15.957466923273884,15.617508328094043,15.402374186050697,14.9203744527689,14.47557809844234,14.077398649218166,13.70772428317439,13.394266179475958,12.99219645273184,12.635871185985806,12.18610852031301,11.712951080212871,11.265858039647128,10.778166763735433,10.36695122645594,10.07972299614631,9.689651886369974,9.465268644374817,9.11306933304408,8.775194592701755,8.393514734368324,8.144984167713558,7.862711097559508,7.379656355264152,7.035370306442835,6.704576870762399",
    "6.365909650628583,5.955966620603661,5.612451350034998,5.3539971750790345,4.980067354175366,4.698616328092795,4.4120170705998,4.211774137248883,3.966241742249806,3.677820753772039,3.503980561591561,3.3260727359815903,3.185475214617691,3.065974248941383,2.9464011506469934,2.7903358905642524,2.667974461073685,2.566109943387177,2.3997026407592,2.2243725357908097,2.1051275094506936,1.9441046215605,1.8183483806545693,1.7005719883930608,12.569048770557064,12.76035388837179,12.90960657499028,13.093309694178362,13.259403910393669,13.375413534293388,13.479304679071802,13.748326236110389,13.94425906256078,14.170904025105909,14.32180942236792,14.46161197635141,14.578970427992704,14.698253991142476,14.7491522629437,14.845413233059476,14.953559006490284,15.090858750257777,15.213894309421953,15.442504158137943,15.556711872051832,15.602720947881032,15.692579543989424,15.752048317134268,15.825659626783322,15.852059684416982,15.869225715791607,15.888255169595451,19.270220595833475,19.41833627205973,19.51181627232131,19.64282914292507,19.731311401951864,19.769595353526395,19.793670536244377,19.84228860380573,19.917454741586127,19.88718334390381,19.96850554443417,19.976430659184583,20.01207246525157,20.064254264351263,20.0446705067439,20.02877933524933,19.96383760040453,19.883611081533267,19.83677956616911,19.80245657371764,19.79549146890026,19.75630824807573,19.70404156972477,19.699301039524894,19.67957811291488,19.675011354540047,19.61905048792579,19.56307174416434,20.238328432621763,20.0112954052322,19.829695262346306,19.646451352559605,19.43247389198136,19.312646512308348,19.252772560023462,19.034495887747404,18.902555488490847,18.811631559475344,18.79062940198182,18.772058417654343,18.76458130649521,18.72998816804831,18.68004983868994,18.6225519932632,18.52530668745185,18.3679241072882,18.22578556648789,18.059341918452706",
    "17.997908473026282,17.940483713035928,17.824269208458634,17.77189015081383,17.678031874814828,17.626484694772497,17.578570389183774,17.506662490503874,14.5108362673482,14.62187066642141,14.807464089944832,14.992497250205735,15.265867999213397,15.543191633969975,15.8083865490266,16.028321603660896,16.319966532927854,16.605244508662587,16.890709208058254,17.091021453439023,17.269313033795363,17.49198028353138,17.682938646698712,17.810945393907655,17.89803450233415,18.04429781545397,18.13015190596967,18.231338018427603,18.331628002820388,18.447708787396667,18.619109584839663,18.721611891901123,18.80363567644953,18.951907075767465,19.044707381891428,19.10366516309317,46.67505013057877,46.78299161135211,46.89926653240794,47.0029243545144,47.085817799438914,47.17851632505376,47.27660147705556,47.37612998616875,47.592933624465495,47.80052956021982,47.92616869584437,48.02821667593769,48.15238602634373,48.24128560153125,48.35749221398604,48.41204227276229,38.38055341076934,38.813154546343256,39.25645217718624,39.75969746854072,40.23451986113712,40.752693904414336,41.23162948533394,41.87348779011992,42.45792639269773,43.01911428115566,43.56166750396264,44.1302525890529,44.72115942620953,45.29244984855727,45.81131264214864,46.231627295485154,36.63460928692984,36.929366374804175,37.22385358944538,37.59763868802447,38.02317386675048,38.449321568453016,38.81208232059374,39.39977578499457,39.88153825241469,40.39494421241847,41.05725497381781,41.709168981300415,42.263544819096914,43.00262061681028,43.68587032796821,44.41654685615465,47.63228024613243,48.03144508638494,48.472748247533154,48.82658988724886,49.20530088657985,49.50378671585659,49.84117521261322,50.2278745019907,50.5153983360808,50.7654353874842,50.9823610877158,51.18834653323154,51.40827898558012,51.613211783572,51.747185003524166,51.904680214722646",
    "42.67817519429656,43.04162442622528,43.44366861046838,43.820838014677896,44.1912244855678,44.53794018867321,44.84782598792469,45.31189032961428,45.72199911880932,46.10519775196199,46.41109748604863,46.67750057852527,47.1140262049362,47.62007967759931,48.10103441896702,48.46046723360404,48.73233699386657,49.1332103648657,32.64006285655157,32.94011865379196,33.28953362180674,33.715967259755224,34.140956158318936,34.65721841018593,35.13949075750954,35.77187270051659,36.302042533355575,36.88346499800798,37.61976967964917,38.29518184489499,39.02452289217542,39.77090069302793,40.51275276438601,41.27492831952108,42.01748331165332,42.7339122748508,43.95621758112197,44.3851563341456,44.84494940316237,45.35442040658519,45.79843148544104,46.223490532301845,46.57115859314583,47.04867173748991,47.52281315463961,48.02483002981749,48.41617642293856,48.71809684201661,49.06565222299605,49.40281640974874,49.824777096106565,50.106883397781125,50.332049067658815,50.65533352944576,42.48665280363293,42.82696951110615,43.125282658265625,43.40548280370289,43.748846022720215,44.07842714302984,44.31481194662669,44.642828328982525,45.11352918558861,45.50675410296844,45.77497658589007,46.08615898052784,46.35608018317155,46.6056091917302,46.97768398627471,47.23306782142265,47.47075447119002,47.73258510039064,37.35466081017709,37.66319227477288,37.92858332887225,38.21595959935922,38.52210257068645,38.81727501810137,39.05434061412543,39.4473765714593,39.96110992470028,40.3496732111989,40.65123819610915,40.91478765305758,41.17831040998954,41.51662215676067,41.90215597080746,42.24405107166514,42.461552675049845,42.7011872130312,30.54857308535697,30.55685982787612,30.56934347486452,30.63125347796445,30.739094018002447,30.885882896640904,31.13878419996984,31.379771941740128,31.790251962505256,32.23262334659872",
    "32.70279593431472,33.16692858097641,33.7031147895278,34.23266429661082,34.90240743470641,35.538514540396186,36.17116604239399,36.82848993203259,43.31358485449755,43.65115795867509,43.96050251427115,44.24439789396887,44.58696904451106,44.926286200421934,45.16407521843155,45.50321390670836,46.03020729338348,46.35280508893191,46.58313054857224,46.87201690778204,47.11170221743276,47.339726280710174,47.57359326539411,47.82396992156104,48.06010332194669,48.29898347334223,42.054922470345616,41.92655581808103,41.75767472449167,41.596066746529054,41.38503815341672,41.1545834595882,40.98714640761364,40.85537978978798,40.71193786159677,40.570475375109176,40.54944190350136,40.54656582248288,40.5481935897167,40.54308847273824,40.56184156552364,40.57711761571544,40.68242233778261,39.343499148585664,39.64195376896012,39.957190511973096,40.3336237904696,40.76705159390968,41.22342020164679,41.60229806045162,42.21344965546745,42.70078870138232,43.1859008287741,43.79136930966739,44.316565192355554,44.78444428074279,45.42277523439937,45.89790665074473,46.397883097500326,46.81938473640213,38.506463644428536,38.93625099207805,39.45524580448659,39.9547585500117,40.48877282288736,41.07450296104734,41.63895086677942,42.38109612332226,42.991116518338536,43.58365828272024,44.27497768713013,44.971076493840265,45.63868213808914,46.36914886571322,46.97576348492192,47.63765555444348,48.13328625769251,32.08054133620153,32.00034240571706,31.914565856289645,31.872309168977004,31.832017464903945,31.76154982638141,31.753076255305903,31.739078355027445,31.87842958230648,32.09449744725374,32.17931610697958,33.30790991843887,33.75306819254983,34.25258863992419,34.74946223331493,35.30697412666899,35.90850615938753,36.52523341372877,37.25767508733624,37.95886957164057,38.58657357592888,39.29169765813904,33.897464805357224",
    "34.343415105087814,34.86766583911842,35.36899015660994,35.89362137987509,36.49073417772301,37.090594134925546,37.80802401796131,38.449765997833744,39.05254315911844,39.73783412138984,40.98259827323121,40.84101772542103,40.64628905247264,40.43940924766039,40.151076490119216,39.82394494646712,39.45423279848235,39.08760660620205,38.63528570436842,38.795353511197554,38.85863573799779,38.90671841413988,38.91398935267591,38.84886236987435,38.788684178434025,38.71603180962598,38.54521515401592,38.36807979844213,27.63901029738547,27.569609499671863,27.507143539007387,27.49729127215971,27.53789162233688,27.583600547618456,27.684235809832696,27.784107630977623,28.08356582686917,39.72706111166245,39.414463803878,39.052405471308845,38.6012520229891,38.134181885737625,37.671034168212536,37.15865919695536,36.70528715289744,36.19467506737234,46.4653420519598,46.48364677253038,46.494819535571885,46.48690890447247,46.47262478132916,46.43567142445044,46.369239241527104,46.32445774368921,46.17600082994601,36.156816276592366,36.14462605993521,36.131252972010266,36.10044202309417,36.06911041202569,36.065266891528935,36.07841098731502,36.10146812342684,36.04957828503943,44.24799974971068,43.9165570931425,43.52605567573622,43.05391012968869,42.586314460395485,42.07966693077509,41.56846091849566,41.13539555807277,40.61706877593019,45.38412206588305,45.336929097393686,45.284623191840886,45.172091424325714,45.059849981258594,44.93597159384315,44.73445254377513,44.50601224339695,32.679637126484565,32.71424991426906,32.74339103104147,32.78011044748832,32.80897431213712,32.857110708463324,32.87124532656945,32.90765755834721,42.087069363327984,41.72435974062351,41.28237490269475,40.80797110636464,40.3339228236276,39.8288077880086,39.272863442149216,38.80942751505274,39.76666756198346,39.473860298906494,39.238019728178685",
    "39.015471361563584,38.792939776886485,38.63756743035313,38.53992654811935,38.27969126269684,37.98922868283677,37.81835711550297,37.72506077751553,37.61161848560506,37.52775759864616,37.4226800868472,37.15224621921887,36.82076348164181,36.44354868033534,36.22026235871039,36.03066987967809,35.85022059431863,35.60317094896861,35.419231177715616,35.166182457936955,34.989909055358744,34.86288886112311,34.72710522233262,34.63362559726651,34.51899872999052,34.44181951866349,34.36113791967277,43.54814408405249,43.52889973103324,43.4582997412158,43.32824989022057,43.20785562418446,43.0653664627852,42.88869149679837,42.56482608291228,42.366360911047735,42.0352842346955,41.86816554924212,41.53860638429689,41.22554580845782,40.811604458505165,40.51731242161992,40.3170420025931,40.19517855121472,39.96101182603214,39.67714482069587,39.41129932782295,39.2277456476591,38.94876352269149,38.89182830862752,38.799313453667104,38.64942461858962,38.37686288514927,38.294083497319306,38.18226371039296,38.07446705175417,37.88262886324295,13.627081545034327,13.681299693196364,13.80418698969744,13.999192457208828,14.213237133535552,14.429885645430645,14.777868759148165,15.140775564973628,15.372372606768415,15.648941111794194,16.089752499615813,16.528897952640527,16.980437021116074,17.58157997103771,18.025098092421228,18.374611125100937,18.64707319854609,19.129352740587507,19.542345179712093,19.90718454600741,20.3295196246832,20.80283039191349,21.30894051479567,21.53845955944876,21.97730503646349,22.40157107547546,22.73684772916055,23.04254791340616,23.236064969419616,23.324579123744897,34.84113611986869,35.11334194580965,35.32453617164231,35.577713115213626,35.80584889853493,35.98273302218371,36.107249325470434,36.35062772415762,36.418543294291766,36.43006815352013,36.5061222841578,36.57647958404692,36.68866188616814",
    "36.841214034704585,36.891617313949205,36.931809140659794,36.98790800379014,37.00810193327196,37.04481470204404,37.094096457638216,37.14250786479477,37.144348670640746,37.16441029445188,37.20970501468798,37.21001358239945,37.21891935692052,37.26035296249516,37.23086391922068,37.2237411946539,37.1912943760429,18.995463388848385,19.24644035592745,19.436498294856246,19.62938460020156,19.79045810085161,19.90469708849165,19.959445376740344,20.08199244203457,20.319607734931253,20.52918779334962,20.61564718374334,20.761870674612616,20.80991249478017,20.90896288528989,21.102103239998605,21.39706697327834,21.663072470938552,21.77905871571509,21.89166010611809,22.06127651598964,22.16698440674833,22.314678611702067,22.40809150956366,22.555848880677072,22.607375668648544,22.59051642669144,22.64824704630248,22.702776079882888,22.74628668791602,22.71972584926524,27.354861548076,27.75799604472864,28.23104382294692,28.662887062000205,29.11677752533109,29.567906323420903,29.99469547886218,30.515253030237595,31.05479489252218,31.499673468931512,31.907502838070343,32.171849595436186,32.500449640599115,32.98495993247378,33.24454679823547,33.460686686735905,33.69638688805181,33.94607294065116,34.10649595006152,34.22568610205139,34.37976952780658,34.53967304236011,34.77295051086666,34.88418496362868,35.019055716071804,35.108241282120474,35.24540201581242,35.27906801377085,35.33043246615908,35.34846874635624,27.05463819863675,27.39742535595468,27.753564099472577,28.084484112446315,28.424565508662088,28.675487884301933,28.92079902780452,29.22941450692324,29.534274587884145,29.75273271215616,29.8417540257215,29.88704615672955,29.99523800642197,30.16663345360279,30.25689389034828,30.35421184516466,30.44017802815598,30.547171876466688,30.61727834464289,30.63205680874652,30.657735114156853,30.75023544357072,30.796245323381672",
    "30.83019462109187,30.87126152914204,30.901059207570096,30.97846567894968,30.99680069784451,31.02538336043864,31.02050712027793,16.790869968894746,17.06681154953587,17.406845162935806,17.813177534351077,18.23980907821262,18.717004438166,19.13913730512684,19.722633872690096,20.28078471028084,20.88381894189412,21.47174303346013,22.015161689971684,22.570968895402043,23.02258404151683,23.642579746416924,24.188070923864384,24.650097303936025,24.96533222328932,25.33038987401933,25.78323751395829,26.12960300875408,26.510380882224084,26.86833672382569,27.19057747666396,27.485654435456027,27.84179225563309,28.1819107940896,28.433425560157005,28.70584922011986,28.75927112289688"
]

# Parse chunks into lists
x_preds = [float(val) for chunk in x_chunks for val in chunk.split(",")]
y_preds = [float(val) for chunk in y_chunks for val in chunk.split(",")]

# Verify
print(f'Loaded {len(x_preds)} x predictions')
print(f'Loaded {len(y_preds)} y predictions')
print(f'First x: {x_preds[0]}')
print(f'First y: {y_preds[0]}')
