id,x,y
2024120805_1201_47877_1,43.73655377201704,10.991600381902504
2024120805_1201_47877_10,39.9191879100385,7.876970734517739
2024120805_1201_47877_11,39.59084599413926,7.587010276504998
2024120805_1201_47877_12,39.24688676928015,7.268013263352992
2024120805_1201_47877_13,38.88013892482284,6.872708216239277
2024120805_1201_47877_14,38.45537279326562,6.46333774360378
2024120805_1201_47877_15,38.01622771221477,5.946890057565214
2024120805_1201_47877_16,37.72134811933556,5.550620720873733
2024120805_1201_47877_17,37.28934317429719,5.196797134490955
2024120805_1201_47877_18,36.97158236754806,4.889494562664257
2024120805_1201_47877_19,36.50809934549105,4.57069126751205
2024120805_1201_47877_2,43.23558062245467,10.67792491341268
2024120805_1201_47877_20,36.18058979552938,4.275333174779826
2024120805_1201_47877_21,35.81946497408366,3.885081243306489
2024120805_1201_47877_22,35.5255180581547,3.529865692060317
2024120805_1201_47877_23,35.361668017798266,3.2134875296977743
2024120805_1201_47877_24,35.072939854401675,2.9029080198973
2024120805_1201_47877_3,42.75488400408216,10.404003751288196
2024120805_1201_47877_4,42.26547141964643,10.110860313866358
2024120805_1201_47877_5,41.81303109732041,9.816954114175903
2024120805_1201_47877_6,41.36932586085705,9.517090750923648
2024120805_1201_47877_7,40.94234321260991,9.313292942857474
2024120805_1201_47877_8,40.55482194685657,8.837627641744023
2024120805_1201_47877_9,40.24985841488417,8.333141039693798
2024120805_1201_52453_1,30.36615313159262,17.088297054346544
2024120805_1201_52453_10,27.418881178833114,14.521746343862652
2024120805_1201_52453_11,27.2867177336144,13.991674824728292
2024120805_1201_52453_12,27.16056887459828,13.521121035531053
2024120805_1201_52453_13,27.005640172850452,13.055035156970757
2024120805_1201_52453_14,26.86842788991751,12.414397822967942
2024120805_1201_52453_15,26.701629128584027,11.788148951723787
2024120805_1201_52453_16,26.62804777589343,11.15532659161052
2024120805_1201_52453_17,26.46770991554362,10.341426234361876
2024120805_1201_52453_18,26.36690977222037,9.61659952739813
2024120805_1201_52453_19,26.127026517113624,9.081254203961668
2024120805_1201_52453_2,29.918845181991617,16.952499060363326
2024120805_1201_52453_20,25.858088828823508,8.579220328763467
2024120805_1201_52453_21,25.619989859995297,7.768940957543965
2024120805_1201_52453_22,25.58528961921889,7.118112902535438
2024120805_1201_52453_23,25.48386084567229,6.391157953329309
2024120805_1201_52453_24,25.400765175689635,5.872247898322888
2024120805_1201_52453_3,29.50110215372569,16.800901210287904
2024120805_1201_52453_4,29.1219864848336,16.617690037206387
2024120805_1201_52453_5,28.765613258938004,16.401684962374663
2024120805_1201_52453_6,28.38401009340384,16.125104891318717
2024120805_1201_52453_7,28.06980544250909,15.822124566144511
2024120805_1201_52453_8,27.811686168319017,15.505332378151945
2024120805_1201_52453_9,27.61923997022228,15.033024631155286
2024120805_1201_54831_1,43.15086920593251,24.516266662391345
2024120805_1201_54831_10,37.056259508903935,24.531446544215143
2024120805_1201_54831_11,36.499679783913976,24.479187403621044
2024120805_1201_54831_12,35.85733162801273,24.374459738449367
2024120805_1201_54831_13,35.337511426216025,24.26914083452487
2024120805_1201_54831_14,34.80840887550109,24.149988366964543
2024120805_1201_54831_15,34.27576922343707,24.103923797586177
2024120805_1201_54831_16,33.75603189018038,23.90233877804197
2024120805_1201_54831_17,33.33791215626363,23.711072488438344
2024120805_1201_54831_18,33.2021943684206,23.36874180364575
2024120805_1201_54831_19,32.99931867241849,23.16155800911147
2024120805_1201_54831_2,42.52558665666648,24.6548116056978
2024120805_1201_54831_20,32.57274497515468,22.970410555547076
2024120805_1201_54831_21,31.959346355476452,22.676419599789035
2024120805_1201_54831_22,31.38242328083516,22.27740825347363
2024120805_1201_54831_23,31.21595378809485,21.856957924981984
2024120805_1201_54831_24,30.78237403045963,21.572643830237787
2024120805_1201_54831_3,41.8542607350282,24.72578364288086
2024120805_1201_54831_4,41.14663195575931,24.82669577668976
2024120805_1201_54831_5,40.43424715595578,24.897098587918904
2024120805_1201_54831_6,39.72104756488438,24.93863706394777
2024120805_1201_54831_7,39.03123632341988,24.92368941778571
2024120805_1201_54831_8,38.45898466988983,24.80200203951223
2024120805_1201_54831_9,37.76069948892884,24.677066303495224
2024120805_1201_55965_1,39.50718447167705,14.534641602305111
2024120805_1201_55965_10,33.67894874875206,9.84794910467724
2024120805_1201_55965_11,33.27985298934914,9.189567163904885
2024120805_1201_55965_12,32.76913457541242,8.557705549861327
2024120805_1201_55965_13,32.37823801994685,7.95952782593319
2024120805_1201_55965_14,31.76691194179084,7.357142703474707
2024120805_1201_55965_15,31.30188467553651,6.617410879293043
2024120805_1201_55965_16,30.847584037447778,5.892373352572772
2024120805_1201_55965_17,30.316450856736186,5.282564265276475
2024120805_1201_55965_18,29.944138032906054,4.748516655799685
2024120805_1201_55965_19,29.55328588016192,4.197207743481288
2024120805_1201_55965_2,38.828814412641286,14.149540671670634
2024120805_1201_55965_20,29.23578705156303,3.5661688551159845
2024120805_1201_55965_21,28.85784659157308,2.9430917093356808
2024120805_1201_55965_22,28.251096548652427,2.4227280293461444
2024120805_1201_55965_23,27.75180401445703,2.0283054927148285
2024120805_1201_55965_24,27.146733178824597,1.553325350597346
2024120805_1201_55965_3,38.12748510872589,13.731087988288843
2024120805_1201_55965_4,37.40183254542382,13.288103917878006
2024120805_1201_55965_5,36.67482035728616,12.779673734179363
2024120805_1201_55965_6,35.97678199238378,12.235288909099737
2024120805_1201_55965_7,35.30784633258745,11.74736561794646
2024120805_1201_55965_8,34.76458096077108,11.07625511192942
2024120805_1201_55965_9,34.266171917143254,10.455658580211882
2024120805_1201_56540_1,48.25909704186864,17.111807453612432
2024120805_1201_56540_10,47.23404348459251,12.019413635802756
2024120805_1201_56540_11,47.176435537475214,11.368140450346823
2024120805_1201_56540_12,47.05804306337679,10.872529879814492
2024120805_1201_56540_13,46.92989613250506,10.513531480393848
2024120805_1201_56540_14,46.775838569165565,10.010811470920215
2024120805_1201_56540_15,46.51881185880238,9.538506020806784
2024120805_1201_56540_16,46.16978033542851,8.98829346698066
2024120805_1201_56540_17,45.835988050336205,8.541701723865073
2024120805_1201_56540_18,45.56679862179014,8.04096473770575
2024120805_1201_56540_19,45.18290725468443,7.665199883715539
2024120805_1201_56540_2,48.12840705353139,16.616586213728365
2024120805_1201_56540_20,44.9243029859533,7.33455587014245
2024120805_1201_56540_21,44.63421507425305,6.952888518802727
2024120805_1201_56540_22,44.336691140123534,6.573421511827716
2024120805_1201_56540_23,44.00021186417419,6.216915156716432
2024120805_1201_56540_24,43.54046083564491,5.869247604373946
2024120805_1201_56540_3,47.98651281247299,16.061391908417335
2024120805_1201_56540_4,47.87599843180771,15.483667991671467
2024120805_1201_56540_5,47.75965995273285,14.91845752037174
2024120805_1201_56540_6,47.68158805371704,14.32897781075007
2024120805_1201_56540_7,47.58014020820463,13.77104969076832
2024120805_1201_56540_8,47.49010928503427,13.164954567092945
2024120805_1201_56540_9,47.38096315667254,12.63620966601203
2024120805_1231_54622_1,46.815200269165125,37.60240564049877
2024120805_1231_54622_2,46.46296258783299,37.46244130330226
2024120805_1231_54622_3,46.10588795381017,37.23101227463596
2024120805_1231_54622_4,45.738605670138114,36.97314947238
2024120805_1231_54622_5,45.378262797940266,36.63995169044095
2024120805_1231_54622_6,44.98136798976359,36.27298481340159
2024120805_1231_54622_7,44.57667504661888,35.870882494585906
2024120805_1231_54622_8,44.32434491574672,35.52345864485212
2024120805_1231_54622_9,44.15676655507968,35.13647572252721
2024120805_1231_56540_1,49.71679696551329,35.26091077141259
2024120805_1231_56540_2,49.75621605998979,35.71792827108398
2024120805_1231_56540_3,49.8243586383252,36.2584503947084
2024120805_1231_56540_4,49.91214652854553,36.71620861594486
2024120805_1231_56540_5,50.00109219177429,37.26947219325754
2024120805_1231_56540_6,50.08702317322248,37.79525410181259
2024120805_1231_56540_7,50.17012268148282,38.3032465297119
2024120805_1231_56540_8,50.25587299484621,38.75069162630106
2024120805_1231_56540_9,50.34893466996412,39.25234197502851
2024120805_1231_57134_1,47.94444985896103,36.8977240854775
2024120805_1231_57134_2,47.397902652169,36.789579049971664
2024120805_1231_57134_3,46.83211355296484,36.631790732829074
2024120805_1231_57134_4,46.29157838009437,36.39174583379325
2024120805_1231_57134_5,45.74046114610739,36.11258325808239
2024120805_1231_57134_6,45.28977884441317,35.83790241966846
2024120805_1231_57134_7,44.84751462392836,35.4630385628318
2024120805_1231_57134_8,44.41320918836544,35.11029545096227
2024120805_1231_57134_9,44.01645038072332,34.7658192773978
2024120805_1303_47890_1,33.40237883421973,36.49184042667772
2024120805_1303_47890_10,31.27842881990493,39.2768048233323
2024120805_1303_47890_11,31.07555683799938,39.69797023152454
2024120805_1303_47890_12,30.848312685141057,40.076365267355136
2024120805_1303_47890_13,30.608188297755245,40.48428591418698
2024120805_1303_47890_14,30.381793449250925,40.91131865255077
2024120805_1303_47890_15,30.104720807490025,41.29867566106622
2024120805_1303_47890_2,33.15896751282672,36.690892159433865
2024120805_1303_47890_3,32.9020676016272,36.90301837315965
2024120805_1303_47890_4,32.68079200111526,37.16189693749895
2024120805_1303_47890_5,32.472299147618315,37.44706157577109
2024120805_1303_47890_6,32.26161486905287,37.72987651150842
2024120805_1303_47890_7,32.043394844320886,38.06415366616899
2024120805_1303_47890_8,31.828529957729817,38.4729482183444
2024120805_1303_47890_9,31.55481839095565,38.83817358656267
2024120805_1303_52453_1,35.9499824780455,46.54165443857266
2024120805_1303_52453_10,33.080425161500486,48.84675862637145
2024120805_1303_52453_11,32.53489151727721,48.91341108947442
2024120805_1303_52453_12,32.00566864726326,48.970346179850246
2024120805_1303_52453_13,31.41934884943793,49.0526358256008
2024120805_1303_52453_14,30.85547449070744,49.13180567285559
2024120805_1303_52453_15,30.35464883740004,49.175734452044615
2024120805_1303_52453_2,35.77554969090916,46.919553871166514
2024120805_1303_52453_3,35.57968106174122,47.27704308432425
2024120805_1303_52453_4,35.32407251791788,47.56233276105052
2024120805_1303_52453_5,35.08848340681994,47.83020244637133
2024120805_1303_52453_6,34.791421109291974,48.07455066202433
2024120805_1303_52453_7,34.34072049469178,48.30534514414852
2024120805_1303_52453_8,33.97331892730297,48.50715203190819
2024120805_1303_52453_9,33.54179682970044,48.66925134408426
2024120805_1303_54622_1,26.939058767057936,40.90858553167968
2024120805_1303_54622_10,20.806983010774477,41.43532543649929
2024120805_1303_54622_11,20.16830580253561,41.62814254351158
2024120805_1303_54622_12,19.610365474552765,41.91702376594402
2024120805_1303_54622_13,19.111914916068613,42.17200096024765
2024120805_1303_54622_14,18.75763708114369,42.39541934368695
2024120805_1303_54622_15,18.483070693442397,42.80517839078431
2024120805_1303_54622_2,26.321119414850003,40.82743063172038
2024120805_1303_54622_3,25.64318283510135,40.75742440646763
2024120805_1303_54622_4,24.98894718355346,40.73968930148573
2024120805_1303_54622_5,24.28304854011497,40.74466326330073
2024120805_1303_54622_6,23.6171212974084,40.7688280775363
2024120805_1303_54622_7,22.829843920891832,40.823393587685885
2024120805_1303_54622_8,22.116934170941388,40.89512111834149
2024120805_1303_54622_9,21.37209423173926,41.10062667216795
2024120805_1303_55900_1,29.075417661807315,38.386442725585184
2024120805_1303_55900_10,24.505148442757772,43.261568010962925
2024120805_1303_55900_11,24.15119987770677,43.95971838354028
2024120805_1303_55900_12,23.88443303359585,44.63819294324865
2024120805_1303_55900_13,23.635228773894617,45.31699963111264
2024120805_1303_55900_14,23.491047115617917,45.973567590423016
2024120805_1303_55900_15,23.30120337263296,46.617263773260845
2024120805_1303_55900_2,28.4780411870372,38.78638382654426
2024120805_1303_55900_3,27.8921011348734,39.22737772868236
2024120805_1303_55900_4,27.321230010711755,39.69636108890988
2024120805_1303_55900_5,26.76823170567577,40.23239278384944
2024120805_1303_55900_6,26.30804764333344,40.78772268287526
2024120805_1303_55900_7,25.789816820008475,41.3089124891588
2024120805_1303_55900_8,25.395579227403616,41.98221403496531
2024120805_1303_55900_9,24.960270049724187,42.6041130906807
2024120805_1303_56543_1,19.00926729534504,31.799304534890418
2024120805_1303_56543_10,16.828545946259638,36.45140059889514
2024120805_1303_56543_11,16.65476514857349,37.06313658127653
2024120805_1303_56543_12,16.502197956878913,37.74430902335407
2024120805_1303_56543_13,16.367792073268806,38.41415051843751
2024120805_1303_56543_14,16.287903921218994,39.02371489984463
2024120805_1303_56543_15,16.261215583471003,39.74140031693531
2024120805_1303_56543_2,18.73148590108343,32.20231497797574
2024120805_1303_56543_3,18.432746756850527,32.67648105851337
2024120805_1303_56543_4,18.17602236748989,33.12640444151477
2024120805_1303_56543_5,17.933195765043262,33.63280496627342
2024120805_1303_56543_6,17.717094313786202,34.197613308500735
2024120805_1303_56543_7,17.499934317983207,34.71308456924424
2024120805_1303_56543_8,17.25968735905603,35.364962917974644
2024120805_1303_56543_9,17.039733975146817,35.93145822594439
2024120805_143_41233_1,65.23352546907809,12.686051224858485
2024120805_143_41233_10,65.60841955386516,14.045725285177332
2024120805_143_41233_2,65.0357803513878,12.782735422467445
2024120805_143_41233_3,64.9160800451711,12.930985419436436
2024120805_143_41233_4,64.87352552343147,13.069228280695242
2024120805_143_41233_5,64.91456940475119,13.258612837731013
2024120805_143_41233_6,65.04333866744771,13.458384248690557
2024120805_143_41233_7,65.15489097666517,13.586539678536043
2024120805_143_41233_8,65.30026058923875,13.696474215237998
2024120805_143_41233_9,65.39569030142364,13.856188502770271
2024120805_143_57233_1,64.72191226194919,12.200164923049943
2024120805_143_57233_10,64.96190420237032,13.540531016865948
2024120805_143_57233_2,64.53070589214738,12.28390378208022
2024120805_143_57233_3,64.37742949566913,12.392703936837856
2024120805_143_57233_4,64.3313785105628,12.517437187223534
2024120805_143_57233_5,64.32762933453809,12.68391790124429
2024120805_143_57233_6,64.40379193735939,12.83380249957996
2024120805_143_57233_7,64.47415654227923,12.97887179284742
2024120805_143_57233_8,64.59888555467599,13.122773601218745
2024120805_143_57233_9,64.71739333515075,13.303275882078797
2024120805_1524_52518_1,27.379405605380217,40.5489039192786
2024120805_1524_52518_2,27.031843567561328,40.37778187217639
2024120805_1524_52518_3,26.64251975407192,40.16816252685915
2024120805_1524_52518_4,26.26330049280997,39.951485371522665
2024120805_1524_52518_5,25.86384685379934,39.68917540219519
2024120805_1524_52518_6,25.484940965234205,39.45958610670689
2024120805_1524_52518_7,25.120051901812165,39.17323480742371
2024120805_1524_52518_8,24.7512380280246,38.89633399850056
2024120805_1524_53472_1,24.528198121124216,35.297019761879454
2024120805_1524_53472_2,24.292509617739118,35.28053856290889
2024120805_1524_53472_3,23.96303267693811,35.2695260242744
2024120805_1524_53472_4,23.573002000048287,35.23600710787409
2024120805_1524_53472_5,23.15746478180804,35.214816592315834
2024120805_1524_53472_6,22.73494722316208,35.19416538379752
2024120805_1524_53472_7,22.36428021789782,35.19708398562152
2024120805_1524_53472_8,22.011754100332386,35.17774454737815
2024120805_1524_56663_1,20.829488684004552,34.27470602353874
2024120805_1524_56663_2,20.789420016998616,34.297553753348
2024120805_1524_56663_3,20.72322255552273,34.362602629676566
2024120805_1524_56663_4,20.63443674143095,34.44513528462102
2024120805_1524_56663_5,20.534044347426875,34.520178445954144
2024120805_1524_56663_6,20.45592650206967,34.64031249001351
2024120805_1524_56663_7,20.295697758844664,34.780385821753455
2024120805_1524_56663_8,20.198075766151344,34.94870603005316
2024120805_1603_47877_1,57.35721076625397,13.9425953633012
2024120805_1603_47877_2,57.077639113426585,14.515875170532148
2024120805_1603_47877_3,56.80102498067867,15.116060981239524
2024120805_1603_47877_4,56.54674637711413,15.763940073119263
2024120805_1603_47877_5,56.33973550430908,16.393829859523773
2024120805_1603_47877_6,56.118362066130594,17.080441544514372
2024120805_1603_47877_7,55.9354979030755,17.772033323105337
2024120805_1603_47877_8,55.81423608762325,18.460136842762285
2024120805_1603_47877_9,55.727562465571886,19.051513740861022
2024120805_1603_55965_1,57.97042111839063,14.480988675110044
2024120805_1603_55965_2,57.702209683459714,15.058099807710892
2024120805_1603_55965_3,57.45208956558527,15.664888149520545
2024120805_1603_55965_4,57.2365794908084,16.30097911529311
2024120805_1603_55965_5,57.03531242238661,16.939472761777306
2024120805_1603_55965_6,56.8212394806743,17.59748759740314
2024120805_1603_55965_7,56.57740643431717,18.24475721679549
2024120805_1603_55965_8,56.44455157809284,18.8724685259863
2024120805_1603_55965_9,56.34908601834354,19.38511363280329
2024120805_1603_56540_1,56.16962064647731,14.156192644646843
2024120805_1603_56540_2,56.06587695302334,13.58290824889169
2024120805_1603_56540_3,55.96157192248609,12.992683266516762
2024120805_1603_56540_4,55.8512236571252,12.411091783865803
2024120805_1603_56540_5,55.72170103596825,11.821359852977793
2024120805_1603_56540_6,55.61067171622564,11.221788841392945
2024120805_1603_56540_7,55.52942264523259,10.660781591307943
2024120805_1603_56540_8,55.47205497189602,10.136106908646289
2024120805_1603_56540_9,55.42204380326589,9.71140084992328
2024120805_1682_47877_1,16.911009370974856,13.784837568813108
2024120805_1682_47877_2,16.738690885047667,13.742794536083798
2024120805_1682_47877_3,16.56981027981919,13.693469680145768
2024120805_1682_47877_4,16.409010465955998,13.581635405897662
2024120805_1682_47877_5,16.310192080613618,13.478336358598431
2024120805_1682_47877_6,16.250698646241233,13.355151153826098
2024120805_1682_47877_7,16.181216266331685,13.112564257448753
2024120805_1682_47877_8,16.210273193891187,12.886361739645595
2024120805_1682_47877_9,16.305939949189167,12.595898797747822
2024120805_1682_55097_1,27.946727176319925,12.806860634591397
2024120805_1682_55097_2,27.72230763722348,12.184607343362677
2024120805_1682_55097_3,27.444168356606028,11.53620479313688
2024120805_1682_55097_4,27.10746541830089,10.857181502455344
2024120805_1682_55097_5,26.788553167223093,10.138128989674785
2024120805_1682_55097_6,26.46389380417528,9.421496260686554
2024120805_1682_55097_7,26.10911685346281,8.810840816257556
2024120805_1682_55097_8,25.84113879903689,8.185429034056853
2024120805_1682_55097_9,25.562490862668422,7.663472496098001
2024120805_1682_57178_1,23.388707467275072,15.08350324590999
2024120805_1682_57178_2,23.261439358223864,14.57467778033926
2024120805_1682_57178_3,23.11852596504341,14.008748320147811
2024120805_1682_57178_4,22.95823447473922,13.42115971377459
2024120805_1682_57178_5,22.807503237461,12.829514797739172
2024120805_1682_57178_6,22.71340928828093,12.183206390393508
2024120805_1682_57178_7,22.624614736153397,11.51041044939733
2024120805_1682_57178_8,22.601593030384688,10.712400839052393
2024120805_1682_57178_9,22.546663479270087,9.995066870600663
2024120805_1822_43329_1,57.69268327981401,25.48158983994986
2024120805_1822_43329_10,57.25123430619552,31.50222893578344
2024120805_1822_43329_11,57.21975982387661,32.12311821143756
2024120805_1822_43329_2,57.6992187191063,26.156912680109937
2024120805_1822_43329_3,57.67131812268576,26.8462857309371
2024120805_1822_43329_4,57.629216384435765,27.58999488858997
2024120805_1822_43329_5,57.57808763185546,28.3368835325617
2024120805_1822_43329_6,57.51858350727253,29.04708214387155
2024120805_1822_43329_7,57.47831299826723,29.659134261489765
2024120805_1822_43329_8,57.38569281062598,30.360113840111573
2024120805_1822_43329_9,57.30923845619455,30.95139682256975
2024120805_1822_52428_1,50.97034739822701,37.7375059297389
2024120805_1822_52428_10,53.87058402861535,34.20580487395248
2024120805_1822_52428_11,54.272498859092366,33.891869193476225
2024120805_1822_52428_2,51.24902023598755,37.41052330650751
2024120805_1822_52428_3,51.54563028154938,37.05961279812178
2024120805_1822_52428_4,51.87204009052139,36.615820957942695
2024120805_1822_52428_5,52.1903357455649,36.18510886959589
2024120805_1822_52428_6,52.52251222012627,35.7643416525124
2024120805_1822_52428_7,52.83995840364877,35.38283164355335
2024120805_1822_52428_8,53.16374168692472,35.053459541544626
2024120805_1822_52428_9,53.48699037673105,34.60861659191431
2024120805_1822_53472_1,53.52896217996107,23.130664401106465
2024120805_1822_53472_10,55.84467316130817,27.239821922665566
2024120805_1822_53472_11,56.07275539047403,27.72028833042616
2024120805_1822_53472_2,53.73290226157936,23.530176956692014
2024120805_1822_53472_3,53.966850966018136,23.95876011466294
2024120805_1822_53472_4,54.229121712285696,24.358926906259587
2024120805_1822_53472_5,54.492819362277245,24.78786027055192
2024120805_1822_53472_6,54.80023050887498,25.230951255047145
2024120805_1822_53472_7,55.07940520274564,25.70370530290593
2024120805_1822_53472_8,55.370525390947854,26.31228767754586
2024120805_1822_53472_9,55.58131131015698,26.804910796316943
2024120805_1822_55100_1,69.15203985693984,26.27438080825016
2024120805_1822_55100_10,73.39551108968685,27.27057826505829
2024120805_1822_55100_11,73.75797965420648,27.55301861722054
2024120805_1822_55100_2,69.6954428367824,26.15767101925615
2024120805_1822_55100_3,70.25286908807217,26.090744668964263
2024120805_1822_55100_4,70.76722563998547,26.09736760577954
2024120805_1822_55100_5,71.28626400124232,26.144345461834064
2024120805_1822_55100_6,71.7274304718299,26.245780499964862
2024120805_1822_55100_7,72.21857626827926,26.356758489654155
2024120805_1822_55100_8,72.62484169948577,26.50037932447547
2024120805_1822_55100_9,73.1127227545853,26.88974025696683
2024120805_1822_56068_1,49.90374800364161,25.90456962291321
2024120805_1822_56068_10,51.97900557445985,26.62316279164548
2024120805_1822_56068_11,52.30310393940972,26.871993377263838
2024120805_1822_56068_2,50.00137595561622,25.70394798144452
2024120805_1822_56068_3,50.12312316426907,25.57991907296583
2024120805_1822_56068_4,50.29864824453783,25.511464731099117
2024120805_1822_56068_5,50.51542657810217,25.510462316664203
2024120805_1822_56068_6,50.74844555674024,25.61946535511632
2024120805_1822_56068_7,51.07104219141022,25.727205359490068
2024120805_1822_56068_8,51.35709041884869,25.982665037125063
2024120805_1822_56068_9,51.69777856974826,26.287239102788448
2024120805_1822_57233_1,59.809743736719895,42.182106338182095
2024120805_1822_57233_10,57.34493992936667,45.89065598924239
2024120805_1822_57233_11,57.07859030585631,46.18210850175895
2024120805_1822_57233_2,59.66859657150495,42.569920467492885
2024120805_1822_57233_3,59.43533249867017,43.01056615877149
2024120805_1822_57233_4,59.15215340052748,43.43312948071328
2024120805_1822_57233_5,58.81418685467464,43.88809791242783
2024120805_1822_57233_6,58.52304684533813,44.32839849156599
2024120805_1822_57233_7,58.178882845209074,44.69596658959827
2024120805_1822_57233_8,57.88688890181685,45.15628950616152
2024120805_1822_57233_9,57.624959797998514,45.559720917253415
2024120805_1847_52518_1,72.61893384375121,20.48249359061197
2024120805_1847_52518_2,72.48221647927313,20.73113493936045
2024120805_1847_52518_3,72.32845815407693,20.946316063349173
2024120805_1847_52518_4,72.11592260226317,21.112036471768224
2024120805_1847_52518_5,71.9168025337752,21.32158070055709
2024120805_1847_52518_6,71.69493247909718,21.446446418733444
2024120805_1847_52518_7,71.45894989898393,21.490794623173034
2024120805_1847_52518_8,71.3163625513099,21.50416225722705
2024120805_1847_57213_1,67.95035883255507,12.79238697298292
2024120805_1847_57213_2,68.02989664705835,13.193825664014556
2024120805_1847_57213_3,68.12214070943988,13.684869759354568
2024120805_1847_57213_4,68.22397327917088,14.163618649079606
2024120805_1847_57213_5,68.31933804445191,14.59662840613735
2024120805_1847_57213_6,68.43088973969354,15.072538776668033
2024120805_1847_57213_7,68.58445442312681,15.61227517586925
2024120805_1847_57213_8,68.68079238584922,15.954573031227596
2024120805_1947_41233_1,70.11283942397543,14.224135515180604
2024120805_1947_41233_10,69.5955308969267,13.91027764540432
2024120805_1947_41233_11,69.26563656475992,13.84275743999825
2024120805_1947_41233_2,70.28104286335865,14.233233041820652
2024120805_1947_41233_3,70.3967923092298,14.229229529465696
2024120805_1947_41233_4,70.42773995879504,14.19150353819035
2024120805_1947_41233_5,70.40224429132599,14.157025828574907
2024120805_1947_41233_6,70.27165189656777,14.10750762734357
2024120805_1947_41233_7,70.14950823035782,14.031780798084544
2024120805_1947_41233_8,70.01398228060984,13.914398314171684
2024120805_1947_41233_9,69.83794950269966,13.939567770339416
2024120805_1947_52518_1,71.35829382646523,19.97067457745046
2024120805_1947_52518_10,71.45286783939761,17.38485807227142
2024120805_1947_52518_11,71.24111810727835,16.986353669047684
2024120805_1947_52518_2,71.54618901607716,19.87688378811769
2024120805_1947_52518_3,71.70625231547601,19.71906926573701
2024120805_1947_52518_4,71.80719832470285,19.49117883820172
2024120805_1947_52518_5,71.82925305895169,19.235800705419884
2024120805_1947_52518_6,71.82894318103233,18.94815767671085
2024120805_1947_52518_7,71.765538820626,18.51800145124619
2024120805_1947_52518_8,71.67631304302644,18.13927947387608
2024120805_1947_52518_9,71.60035711213592,17.808712729961012
2024120805_1947_54586_1,71.60831792049713,9.919733996836888
2024120805_1947_54586_10,71.9432297605374,12.364616312951496
2024120805_1947_54586_11,71.73320098038558,12.759399711719087
2024120805_1947_54586_2,71.93737953654438,10.054973249846942
2024120805_1947_54586_3,72.20210728598936,10.242409228341836
2024120805_1947_54586_4,72.39462081697539,10.444841737532808
2024120805_1947_54586_5,72.51055877593423,10.70129884692394
2024120805_1947_54586_6,72.50078517963438,10.981798234939909
2024120805_1947_54586_7,72.40786964368662,11.320198527005653
2024120805_1947_54586_8,72.26792605987731,11.62661134039655
2024120805_1947_54586_9,72.14960080886414,12.010274727426022
2024120805_1947_55100_1,70.5313961931194,25.61979466421412
2024120805_1947_55100_10,73.29338943297714,24.82168840944559
2024120805_1947_55100_11,73.48819656127257,24.72453654271841
2024120805_1947_55100_2,70.83850178639484,25.579307082930008
2024120805_1947_55100_3,71.18979076954945,25.53404442197338
2024120805_1947_55100_4,71.56084107432784,25.47026171301074
2024120805_1947_55100_5,71.87193997463785,25.41143937172044
2024120805_1947_55100_6,72.2051100445186,25.33292154879621
2024120805_1947_55100_7,72.52830506478762,25.25134990663677
2024120805_1947_55100_8,72.80760554695142,25.152813364957712
2024120805_1947_55100_9,73.08765604496028,24.98460576054343
2024120805_1947_57801_1,78.77215862441905,16.08803930077551
2024120805_1947_57801_10,79.64327221597866,18.61745034190661
2024120805_1947_57801_11,79.55372256724068,18.88516743462356
2024120805_1947_57801_2,79.05871887922548,16.315054586846188
2024120805_1947_57801_3,79.330552100765,16.602904641500263
2024120805_1947_57801_4,79.50991931103704,16.897655088277194
2024120805_1947_57801_5,79.68758761474776,17.23542024655504
2024120805_1947_57801_6,79.77087175086388,17.62420733195031
2024120805_1947_57801_7,79.81055648936538,17.92107653327695
2024120805_1947_57801_8,79.80207201294041,18.17234034105159
2024120805_1947_57801_9,79.72948329886565,18.37672183152916
2024120805_2274_47890_1,68.85144317449662,20.11927126433188
2024120805_2274_47890_10,68.43168554165221,18.988365257150853
2024120805_2274_47890_2,68.89508903130866,20.151976913772355
2024120805_2274_47890_3,68.89788095917568,20.165711940006283
2024120805_2274_47890_4,68.87941892420575,20.13537688025249
2024120805_2274_47890_5,68.86218414717916,20.068454230618197
2024120805_2274_47890_6,68.81369101390277,19.972247673000588
2024120805_2274_47890_7,68.76040404745038,19.81062017577128
2024120805_2274_47890_8,68.67501361150283,19.61809067227411
2024120805_2274_47890_9,68.56464753865903,19.27096580124595
2024120805_2274_54622_1,67.46839810507406,14.438552183998612
2024120805_2274_54622_10,68.49392373951046,12.152949535323682
2024120805_2274_54622_2,67.79009588314186,14.331200938123398
2024120805_2274_54622_3,68.09153615608585,14.165552540221029
2024120805_2274_54622_4,68.34431952378547,13.949574350877082
2024120805_2274_54622_5,68.51631480015278,13.700397176847256
2024120805_2274_54622_6,68.64401417768582,13.438644060084265
2024120805_2274_54622_7,68.69040136287819,13.131365138439303
2024120805_2274_54622_8,68.6220740305161,12.85253025817789
2024120805_2274_54622_9,68.57421786618136,12.500597710008323
2024120805_2274_55900_1,63.39501114660339,20.272223983135056
2024120805_2274_55900_10,63.52156560832495,14.333539304503535
2024120805_2274_55900_2,63.4575749974704,19.618619835439667
2024120805_2274_55900_3,63.49072784369728,18.942484691948543
2024120805_2274_55900_4,63.49879471557962,18.24835281114367
2024120805_2274_55900_5,63.52957843470834,17.55824721889531
2024120805_2274_55900_6,63.55777078805003,16.87347809333512
2024120805_2274_55900_7,63.60174577316512,16.21863878026491
2024120805_2274_55900_8,63.60318975345132,15.5759513322311
2024120805_2274_55900_9,63.54930077981721,14.969864459263096
2024120805_2343_38588_1,75.36833317299077,19.618325283680303
2024120805_2343_38588_10,76.18539560729965,16.20435728561841
2024120805_2343_38588_2,75.49039816275649,19.32835832436519
2024120805_2343_38588_3,75.60219480628544,19.05976248001989
2024120805_2343_38588_4,75.75115182023501,18.730296151463666
2024120805_2343_38588_5,75.87571617271526,18.356896514701287
2024120805_2343_38588_6,75.99661540904853,17.985562375272284
2024120805_2343_38588_7,76.07841209181368,17.554941174591004
2024120805_2343_38588_8,76.121026123794,17.122107722701898
2024120805_2343_38588_9,76.1560293636976,16.674353489755728
2024120805_2343_48097_1,71.54228364406362,10.627814028557063
2024120805_2343_48097_10,75.3421185151068,6.603354402228663
2024120805_2343_48097_2,72.0244669919752,10.267382433580648
2024120805_2343_48097_3,72.46401554345024,9.852582846662196
2024120805_2343_48097_4,72.95113737292652,9.395272838652811
2024120805_2343_48097_5,73.40595245097856,8.918549459083051
2024120805_2343_48097_6,73.9134438192957,8.446695912169828
2024120805_2343_48097_7,74.33611239931417,7.95374661248459
2024120805_2343_48097_8,74.71445870445662,7.53661675305267
2024120805_2343_48097_9,75.03910414742856,7.027913330239169
2024120805_2343_56543_1,79.27517589725147,13.601406211674618
2024120805_2343_56543_10,78.14379183954634,8.30389351731619
2024120805_2343_56543_2,79.18238448712287,13.080524542179262
2024120805_2343_56543_3,79.08583033799592,12.526946032417593
2024120805_2343_56543_4,78.97719904877349,11.918611375151734
2024120805_2343_56543_5,78.86151875707056,11.324727495938344
2024120805_2343_56543_6,78.73280407345598,10.685714399771586
2024120805_2343_56543_7,78.58310603870956,10.082672497421107
2024120805_2343_56543_8,78.4156893980942,9.45619550306686
2024120805_2343_56543_9,78.26509515571098,8.834023446098703
2024120805_2524_38588_1,100.13632997501333,20.53177122591479
2024120805_2524_38588_2,100.35728947581396,20.064520503272604
2024120805_2524_38588_3,100.5989784175772,19.58538096443305
2024120805_2524_38588_4,100.85226259984633,19.086391673523487
2024120805_2524_38588_5,101.05734467359324,18.569229676054103
2024120805_2524_38588_6,101.27064744065476,18.109713394486683
2024120805_2524_38588_7,101.445686182565,17.626136525846782
2024120805_2524_55900_1,95.02141472055384,29.987914556065917
2024120805_2524_55900_2,95.18548316270792,29.315797255502844
2024120805_2524_55900_3,95.33406786223532,28.6035259003703
2024120805_2524_55900_4,95.48965743711678,27.886648243609432
2024120805_2524_55900_5,95.61114510481796,27.134010662535747
2024120805_2524_55900_6,95.73509521333156,26.32041416224244
2024120805_2524_55900_7,95.79730143145788,25.6112251499684
2024120805_2524_57210_1,97.13431658028436,30.25762379162409
2024120805_2524_57210_2,97.15596429545737,29.71671585701377
2024120805_2524_57210_3,97.17134989068131,29.14739057206627
2024120805_2524_57210_4,97.18903330358452,28.54023506530169
2024120805_2524_57210_5,97.1960183693408,27.969522926719645
2024120805_2524_57210_6,97.15879579328023,27.246727024393028
2024120805_2524_57210_7,97.13896695358378,26.62933629938033
2024120805_2549_38588_1,109.77616964421924,33.85143026004624
2024120805_2549_38588_10,112.22338685793288,38.17600413306578
2024120805_2549_38588_2,110.10218835386624,34.380878817458616
2024120805_2549_38588_3,110.47306951755796,34.92679431689667
2024120805_2549_38588_4,110.82298351609276,35.46965321278763
2024120805_2549_38588_5,111.1654304782502,35.97552593285814
2024120805_2549_38588_6,111.53094376195828,36.52021362537365
2024120805_2549_38588_7,111.78815324876749,37.00899853418567
2024120805_2549_38588_8,111.91645153799269,37.41323831898554
2024120805_2549_38588_9,112.10492417477968,37.840781408410265
2024120805_2549_56543_1,111.97291431905836,31.004903052399
2024120805_2549_56543_10,111.71292050505808,33.2567566751487
2024120805_2549_56543_2,112.02094338899788,31.188637288359345
2024120805_2549_56543_3,112.05150185794928,31.371168247946414
2024120805_2549_56543_4,112.06400267275755,31.580461406613285
2024120805_2549_56543_5,112.05826910703496,31.808924614038396
2024120805_2549_56543_6,112.0369233472672,31.985916763813183
2024120805_2549_56543_7,111.99806838500638,32.28421445347508
2024120805_2549_56543_8,111.932319454727,32.58994887276795
2024120805_2549_56543_9,111.8431397222366,32.923774930925475
2024120805_2549_57134_1,104.2059504597473,38.82980093430896
2024120805_2549_57134_10,103.84463546463678,39.06330524169678
2024120805_2549_57134_2,104.2777960057047,39.057444367452845
2024120805_2549_57134_3,104.27372681781137,39.28335089177001
2024120805_2549_57134_4,104.25479431836776,39.38957299398602
2024120805_2549_57134_5,104.21715000272935,39.48604920085866
2024120805_2549_57134_6,104.17288847708213,39.49439517551573
2024120805_2549_57134_7,104.1319149371246,39.49089422852177
2024120805_2549_57134_8,104.05581980982792,39.44007945909716
2024120805_2549_57134_9,103.95739139454838,39.25579167786561
2024120805_2549_57210_1,104.58030525800876,38.35386000505432
2024120805_2549_57210_10,104.33075960461493,39.95110649357045
2024120805_2549_57210_2,104.57738865825708,38.65062215498721
2024120805_2549_57210_3,104.562467878106,38.9921066353794
2024120805_2549_57210_4,104.53098311260727,39.21349279548991
2024120805_2549_57210_5,104.4950717397922,39.4852929180035
2024120805_2549_57210_6,104.45914560619596,39.7006348881565
2024120805_2549_57210_7,104.44673411500402,39.91947503287203
2024120805_2549_57210_8,104.41460567584896,40.021952762315536
2024120805_2549_57210_9,104.37433878206625,39.9230625830677
2024120805_2656_46902_1,79.76901490460901,29.20368619524541
2024120805_2656_46902_2,79.52374316752358,29.277933072699465
2024120805_2656_46902_3,79.29562658837084,29.335636186983898
2024120805_2656_46902_4,79.12686395900495,29.350328868348605
2024120805_2656_46902_5,78.99345783161029,29.34498161589101
2024120805_2656_46902_6,78.8962562376855,29.34094968053185
2024120805_2656_46902_7,78.84808989634361,29.299951545823745
2024120805_2656_52428_1,85.27340157529108,21.87965306320204
2024120805_2656_52428_2,85.0035471270572,22.1879385042002
2024120805_2656_52428_3,84.76218955691955,22.50808522132351
2024120805_2656_52428_4,84.57027255223532,22.89757381353758
2024120805_2656_52428_5,84.42053793134403,23.225250550061485
2024120805_2656_52428_6,84.29850356325005,23.5750730961007
2024120805_2656_52428_7,84.20532592581618,23.93332946219395
2024120805_2656_54571_1,85.38777632289013,27.00690167437464
2024120805_2656_54571_2,85.16507099221509,26.90972120203064
2024120805_2656_54571_3,84.9583321574936,26.813778406445028
2024120805_2656_54571_4,84.84096952493445,26.7656774845963
2024120805_2656_54571_5,84.7092725372998,26.712433781056006
2024120805_2656_54571_6,84.59708299539838,26.61744364287173
2024120805_2656_54571_7,84.55744838666217,26.533939745220383
2024120805_2802_54622_1,75.74541833068753,12.4442884834171
2024120805_2802_54622_10,76.75311421645992,15.20431483696072
2024120805_2802_54622_11,76.65897755940424,15.391059130067037
2024120805_2802_54622_12,76.50818231231692,15.546135076941816
2024120805_2802_54622_13,76.41124983294111,15.706577745778928
2024120805_2802_54622_14,76.28683130516451,15.879917040047332
2024120805_2802_54622_15,75.99484882131817,16.01658324219462
2024120805_2802_54622_16,75.89402592502897,16.129248796580512
2024120805_2802_54622_2,76.0542588011749,12.737438615609276
2024120805_2802_54622_3,76.32749069724461,13.061491701783
2024120805_2802_54622_4,76.55110767124305,13.40141793143837
2024120805_2802_54622_5,76.74953654341971,13.740478440720064
2024120805_2802_54622_6,76.84447560617772,14.087001169288373
2024120805_2802_54622_7,76.8966942874215,14.352928240944346
2024120805_2802_54622_8,77.01153426476755,14.80292801819626
2024120805_2802_54622_9,76.92856373962205,14.9504706807416
2024120805_2802_54831_1,65.08887885763886,22.975415380266597
2024120805_2802_54831_10,63.43222087737878,18.68952383862135
2024120805_2802_54831_11,63.17909111357911,18.15466508042553
2024120805_2802_54831_12,62.799561852843325,17.764427993707137
2024120805_2802_54831_13,62.46813030892877,17.332024131720516
2024120805_2802_54831_14,62.2471701986618,16.809858896672974
2024120805_2802_54831_15,61.83363723457803,16.37773532547588
2024120805_2802_54831_16,61.68287826965354,15.92681970422386
2024120805_2802_54831_2,65.02507374988606,22.58172965768189
2024120805_2802_54831_3,64.92423743465757,22.144970979445876
2024120805_2802_54831_4,64.78858687083816,21.74004094272429
2024120805_2802_54831_5,64.61208307662902,21.287313830536423
2024120805_2802_54831_6,64.37574022871235,20.82739860074164
2024120805_2802_54831_7,64.15600668575503,20.392392205932147
2024120805_2802_54831_8,63.917755190286094,19.831311778773877
2024120805_2802_54831_9,63.66986192152664,19.252156416545475
2024120805_2802_55965_1,52.54191342171859,20.18016992642563
2024120805_2802_55965_10,55.13995033304271,16.05458752478831
2024120805_2802_55965_11,55.37666130113281,15.643606489175443
2024120805_2802_55965_12,55.639096279709385,15.174388607553862
2024120805_2802_55965_13,55.88803854712461,14.783314313124595
2024120805_2802_55965_14,56.11883322849593,14.345167103023908
2024120805_2802_55965_15,56.43072906831571,14.00168434480023
2024120805_2802_55965_16,56.87493707175027,13.524177782302772
2024120805_2802_55965_2,52.79266404232999,19.748760369303767
2024120805_2802_55965_3,53.08590710623474,19.318211858193443
2024120805_2802_55965_4,53.39436419752986,18.898585799949647
2024120805_2802_55965_5,53.69213732430817,18.45377129986881
2024120805_2802_55965_6,54.00289155051702,18.0700213710231
2024120805_2802_55965_7,54.28873057462887,17.64587736371584
2024120805_2802_55965_8,54.570586972034015,17.073662300167538
2024120805_2802_55965_9,54.87274649332412,16.555373200015726
2024120805_2802_56543_1,67.00133832353372,13.52999168276668
2024120805_2802_56543_10,62.74135384092872,11.03231323810992
2024120805_2802_56543_11,62.08956541364428,10.932566279918507
2024120805_2802_56543_12,61.45730176640149,10.82223588710798
2024120805_2802_56543_13,60.93530526683723,10.743713025360526
2024120805_2802_56543_14,60.26726832996336,10.691327170372665
2024120805_2802_56543_15,59.68008258763974,10.627852130803571
2024120805_2802_56543_16,59.06037613713893,10.554678603807456
2024120805_2802_56543_2,66.70922177811325,13.176273590676294
2024120805_2802_56543_3,66.3175081305842,12.81628216603422
2024120805_2802_56543_4,65.878451338873,12.51999872024995
2024120805_2802_56543_5,65.41898720721032,12.243326724680026
2024120805_2802_56543_6,64.98589505153146,12.011555332624908
2024120805_2802_56543_7,64.46361068564266,11.766945187226334
2024120805_2802_56543_8,63.856388657431786,11.453115836908752
2024120805_2802_56543_9,63.31264985411181,11.208837634464528
2024120805_2870_47890_1,67.0031361340861,13.567889628770931
2024120805_2870_47890_10,70.30330995713483,15.603314845077042
2024120805_2870_47890_11,70.56769622593488,15.719833687015512
2024120805_2870_47890_12,70.7932732941003,15.851925071672206
2024120805_2870_47890_2,67.36963819560401,13.638365895503348
2024120805_2870_47890_3,67.7923971360383,13.82099198418188
2024120805_2870_47890_4,68.20241852609323,14.029989221102628
2024120805_2870_47890_5,68.56336070446596,14.294171869986352
2024120805_2870_47890_6,68.95485059199187,14.521375416385236
2024120805_2870_47890_7,69.37498485000539,14.771506163843496
2024120805_2870_47890_8,69.68214968194754,15.041861761698526
2024120805_2870_47890_9,70.04007454171627,15.415428023774185
2024120805_2870_48097_1,69.67106675053526,1.831688078934638
2024120805_2870_48097_10,67.99679348857667,1.064287767914287
2024120805_2870_48097_11,67.53764971426722,1.056230834718295
2024120805_2870_48097_12,67.13042817139649,1.0588521442169232
2024120805_2870_48097_2,69.71732224349007,1.6676222550339044
2024120805_2870_48097_3,69.67758389318269,1.5278491800342744
2024120805_2870_48097_4,69.60570409467702,1.432180390686843
2024120805_2870_48097_5,69.47834963914757,1.344554503749332
2024120805_2870_48097_6,69.31160448692638,1.3238604959428066
2024120805_2870_48097_7,69.07999538424619,1.2657633724604078
2024120805_2870_48097_8,68.77756100780489,1.246794230610595
2024120805_2870_48097_9,68.39090219378159,1.1794409784833253
2024120805_2870_57210_1,70.9560327346721,2.383782355176872
2024120805_2870_57210_10,70.54556414602912,1.807857274576488
2024120805_2870_57210_11,70.17172466752585,1.7839611131828237
2024120805_2870_57210_12,69.82222255383664,1.8523436657685777
2024120805_2870_57210_2,71.17285192182632,2.239975555815391
2024120805_2870_57210_3,71.34002175607075,2.12059978177292
2024120805_2870_57210_4,71.44914038826155,2.050960894765768
2024120805_2870_57210_5,71.45337544211752,1.9862533583458897
2024120805_2870_57210_6,71.37053661346003,1.990014119430238
2024120805_2870_57210_7,71.21047546580138,1.94836876279492
2024120805_2870_57210_8,71.00004194687563,1.9134879850407895
2024120805_2870_57210_9,70.84851872632585,1.8769010840065183
2024120805_2968_43329_1,75.2961282565918,17.0530958501158
2024120805_2968_43329_2,75.39221170362116,16.3985950041596
2024120805_2968_43329_3,75.47735289403184,15.757627278713423
2024120805_2968_43329_4,75.55690738900401,15.11603786442939
2024120805_2968_43329_5,75.63389044232648,14.478125723372925
2024120805_2968_43329_6,75.72124340340274,13.836680040337503
2024120805_2968_43329_7,75.80675671342237,13.34191960479814
2024120805_2968_43329_8,75.84488974084115,12.856384992342598
2024120805_2968_43329_9,75.90106468963826,12.545800409547503
2024120805_2968_57233_1,77.72273320194921,7.951044274679998
2024120805_2968_57233_2,77.74007695026424,7.954857692514217
2024120805_2968_57233_3,77.76842524342632,7.988372741153853
2024120805_2968_57233_4,77.801595128,8.071723919336668
2024120805_2968_57233_5,77.8236343928673,8.204363374525045
2024120805_2968_57233_6,77.82536084514794,8.418603272128935
2024120805_2968_57233_7,77.83403580105617,8.620931341960219
2024120805_2968_57233_8,77.82392675767827,8.842657770295673
2024120805_2968_57233_9,77.82648109846127,9.124098627182615
2024120805_3013_41233_1,60.4794130269595,42.11541956807195
2024120805_3013_41233_10,61.16312025559399,46.36470667351802
2024120805_3013_41233_11,61.08565274576176,46.87664087953357
2024120805_3013_41233_12,60.94102036222871,47.34210007758571
2024120805_3013_41233_13,60.83004982917473,47.7072199753835
2024120805_3013_41233_2,60.804997935963065,42.45287064958674
2024120805_3013_41233_3,61.05913446806542,42.84562405186761
2024120805_3013_41233_4,61.26017446034701,43.331724016320265
2024120805_3013_41233_5,61.357836262137305,43.804495027286485
2024120805_3013_41233_6,61.41792863786869,44.29388011343068
2024120805_3013_41233_7,61.39971907458271,44.8109143215299
2024120805_3013_41233_8,61.29726266010899,45.274558134417646
2024120805_3013_41233_9,61.259010916236704,45.84236835593192
2024120805_3013_53472_1,52.23128010642053,37.44547096543032
2024120805_3013_53472_10,52.95871479279177,40.35499181781448
2024120805_3013_53472_11,52.98067293230318,40.65943874984124
2024120805_3013_53472_12,53.02387086269884,41.02143760883296
2024120805_3013_53472_13,53.1072062033916,41.3522788467147
2024120805_3013_53472_2,52.32439613174496,37.723144208463815
2024120805_3013_53472_3,52.391211346244205,37.943940432006414
2024120805_3013_53472_4,52.47065667050576,38.21921364104329
2024120805_3013_53472_5,52.54637640652805,38.502360176486256
2024120805_3013_53472_6,52.61172403796909,38.75689640199559
2024120805_3013_53472_7,52.69601953317441,39.05979636639491
2024120805_3013_53472_8,52.80468716983975,39.47549767627968
2024120805_3013_53472_9,52.87603771030688,39.96860596453637
2024120805_3013_57233_1,62.87971052130879,42.92940295611945
2024120805_3013_57233_10,63.3405997631776,44.734785259920265
2024120805_3013_57233_11,63.16260087199763,45.16423859969156
2024120805_3013_57233_12,62.99728550580924,45.51561664204418
2024120805_3013_57233_13,62.79616618886426,45.91037494348504
2024120805_3013_57233_2,63.17812404335661,42.98677375493192
2024120805_3013_57233_3,63.422526913258096,43.06074734855784
2024120805_3013_57233_4,63.6256312062717,43.19571168270627
2024120805_3013_57233_5,63.712821399883765,43.36313476583626
2024120805_3013_57233_6,63.75562319260495,43.54610807895961
2024120805_3013_57233_7,63.71097636961886,43.85732442290885
2024120805_3013_57233_8,63.57595167303821,44.19014747567103
2024120805_3013_57233_9,63.49969939714801,44.45599732521809
2024120805_3068_43329_1,60.32273970313755,31.78996852542273
2024120805_3068_43329_10,60.63337569227466,35.493289508462006
2024120805_3068_43329_11,60.54322572406509,35.633477546063794
2024120805_3068_43329_2,60.49810009995591,32.23970949219576
2024120805_3068_43329_3,60.625984532418805,32.744938928496346
2024120805_3068_43329_4,60.6974465936794,33.17990736314299
2024120805_3068_43329_5,60.736515157166025,33.63754023213831
2024120805_3068_43329_6,60.764276395652615,34.04790476096538
2024120805_3068_43329_7,60.77835261570274,34.531594870225625
2024120805_3068_43329_8,60.74337155192556,34.86455190494624
2024120805_3068_43329_9,60.71473054228604,35.20344603883427
2024120805_3068_46902_1,63.28201343688689,24.9310735192953
2024120805_3068_46902_10,65.58974033156095,25.248417747975143
2024120805_3068_46902_11,65.648755640153,25.373939431807614
2024120805_3068_46902_2,63.70319046631022,24.8964755654526
2024120805_3068_46902_3,64.10038602615163,24.85445861551809
2024120805_3068_46902_4,64.44219734675809,24.83475751397322
2024120805_3068_46902_5,64.78293598397435,24.8409460568678
2024120805_3068_46902_6,65.0189132768301,24.87309489785355
2024120805_3068_46902_7,65.19612173196994,24.92872439719238
2024120805_3068_46902_8,65.3613376422989,24.98816045235997
2024120805_3068_46902_9,65.53942972746081,25.108510064380283
2024120805_3068_53472_1,65.39776009807134,35.51878720932429
2024120805_3068_53472_10,62.905472954423246,37.78916236568266
2024120805_3068_53472_11,62.46067054122295,37.93356621307352
2024120805_3068_53472_2,65.35678828045704,35.77045505701372
2024120805_3068_53472_3,65.22519697646092,36.026233264106025
2024120805_3068_53472_4,65.05489902631753,36.29927574475843
2024120805_3068_53472_5,64.78351521001288,36.61275622945686
2024120805_3068_53472_6,64.47316908789242,36.91931864033947
2024120805_3068_53472_7,64.1649131321213,37.14835366033863
2024120805_3068_53472_8,63.7606240278144,37.31009631626839
2024120805_3068_53472_9,63.31135759661152,37.61373099376838
2024120805_3068_53509_1,53.90914514054711,25.536771183450693
2024120805_3068_53509_10,54.244410305567385,26.99740608564873
2024120805_3068_53509_11,54.37512142849255,27.33987458882539
2024120805_3068_53509_2,53.89956545443943,25.460615031954624
2024120805_3068_53509_3,53.88807760456613,25.416833286804152
2024120805_3068_53509_4,53.89409064322943,25.44428511660467
2024120805_3068_53509_5,53.90856840828808,25.55111498040703
2024120805_3068_53509_6,53.94214616129586,25.720176776130124
2024120805_3068_53509_7,53.95586715364115,25.921698670716104
2024120805_3068_53509_8,53.999991112608114,26.14801516604318
2024120805_3068_53509_9,54.11713044239664,26.57520150971257
2024120805_3068_57233_1,56.74178278486728,43.17447463386902
2024120805_3068_57233_10,57.51033110935332,42.78571524931613
2024120805_3068_57233_11,57.62192450884444,42.72352379558596
2024120805_3068_57233_2,56.80890328778171,43.17430177723615
2024120805_3068_57233_3,56.85981432867146,43.1631665789635
2024120805_3068_57233_4,56.92222609192209,43.12870451518144
2024120805_3068_57233_5,57.007984307729146,43.09717232686314
2024120805_3068_57233_6,57.07207536672867,43.0517199862005
2024120805_3068_57233_7,57.20140408121803,42.99886930824559
2024120805_3068_57233_8,57.29232832799683,42.94145803319681
2024120805_3068_57233_9,57.405281373284495,42.86025291206837
2024120805_312_41233_1,45.90125759274174,38.57511653095392
2024120805_312_41233_10,46.81578058950568,43.24147933170787
2024120805_312_41233_11,47.045018849101545,43.524072022277615
2024120805_312_41233_2,45.858956265008416,39.09954764548543
2024120805_312_41233_3,45.87468476738364,39.66263207325887
2024120805_312_41233_4,45.90539237978994,40.21765815045656
2024120805_312_41233_5,45.97887921521973,40.75091678729245
2024120805_312_41233_6,46.07485526694338,41.287047272108296
2024120805_312_41233_7,46.18807071528288,41.90230300729117
2024120805_312_41233_8,46.33994780546692,42.39008909883755
2024120805_312_41233_9,46.56336718296967,42.802387765523946
2024120805_312_54586_1,38.73545943932403,46.72887040050357
2024120805_312_54586_10,32.877133072002366,49.08564949369234
2024120805_312_54586_11,32.28096197693034,49.17450150225417
2024120805_312_54586_2,38.12104687583573,47.0607523263954
2024120805_312_54586_3,37.46755344118657,47.33475861013336
2024120805_312_54586_4,36.80621698092231,47.598977545504816
2024120805_312_54586_5,36.137540939716665,47.90973406295822
2024120805_312_54586_6,35.50271861013276,48.16851587054191
2024120805_312_54586_7,34.77768640267187,48.42607116978186
2024120805_312_54586_8,34.08475977746707,48.57857437649157
2024120805_312_54586_9,33.399818027585496,48.91148187276429
2024120805_312_57801_1,42.57047221062229,38.357943299642976
2024120805_312_57801_10,44.76613321935217,43.54463419839044
2024120805_312_57801_11,45.07900516978036,44.08916071100139
2024120805_312_57801_2,42.67585782789455,38.90649614405255
2024120805_312_57801_3,42.80748511474982,39.50151399871381
2024120805_312_57801_4,43.00226321066615,40.09428026288054
2024120805_312_57801_5,43.24078156127197,40.70582977315821
2024120805_312_57801_6,43.50391372935432,41.30688393871554
2024120805_312_57801_7,43.80965363458201,41.91344849044423
2024120805_312_57801_8,44.105973569619856,42.51868021631733
2024120805_312_57801_9,44.45415305738526,43.03066259892661
2024120805_3169_48097_1,87.00021430269062,40.78419935099791
2024120805_3169_48097_2,86.7070031116282,40.349619241711984
2024120805_3169_48097_3,86.3866851515541,39.8229384992493
2024120805_3169_48097_4,86.06092800940847,39.25326424633822
2024120805_3169_48097_5,85.75781212378224,38.707812675002295
2024120805_3169_48097_6,85.42250377691828,38.15452954762677
2024120805_3169_48097_7,85.08454588880565,37.57141528227746
2024120805_3169_48097_8,84.83838187543648,37.07981279685271
2024120805_3169_48097_9,84.64836640051735,36.51986782830475
2024120805_3169_54622_1,86.6014119949335,41.57474080082052
2024120805_3169_54622_2,86.36840865346173,41.18318148721978
2024120805_3169_54622_3,86.07625553204369,40.72280284428823
2024120805_3169_54622_4,85.73348940927954,40.23152906745749
2024120805_3169_54622_5,85.41977838371255,39.70081146294957
2024120805_3169_54622_6,85.11905983713186,39.18009883015027
2024120805_3169_54622_7,84.76808956653828,38.623553065204085
2024120805_3169_54622_8,84.50129783905173,38.09910691407645
2024120805_3169_54622_9,84.28864522264524,37.50690426092505
2024120805_3169_57210_1,87.32407730050512,30.666195220867756
2024120805_3169_57210_2,87.10561110738256,30.22152476029984
2024120805_3169_57210_3,86.8275743808117,29.705153634556517
2024120805_3169_57210_4,86.52844873478945,29.21284084152623
2024120805_3169_57210_5,86.22628662886434,28.676759061902896
2024120805_3169_57210_6,85.91882405229228,28.191715008843907
2024120805_3169_57210_7,85.6417821556738,27.754719985591198
2024120805_3169_57210_8,85.47057268281867,27.429721695536124
2024120805_3169_57210_9,85.22889375441584,27.04426472054109
2024120805_3249_46902_1,32.961857641570965,41.5713634969995
2024120805_3249_46902_10,31.735608113261613,44.06451783961122
2024120805_3249_46902_11,31.786121166001443,44.13324042532741
2024120805_3249_46902_2,32.65836109857824,41.97197544539107
2024120805_3249_46902_3,32.36195755508073,42.36074733220019
2024120805_3249_46902_4,32.15615836560206,42.72510542288752
2024120805_3249_46902_5,31.95364752056085,43.035850192989344
2024120805_3249_46902_6,31.817007016443,43.35783038184069
2024120805_3249_46902_7,31.748621286996183,43.63410050587793
2024120805_3249_46902_8,31.68834426903131,43.95062762998066
2024120805_3249_46902_9,31.691134488286508,43.96171435523175
2024120805_3249_53472_1,40.64377085910017,30.549750837702625
2024120805_3249_53472_10,46.63610765898155,30.149051568087263
2024120805_3249_53472_11,47.16268690776837,30.184861871087865
2024120805_3249_53472_2,41.2669295947632,30.371613763557857
2024120805_3249_53472_3,41.94217594085771,30.22765290089017
2024120805_3249_53472_4,42.59501417864096,30.1352345345446
2024120805_3249_53472_5,43.26773577048059,30.01594139093065
2024120805_3249_53472_6,43.9162832816281,29.919576369318182
2024120805_3249_53472_7,44.68224171209923,29.851670655990706
2024120805_3249_53472_8,45.349856973297456,29.818304125024813
2024120805_3249_53472_9,46.09747907376844,30.03553831211467
2024120805_3249_55100_1,36.40832913168831,36.35639276552469
2024120805_3249_55100_10,38.62932344553425,37.18857848495393
2024120805_3249_55100_11,38.95600021145357,37.225478500899584
2024120805_3249_55100_2,36.468824517991386,36.52430041078043
2024120805_3249_55100_3,36.58298650146314,36.66930330330395
2024120805_3249_55100_4,36.7500846435513,36.758417676121184
2024120805_3249_55100_5,36.93479697563728,36.88770754203061
2024120805_3249_55100_6,37.1896326865848,36.96691754432839
2024120805_3249_55100_7,37.48902742600855,37.02469068907129
2024120805_3249_55100_8,37.82317475531223,37.02448730608069
2024120805_3249_55100_9,38.246233353538535,37.13468449171905
2024120805_3249_57213_1,42.93079540514216,40.10649661920722
2024120805_3249_57213_10,45.92199937394385,38.54364101707389
2024120805_3249_57213_11,45.98225753088239,38.27815444752999
2024120805_3249_57213_2,43.46340393335422,40.062722328386656
2024120805_3249_57213_3,43.97578959961705,39.99644680606679
2024120805_3249_57213_4,44.45788974912594,39.8511350634892
2024120805_3249_57213_5,44.8653856227617,39.726115017345485
2024120805_3249_57213_6,45.22940360491613,39.58138381145719
2024120805_3249_57213_7,45.50692134411362,39.34348421009744
2024120805_3249_57213_8,45.64122648471111,39.03492943198167
2024120805_3249_57213_9,45.82416707164421,38.83605387293315
2024120805_3249_57233_1,46.53601532921779,41.05592988758997
2024120805_3249_57233_10,48.16902685550691,38.61459665584277
2024120805_3249_57233_11,48.1946186609195,38.23649864262633
2024120805_3249_57233_2,46.866466289124624,40.9830635757104
2024120805_3249_57233_3,47.17045062209008,40.8464113217694
2024120805_3249_57233_4,47.44384891707055,40.64811059672911
2024120805_3249_57233_5,47.6523976410078,40.38159795839735
2024120805_3249_57233_6,47.87759178657448,40.08800090240956
2024120805_3249_57233_7,48.01038569258229,39.715600596632825
2024120805_3249_57233_8,48.08809303976718,39.35460969505184
2024120805_3249_57233_9,48.15309725252792,39.06319989090077
2024120805_3272_41233_1,45.83570845194722,33.742838379149106
2024120805_3272_41233_10,46.80989169542714,27.18448877821557
2024120805_3272_41233_11,46.80238887730916,26.53744937013176
2024120805_3272_41233_2,46.043849954230105,33.08133181394266
2024120805_3272_41233_3,46.23837764928268,32.37178200078047
2024120805_3272_41233_4,46.38482421211965,31.631503778962184
2024120805_3272_41233_5,46.49816779845374,30.894337888277565
2024120805_3272_41233_6,46.61285850730377,30.161387903942547
2024120805_3272_41233_7,46.70555287445709,29.42945760194998
2024120805_3272_41233_8,46.783035893725256,28.69460490121182
2024120805_3272_41233_9,46.80214570913101,27.93395695089924
2024120805_3272_46902_1,43.06911714548858,29.722611449740867
2024120805_3272_46902_10,43.40933521569814,28.23835637146587
2024120805_3272_46902_11,43.46533216790078,27.97363844428978
2024120805_3272_46902_2,43.10619115721172,29.74934174383727
2024120805_3272_46902_3,43.10621387928384,29.75286915656627
2024120805_3272_46902_4,43.10456183227578,29.70500344174307
2024120805_3272_46902_5,43.11009587349519,29.5655190842312
2024120805_3272_46902_6,43.13963133648187,29.36851021446305
2024120805_3272_46902_7,43.19704111639928,29.188995239422717
2024120805_3272_46902_8,43.25947219027783,28.94813976856045
2024120805_3272_46902_9,43.33798222547484,28.62722703869582
2024120805_3272_52518_1,46.908764515386046,27.226193531451024
2024120805_3272_52518_10,47.12507516263898,21.43319937669678
2024120805_3272_52518_11,46.98690451494431,20.986504301520466
2024120805_3272_52518_2,47.15386920579038,26.597891018443317
2024120805_3272_52518_3,47.34737395804991,25.87690261940252
2024120805_3272_52518_4,47.48662127693792,25.225142183033903
2024120805_3272_52518_5,47.53156337482006,24.459295338799706
2024120805_3272_52518_6,47.489290288560085,23.813488334579542
2024120805_3272_52518_7,47.39837272982645,23.07759517342282
2024120805_3272_52518_8,47.32346099882234,22.457197489403413
2024120805_3272_52518_9,47.249279180673696,21.93026227944292
2024120805_3272_57233_1,46.851039110941095,36.62943561797235
2024120805_3272_57233_10,46.83248102762518,29.879048576054306
2024120805_3272_57233_11,46.80936136197692,29.064845875024645
2024120805_3272_57233_2,46.93397648052483,35.98661673148674
2024120805_3272_57233_3,46.96696371985093,35.29133444503491
2024120805_3272_57233_4,46.98478660422184,34.559233618053824
2024120805_3272_57233_5,46.979297174073984,33.837693264530856
2024120805_3272_57233_6,46.96493057087884,33.10194983391735
2024120805_3272_57233_7,46.95902041225944,32.34058553435813
2024120805_3272_57233_8,46.94820467794851,31.54235596277024
2024120805_3272_57233_9,46.871904092227325,30.716320623017342
2024120805_3419_53488_1,71.76146460574752,16.578590173158105
2024120805_3419_53488_2,71.69162276158183,16.883928032535344
2024120805_3419_53488_3,71.64471416990526,17.222285777911473
2024120805_3419_53488_4,71.61933250234777,17.55472206975661
2024120805_3419_53488_5,71.5856295651263,17.839353452978127
2024120805_3419_53488_6,71.55541670700762,18.11518455237917
2024120805_3419_53488_7,71.54723461539105,18.42534543475582
2024120805_3419_53488_8,71.55756515079253,18.606641852005573
2024120805_3419_55947_1,69.76144249961185,21.69129921822983
2024120805_3419_55947_2,69.38303264911602,21.528918142054188
2024120805_3419_55947_3,69.0138483623322,21.36840109543721
2024120805_3419_55947_4,68.68527945959363,21.23022269505139
2024120805_3419_55947_5,68.31714728951229,21.084325367490266
2024120805_3419_55947_6,67.88545485641026,20.90366524347497
2024120805_3419_55947_7,67.64205814674762,20.740208916816936
2024120805_3419_55947_8,67.46222142317474,20.608411419108503
2024120805_3419_57210_1,71.51369629940501,15.40532168759324
2024120805_3419_57210_2,71.5616134073733,15.16967158570372
2024120805_3419_57210_3,71.5924545928568,14.93169699351196
2024120805_3419_57210_4,71.62598844564461,14.718548798956297
2024120805_3419_57210_5,71.66168717343436,14.503239421538265
2024120805_3419_57210_6,71.69335499467577,14.29507774027758
2024120805_3419_57210_7,71.77690695158635,14.145522707852114
2024120805_3419_57210_8,71.83784627576499,14.059729380100343
2024120805_3444_47890_1,60.13823573935864,32.02606706767722
2024120805_3444_47890_10,57.05590083687873,34.80977178274027
2024120805_3444_47890_11,56.78598801054689,35.20012016202965
2024120805_3444_47890_12,56.50582728152592,35.5158406634816
2024120805_3444_47890_13,56.12829199469988,35.92401030625975
2024120805_3444_47890_14,55.79587531095307,36.465586119021104
2024120805_3444_47890_15,55.41016775411968,36.93879576190664
2024120805_3444_47890_16,54.91296531234704,37.31671401294616
2024120805_3444_47890_17,54.66525903071712,37.65609799128576
2024120805_3444_47890_18,54.364522394336056,38.07689363610408
2024120805_3444_47890_19,53.99889601353331,38.40094300016465
2024120805_3444_47890_2,59.74387377227815,32.25197454862102
2024120805_3444_47890_20,53.5160494385112,38.74116422025556
2024120805_3444_47890_3,59.34797861859225,32.435148367880764
2024120805_3444_47890_4,58.98945952603415,32.694552631235496
2024120805_3444_47890_5,58.66107363191611,32.952841889197586
2024120805_3444_47890_6,58.26418436883753,33.22439094124024
2024120805_3444_47890_7,57.95031233602371,33.4586080167658
2024120805_3444_47890_8,57.679563366892495,33.89183168015215
2024120805_3444_47890_9,57.362812491963794,34.44324424905068
2024120805_3444_48097_1,58.01639329364562,32.76775486239987
2024120805_3444_48097_10,53.00508929377074,36.652439213088165
2024120805_3444_48097_11,52.63333502080508,37.19496513598288
2024120805_3444_48097_12,52.11260282545235,37.79863778802927
2024120805_3444_48097_13,51.59930088709525,38.32832240995403
2024120805_3444_48097_14,51.31275689277382,39.0764756366015
2024120805_3444_48097_15,50.970571706885,39.72068063408514
2024120805_3444_48097_16,50.46504701708273,40.3030779390421
2024120805_3444_48097_17,50.185952963625134,40.78875683092889
2024120805_3444_48097_18,49.781935370642,41.35046938086096
2024120805_3444_48097_19,49.33772125885251,41.80923801978634
2024120805_3444_48097_2,57.40426310634339,33.062683836479444
2024120805_3444_48097_20,48.78243063923067,42.269833825908805
2024120805_3444_48097_3,56.7901634897561,33.386891092311586
2024120805_3444_48097_4,56.18659339648744,33.76023991422339
2024120805_3444_48097_5,55.60245886588299,34.17431462397639
2024120805_3444_48097_6,55.04534525842804,34.634553620390726
2024120805_3444_48097_7,54.509597690957904,35.027653359834694
2024120805_3444_48097_8,53.98504827979767,35.545225556902466
2024120805_3444_48097_9,53.49096496705573,36.13341873661387
2024120805_3444_54622_1,50.12340969143612,38.36948445787103
2024120805_3444_54622_10,45.64386232830049,39.26615656324384
2024120805_3444_54622_11,45.32955354409061,39.443044017362176
2024120805_3444_54622_12,45.04640087692624,39.70006548676709
2024120805_3444_54622_13,44.76043552852245,39.935868920361145
2024120805_3444_54622_14,44.46107033630162,40.12642839740281
2024120805_3444_54622_15,44.17676708487077,40.56277195155456
2024120805_3444_54622_16,43.76746697836986,41.12093451303516
2024120805_3444_54622_17,43.30813511577123,41.4280539266766
2024120805_3444_54622_18,43.02056152912475,41.75397750712734
2024120805_3444_54622_19,42.8896682419694,42.05576264464169
2024120805_3444_54622_2,49.54268809991483,38.332769422582274
2024120805_3444_54622_20,42.87912946815717,42.37830439700344
2024120805_3444_54622_3,48.97621059622336,38.310034592785215
2024120805_3444_54622_4,48.44872296835411,38.34173683383793
2024120805_3444_54622_5,47.8998820729229,38.3999801550574
2024120805_3444_54622_6,47.42023915121126,38.5139578041426
2024120805_3444_54622_7,46.94435344423455,38.58862000233967
2024120805_3444_54622_8,46.51654055866653,38.7289509910412
2024120805_3444_54622_9,46.06666723996865,38.992829035215614
2024120805_3444_54831_1,55.49620106079152,28.58407000092568
2024120805_3444_54831_10,50.57072401820774,31.143451764609576
2024120805_3444_54831_11,50.160714547880175,31.52390822488904
2024120805_3444_54831_12,49.57339672552359,31.882673998774887
2024120805_3444_54831_13,49.032562763517205,32.39646796078527
2024120805_3444_54831_14,48.43682153208277,32.78400023017809
2024120805_3444_54831_15,47.99989880546285,33.21415548176964
2024120805_3444_54831_16,47.77493283057569,33.58768742104052
2024120805_3444_54831_17,47.43560436545166,33.99063350389035
2024120805_3444_54831_18,47.10326503463828,34.41483905318127
2024120805_3444_54831_19,46.7231457830317,34.845953868887406
2024120805_3444_54831_2,54.921215719281456,28.765171950296043
2024120805_3444_54831_20,46.25522841197501,35.35240260211129
2024120805_3444_54831_3,54.35445718425623,28.927545806795663
2024120805_3444_54831_4,53.784411686284656,29.16976308435285
2024120805_3444_54831_5,53.237413896711146,29.369105497450583
2024120805_3444_54831_6,52.67414111361787,29.61050575310448
2024120805_3444_54831_7,52.14571705602756,29.83325137193513
2024120805_3444_54831_8,51.60695147552481,30.223686750888422
2024120805_3444_54831_9,51.06137648747188,30.70408971322157
2024120805_3444_56540_1,48.61344524177794,23.279894524955253
2024120805_3444_56540_10,45.7219357798577,24.45718048839378
2024120805_3444_56540_11,45.40688104281012,24.7098702593882
2024120805_3444_56540_12,45.113700802291554,25.026448305264367
2024120805_3444_56540_13,44.78699155143077,25.385802353919573
2024120805_3444_56540_14,44.40325208718382,25.770861578400897
2024120805_3444_56540_15,44.10055324408663,26.363597683028573
2024120805_3444_56540_16,43.69614952449209,26.88940774786745
2024120805_3444_56540_17,43.44820882525133,27.31328479382177
2024120805_3444_56540_18,43.17925232543568,27.756197922284024
2024120805_3444_56540_19,42.936274756422506,28.25522074010597
2024120805_3444_56540_2,48.28134035699453,23.17401733484365
2024120805_3444_56540_20,42.6655038348403,28.67414057045702
2024120805_3444_56540_3,47.91359328453829,23.118577333086265
2024120805_3444_56540_4,47.57651142641613,23.09484550124177
2024120805_3444_56540_5,47.28473251104409,23.15576291926032
2024120805_3444_56540_6,46.95776207936872,23.26453863456587
2024120805_3444_56540_7,46.57517906656376,23.405009981643214
2024120805_3444_56540_8,46.33370713617562,23.69105996389309
2024120805_3444_56540_9,46.00216270230837,24.07136163079679
2024120805_3444_57210_1,61.09599000982675,41.36980422031998
2024120805_3444_57210_10,56.43654476699185,44.41193090886986
2024120805_3444_57210_11,55.79280996403727,44.56392433983912
2024120805_3444_57210_12,55.06887606238145,44.693012779755776
2024120805_3444_57210_13,54.32180073970028,44.86880322623878
2024120805_3444_57210_14,53.7207532099542,45.06227586645532
2024120805_3444_57210_15,53.011158109398735,45.14798412728234
2024120805_3444_57210_16,52.239710115234814,45.25342890326118
2024120805_3444_57210_17,51.79962968207184,45.348951464674926
2024120805_3444_57210_18,51.216138541726544,45.48217229917468
2024120805_3444_57210_19,50.75442154027242,45.61527110217059
2024120805_3444_57210_2,60.71895871220192,41.82021073784481
2024120805_3444_57210_20,50.26819655484061,45.71694612047432
2024120805_3444_57210_3,60.28070017747482,42.28746245871828
2024120805_3444_57210_4,59.8337242082055,42.71916143730106
2024120805_3444_57210_5,59.39317348273505,43.12021298098934
2024120805_3444_57210_6,58.87576131658187,43.50549902356703
2024120805_3444_57210_7,58.31565575866916,43.80715853120427
2024120805_3444_57210_8,57.7419879662468,44.0446188703792
2024120805_3444_57210_9,57.10980934069933,44.24457734745982
2024120805_3523_47877_1,65.2399228898326,21.68783029474277
2024120805_3523_47877_10,65.07836224229622,27.81308593271929
2024120805_3523_47877_2,65.25340890356034,22.3482999957335
2024120805_3523_47877_3,65.25546596939344,23.0508311719337
2024120805_3523_47877_4,65.26493268233311,23.742575430911103
2024120805_3523_47877_5,65.25835348829824,24.495938454771764
2024120805_3523_47877_6,65.23152195504578,25.21636143028972
2024120805_3523_47877_7,65.22489339123446,25.90789792943121
2024120805_3523_47877_8,65.2052109499386,26.594749748658312
2024120805_3523_47877_9,65.17291073312553,27.183709853256392
2024120805_3523_54831_1,64.9089220159586,26.89613333949945
2024120805_3523_54831_10,62.183413576989366,25.289593022237558
2024120805_3523_54831_2,64.60108341085582,26.922341043458168
2024120805_3523_54831_3,64.28105846221499,26.90484238090829
2024120805_3523_54831_4,63.944674336054845,26.841733094388186
2024120805_3523_54831_5,63.6399002589637,26.688599531125995
2024120805_3523_54831_6,63.313950492010605,26.476905903961377
2024120805_3523_54831_7,62.97421567383673,26.28185656516354
2024120805_3523_54831_8,62.72480587287711,26.0373276727508
2024120805_3523_54831_9,62.500997177757725,25.66952516834802
2024120805_3523_56543_1,52.053661389055854,29.252906473876536
2024120805_3523_56543_10,51.196157648071534,24.72743041200343
2024120805_3523_56543_2,51.86521779667181,28.886622458857214
2024120805_3523_56543_3,51.67932543091109,28.480368523222523
2024120805_3523_56543_4,51.518926207142485,27.98835031606593
2024120805_3523_56543_5,51.39119142306575,27.489856442182543
2024120805_3523_56543_6,51.299724017905866,26.940780792066786
2024120805_3523_56543_7,51.20862574411501,26.37203124174717
2024120805_3523_56543_8,51.17423424995647,25.873681571745635
2024120805_3523_56543_9,51.19284399633545,25.30484038713551
2024120805_3523_57134_1,61.46786805449771,28.888489115651176
2024120805_3523_57134_10,57.27305754678687,23.39599658924604
2024120805_3523_57134_2,60.893321240027895,28.393907127667447
2024120805_3523_57134_3,60.35047539007518,27.83721072152358
2024120805_3523_57134_4,59.84675199098909,27.26869162343825
2024120805_3523_57134_5,59.34006917819897,26.691277566977547
2024120805_3523_57134_6,58.9052052485805,26.056967305416684
2024120805_3523_57134_7,58.44672031344476,25.39347862393683
2024120805_3523_57134_8,58.02678118826264,24.672651551729604
2024120805_3523_57134_9,57.59673153958096,24.00618138357901
2024120805_3553_38588_1,33.68550964859946,21.02846137567395
2024120805_3553_38588_2,33.38000293347872,20.881995628026853
2024120805_3553_38588_3,33.03606775346192,20.74533612058336
2024120805_3553_38588_4,32.7501645223622,20.61760332644216
2024120805_3553_38588_5,32.475746727792405,20.516507558222884
2024120805_3553_38588_6,32.24406705910621,20.41191568509469
2024120805_3553_38588_7,32.01042551142794,20.28834317148587
2024120805_3553_38588_8,31.85149113362264,20.152572746153613
2024120805_3553_47877_1,35.46127621315271,10.11153535820794
2024120805_3553_47877_2,35.4437026253987,10.04592871085776
2024120805_3553_47877_3,35.48943748750484,9.982121377869843
2024120805_3553_47877_4,35.55764777538453,9.952091691671534
2024120805_3553_47877_5,35.68568403174183,9.918229159024497
2024120805_3553_47877_6,35.84333854831224,9.876466896129305
2024120805_3553_47877_7,36.047238869185854,9.868521619227751
2024120805_3553_47877_8,36.29237945230822,9.84231139517384
2024120805_3553_55900_1,41.00532489785893,21.323542251717317
2024120805_3553_55900_2,40.84967410419139,20.655147857507888
2024120805_3553_55900_3,40.71447147046736,19.95800130162282
2024120805_3553_55900_4,40.61998691219504,19.232082027972684
2024120805_3553_55900_5,40.48633738643466,18.465379909956013
2024120805_3553_55900_6,40.39418042987565,17.724901744266113
2024120805_3553_55900_7,40.34557223387432,17.036984865205063
2024120805_3553_55900_8,40.31292030381074,16.365315108864667
2024120805_3578_54831_1,34.59392180589131,26.07102467945113
2024120805_3578_54831_2,34.62641862942128,26.523778301779675
2024120805_3578_54831_3,34.66047376701896,27.048334829542487
2024120805_3578_54831_4,34.715845784445015,27.567456635037622
2024120805_3578_54831_5,34.78362538284442,28.10853359422553
2024120805_3578_54831_6,34.86319417651333,28.675939566405727
2024120805_3578_54831_7,34.944542180707224,29.26152789695255
2024120805_3578_54831_8,35.060183733161395,29.96990830190217
2024120805_3578_55965_1,38.01542958815294,28.09008903192157
2024120805_3578_55965_2,38.018580345744326,28.83796050232609
2024120805_3578_55965_3,38.01734110809915,29.60007897762196
2024120805_3578_55965_4,38.03467774269236,30.45384297831361
2024120805_3578_55965_5,38.04408503806128,31.298051255009888
2024120805_3578_55965_6,38.05866173115537,32.115103839435484
2024120805_3578_55965_7,38.09459914299335,32.86022562617494
2024120805_3578_55965_8,38.12573644935996,33.623300068097464
2024120805_3578_56543_1,31.504554328729476,33.21587116638184
2024120805_3578_56543_2,31.78819101828203,33.61940198670082
2024120805_3578_56543_3,32.11834115515994,34.059690305595225
2024120805_3578_56543_4,32.50735100954328,34.47865341646796
2024120805_3578_56543_5,32.90219768597719,34.911247135225935
2024120805_3578_56543_6,33.33615492652091,35.352539886376704
2024120805_3578_56543_7,33.76877282380584,35.78490811733015
2024120805_3578_56543_8,34.12292667997473,36.27403537927409
2024120805_3632_47877_1,33.50237296576111,13.110495644612156
2024120805_3632_47877_10,34.41808253205112,8.12243031860202
2024120805_3632_47877_11,34.58471126628491,7.572698779104732
2024120805_3632_47877_2,33.517940587937424,12.684070824338855
2024120805_3632_47877_3,33.554956553528214,12.172490472093784
2024120805_3632_47877_4,33.601003844269385,11.603661191864346
2024120805_3632_47877_5,33.663209619860254,11.057805728494476
2024120805_3632_47877_6,33.75653800154996,10.476123510428392
2024120805_3632_47877_7,33.900879446037536,9.852678212121852
2024120805_3632_47877_8,34.0819447972273,9.33128265230332
2024120805_3632_47877_9,34.26251014680419,8.717397112909016
2024120805_3632_48097_1,35.01001577127656,13.411928716874211
2024120805_3632_48097_10,34.45064634213976,7.695677059507392
2024120805_3632_48097_11,34.545659854330594,7.168053322304567
2024120805_3632_48097_2,34.784183250460856,12.824609459748167
2024120805_3632_48097_3,34.580893136167674,12.20217252578909
2024120805_3632_48097_4,34.46817185536631,11.549321764418348
2024120805_3632_48097_5,34.412439555168326,10.918257300599096
2024120805_3632_48097_6,34.34933746864522,10.254256185862475
2024120805_3632_48097_7,34.35483506832796,9.569874084289502
2024120805_3632_48097_8,34.37092874665484,8.975476748049209
2024120805_3632_48097_9,34.38241819668032,8.354706407958322
2024120805_3632_57210_1,29.445885620190168,17.957930185450927
2024120805_3632_57210_10,24.702341795198507,13.917689587118817
2024120805_3632_57210_11,24.335383801273352,13.358085128198674
2024120805_3632_57210_2,28.943270051653503,17.584687638636044
2024120805_3632_57210_3,28.40739841047389,17.22968504607249
2024120805_3632_57210_4,27.858189128492324,16.864668220230364
2024120805_3632_57210_5,27.297893613411045,16.455879809111998
2024120805_3632_57210_6,26.7640488894592,16.059880626947525
2024120805_3632_57210_7,26.214727206073587,15.63514315677662
2024120805_3632_57210_8,25.638088319256475,14.978042665274852
2024120805_3632_57210_9,25.108353195705615,14.496628095802976
2024120805_3701_42397_1,19.70572911154793,35.3382700135921
2024120805_3701_42397_2,19.68530407533568,35.90810261771498
2024120805_3701_42397_3,19.65976999287692,36.56127136170512
2024120805_3701_42397_4,19.618336055136893,37.193022555864125
2024120805_3701_42397_5,19.565470974166097,37.84801921031772
2024120805_3701_42397_6,19.5094379771799,38.42626822866402
2024120805_3701_42397_7,19.46928088684662,39.04555476210044
2024120805_3701_56540_1,11.85143545416534,37.4909117597807
2024120805_3701_56540_2,12.182965375297377,37.81411353440621
2024120805_3701_56540_3,12.603811140062248,38.10734047554609
2024120805_3701_56540_4,13.089300064759668,38.38102527246652
2024120805_3701_56540_5,13.53674114789032,38.75261510065671
2024120805_3701_56540_6,14.017041398389823,39.09324295065273
2024120805_3701_56540_7,14.548849802640424,39.333911401345205
2024120805_3790_46902_1,31.966253678350764,39.733892666971606
2024120805_3790_46902_10,33.31290677607341,45.069008463423344
2024120805_3790_46902_11,33.540019025512215,45.556870395550696
2024120805_3790_46902_2,31.98112216212048,40.35393924944137
2024120805_3790_46902_3,32.032406417455555,40.996649887881325
2024120805_3790_46902_4,32.1337921411334,41.6394367777246
2024120805_3790_46902_5,32.26047644413653,42.30119634353885
2024120805_3790_46902_6,32.40094916323488,42.95550685181654
2024120805_3790_46902_7,32.5363894912625,43.51785337322611
2024120805_3790_46902_8,32.7418976340493,44.12145736504175
2024120805_3790_46902_9,33.03587020273431,44.5668455047775
2024120805_3790_54571_1,41.57542604353243,37.16970666996904
2024120805_3790_54571_10,42.74892293219417,42.76927191674499
2024120805_3790_54571_11,42.75580180024213,43.41552407374999
2024120805_3790_54571_2,41.87938606850143,37.73160668599933
2024120805_3790_54571_3,42.146158562687184,38.3245359949328
2024120805_3790_54571_4,42.38561866514896,38.9504768558398
2024120805_3790_54571_5,42.52445981619528,39.5519860590719
2024120805_3790_54571_6,42.68364184760564,40.20270010319981
2024120805_3790_54571_7,42.7645467578297,40.84021888118252
2024120805_3790_54571_8,42.73939613724289,41.51110242466398
2024120805_3790_54571_9,42.76439012322656,42.18739570279684
2024120805_3790_54586_1,48.4527712347538,38.27892181761747
2024120805_3790_54586_10,52.42544292194858,34.88324327752635
2024120805_3790_54586_11,52.76531726377938,34.64122730294049
2024120805_3790_54586_2,48.92531901403165,37.94464299462364
2024120805_3790_54586_3,49.408729700868925,37.584583503022735
2024120805_3790_54586_4,49.86731038882641,37.23851676491408
2024120805_3790_54586_5,50.32285742244486,36.791558266316834
2024120805_3790_54586_6,50.77338456797271,36.311753882037216
2024120805_3790_54586_7,51.233136989146416,35.99469600023914
2024120805_3790_54586_8,51.68592945392401,35.682405787373206
2024120805_3790_54586_9,52.14234127090732,35.23093903568711
2024120805_3790_55100_1,43.20879034679678,35.101278693345066
2024120805_3790_55100_10,45.21135633838013,40.17921213352855
2024120805_3790_55100_11,45.27183742260346,40.78654483567609
2024120805_3790_55100_2,43.51789587994093,35.50723367366783
2024120805_3790_55100_3,43.84959808564364,35.95017096510997
2024120805_3790_55100_4,44.14690731131846,36.46215479401732
2024120805_3790_55100_5,44.42742411160865,37.01791161957691
2024120805_3790_55100_6,44.65237686091955,37.57323572306248
2024120805_3790_55100_7,44.80908338101352,38.17914354850991
2024120805_3790_55100_8,44.95727035055592,38.75774666692035
2024120805_3790_55100_9,45.10655861334179,39.48405862604189
2024120805_388_53916_1,24.56193591359523,37.74671240630324
2024120805_388_53916_10,22.186018128257952,38.71351138505131
2024120805_388_53916_11,21.772973294808292,38.79840359523496
2024120805_388_53916_12,21.33164482566559,38.883665814958206
2024120805_388_53916_13,20.965818470485583,39.02171270346105
2024120805_388_53916_14,20.63105832266336,39.189054983610845
2024120805_388_53916_15,20.28077536715213,39.35036753499922
2024120805_388_53916_16,20.12650102502081,39.49485073961403
2024120805_388_53916_17,19.85348523892271,39.6676493276101
2024120805_388_53916_18,19.570429373539294,39.77038396321851
2024120805_388_53916_2,24.52638472348627,37.85443570996543
2024120805_388_53916_3,24.395511919451742,37.96088882487064
2024120805_388_53916_4,24.22908416574901,38.07517955491949
2024120805_388_53916_5,23.961882920677024,38.120336865059286
2024120805_388_53916_6,23.682872352363987,38.24583119289431
2024120805_388_53916_7,23.409330638439297,38.30521615878829
2024120805_388_53916_8,22.99555200806006,38.43874012377591
2024120805_388_53916_9,22.600229370242022,38.55681357467244
2024120805_388_54586_1,20.494528742417103,42.19393535701308
2024120805_388_54586_10,15.119162497633544,45.35942259995669
2024120805_388_54586_11,14.409325206903558,45.78778916914727
2024120805_388_54586_12,13.726722847879842,46.20175172337389
2024120805_388_54586_13,13.052833957801912,46.67745783903593
2024120805_388_54586_14,12.428440751815812,47.12785135766813
2024120805_388_54586_15,11.853973423928222,47.46143997334262
2024120805_388_54586_16,11.224744265800336,47.731068376420026
2024120805_388_54586_17,10.614238759471757,47.97869942785856
2024120805_388_54586_18,9.929630508606346,48.39252073212212
2024120805_388_54586_2,20.08150655463099,42.39650975743373
2024120805_388_54586_3,19.57347896453228,42.65820554157767
2024120805_388_54586_4,19.06656043933487,42.947125768846405
2024120805_388_54586_5,18.487602540446613,43.23889398399164
2024120805_388_54586_6,17.922374561477174,43.64298422433963
2024120805_388_54586_7,17.322450891226033,43.97453776767333
2024120805_388_54586_8,16.66640170416704,44.35194401464979
2024120805_388_54586_9,15.937957892689596,44.83843566991036
2024120805_388_55100_1,11.864914139005334,37.92179794376807
2024120805_388_55100_10,9.67275726597595,42.97104397049306
2024120805_388_55100_11,9.431804772863003,43.68552013935185
2024120805_388_55100_12,9.248344157469829,44.40034626515036
2024120805_388_55100_13,9.017517835921062,45.12230197925776
2024120805_388_55100_14,8.845735481918524,45.74383203126483
2024120805_388_55100_15,8.570499263084763,46.4577415374325
2024120805_388_55100_16,8.31424657665716,47.11633850897401
2024120805_388_55100_17,8.085641959893692,47.67847033375987
2024120805_388_55100_18,7.791851443739673,48.27615807878127
2024120805_388_55100_2,11.668297229525637,38.36243440168443
2024120805_388_55100_3,11.44128764265385,38.84988967367707
2024120805_388_55100_4,11.128190448313736,39.34985947165328
2024120805_388_55100_5,10.872331140122728,39.877203893980656
2024120805_388_55100_6,10.65513963016636,40.450592244097216
2024120805_388_55100_7,10.40973404871482,41.0401083454043
2024120805_388_55100_8,10.113330585922869,41.73163993648935
2024120805_388_55100_9,9.865033113720523,42.36751134860337
2024120805_388_57213_1,19.36317237344475,44.72728472396761
2024120805_388_57213_10,12.81284799956114,47.76638397716787
2024120805_388_57213_11,12.1163294120864,48.04683575713164
2024120805_388_57213_12,11.345046038781218,48.27854241985945
2024120805_388_57213_13,10.57991648972374,48.568392091459806
2024120805_388_57213_14,10.00672165962841,48.88313636250547
2024120805_388_57213_15,9.352215483985674,49.24850926699709
2024120805_388_57213_16,8.820059158641056,49.494767881022014
2024120805_388_57213_17,8.1948652537312,49.7121961779732
2024120805_388_57213_18,7.546306505404704,49.97531526929773
2024120805_388_57213_2,18.733500903984456,45.05566082157991
2024120805_388_57213_3,18.02668151059364,45.34245762705567
2024120805_388_57213_4,17.275329215505288,45.720236483865534
2024120805_388_57213_5,16.53910324215192,46.07321353483253
2024120805_388_57213_6,15.792199976751574,46.36646773762806
2024120805_388_57213_7,15.022456320342483,46.59119652989347
2024120805_388_57213_8,14.369356258714022,46.99049328316185
2024120805_388_57213_9,13.573659270325862,47.40645376596482
2024120805_3948_46672_1,67.67374238209244,18.72949675278995
2024120805_3948_46672_2,67.96570268159408,18.615123099175054
2024120805_3948_46672_3,68.34839842546877,18.48822904478333
2024120805_3948_46672_4,68.80551802240623,18.363774361716708
2024120805_3948_46672_5,69.2875760769626,18.235818829661387
2024120805_3948_46672_6,69.72107018916407,18.036735310245565
2024120805_3948_46672_7,70.22901896512852,17.91377059958305
2024120805_3948_46672_8,70.71934848294661,17.78702909464362
2024120805_3948_46672_9,71.30137997348471,17.69783293928041
2024120805_3948_55900_1,74.76414036044585,23.853562917182582
2024120805_3948_55900_2,74.63718623665619,23.33153616934399
2024120805_3948_55900_3,74.51428690590987,22.778798486134605
2024120805_3948_55900_4,74.44091820099321,22.27430764285705
2024120805_3948_55900_5,74.35755621661279,21.772415561102576
2024120805_3948_55900_6,74.29989308077752,21.29165210611182
2024120805_3948_55900_7,74.26432503679312,20.69766676604232
2024120805_3948_55900_8,74.24711231168857,20.28984723328179
2024120805_3948_55900_9,74.25930498075184,19.97780203506497
2024120805_3973_48097_1,69.74228621172134,26.544293765960717
2024120805_3973_48097_2,69.68607175761952,27.1078579507944
2024120805_3973_48097_3,69.66944260759931,27.6964107812906
2024120805_3973_48097_4,69.65865030851589,28.23267071794222
2024120805_3973_48097_5,69.66293682113432,28.734655062679906
2024120805_3973_48097_6,69.65733646920903,29.26783803284612
2024120805_3973_48097_7,69.66986780457515,29.734233622265897
2024120805_3973_48097_8,69.69595928361265,30.180073169129034
2024120805_3973_48097_9,69.79647908775837,30.472482219885173
2024120805_3973_56543_1,64.32288719580419,32.787874656998525
2024120805_3973_56543_2,64.36572555138159,32.71824660509807
2024120805_3973_56543_3,64.40718871467938,32.610340876954965
2024120805_3973_56543_4,64.47665371232308,32.45019375800919
2024120805_3973_56543_5,64.55261481368505,32.23874060702502
2024120805_3973_56543_6,64.63621895225728,32.05277332034564
2024120805_3973_56543_7,64.75801428155623,31.811404253870943
2024120805_3973_56543_8,64.86203864455125,31.538031326152925
2024120805_3973_56543_9,65.023743016709,31.26409110792117
2024120805_3998_38588_1,61.503731700213855,42.10435473883318
2024120805_3998_38588_2,61.43795718055935,42.13207110380954
2024120805_3998_38588_3,61.38232442175586,42.14322346830895
2024120805_3998_38588_4,61.33794064324122,42.09662067670451
2024120805_3998_38588_5,61.31211506239133,41.95297664856799
2024120805_3998_38588_6,61.31020147762558,41.77221625316667
2024120805_3998_38588_7,61.28131762587394,41.617150762820366
2024120805_3998_38588_8,61.30346684067732,41.41245921435599
2024120805_3998_55900_1,70.86614264950244,38.10276249506907
2024120805_3998_55900_2,70.54540422126591,38.0159360933005
2024120805_3998_55900_3,70.17846048509679,37.863264220096646
2024120805_3998_55900_4,69.7995722810424,37.69433610894597
2024120805_3998_55900_5,69.40270505747492,37.47980460469208
2024120805_3998_55900_6,68.95872136211122,37.25940982084927
2024120805_3998_55900_7,68.60078497452737,37.04785697720199
2024120805_3998_55900_8,68.37507452356957,36.85770301425147
2024120805_4033_38588_1,62.40834450554182,40.810011604609045
2024120805_4033_38588_2,62.40879570103797,40.88529079329892
2024120805_4033_38588_3,62.42812459528281,40.924612590280326
2024120805_4033_38588_4,62.45474722408347,40.89479209628849
2024120805_4033_38588_5,62.48487337690897,40.78243582213526
2024120805_4033_38588_6,62.56107674130438,40.62146934122327
2024120805_4033_38588_7,62.62929414706824,40.45415132559033
2024120805_4033_55900_1,64.76110327900919,30.791129524209357
2024120805_4033_55900_2,64.67166384986695,31.237605835406036
2024120805_4033_55900_3,64.60740951685354,31.742454853740693
2024120805_4033_55900_4,64.56729604916187,32.14224751171662
2024120805_4033_55900_5,64.50214352551801,32.561679941037426
2024120805_4033_55900_6,64.45593388577223,32.9497632882614
2024120805_4033_55900_7,64.42133919993631,33.38248454141808
2024120805_4058_57134_1,55.59296749624527,16.314641826327318
2024120805_4058_57134_2,55.53922585036449,15.864850558705305
2024120805_4058_57134_3,55.527693685944335,15.311952675287
2024120805_4058_57134_4,55.54996933979902,14.71491526849579
2024120805_4058_57134_5,55.565623710933295,14.176335059262458
2024120805_4058_57134_6,55.6203180983278,13.63684873967173
2024120805_4058_57134_7,55.68661628444871,13.054554178343512
2024120805_4058_57134_8,55.7963717361576,12.54464126390096
2024120805_4058_57210_1,54.75220513825948,16.000640507876792
2024120805_4058_57210_2,54.79382762133946,15.627098018323077
2024120805_4058_57210_3,54.86124585134512,15.14528660597002
2024120805_4058_57210_4,54.97273177561376,14.617943578483148
2024120805_4058_57210_5,55.08760361576472,14.14422905342972
2024120805_4058_57210_6,55.207445843367495,13.660382840030229
2024120805_4058_57210_7,55.38885624989143,13.138537699953432
2024120805_4058_57210_8,55.612186922588776,12.70598438445916
2024120805_4081_55900_1,55.68015889297188,26.26713942357773
2024120805_4081_55900_2,55.48102492717512,26.39501451691088
2024120805_4081_55900_3,55.30063913124864,26.51190406784888
2024120805_4081_55900_4,55.17729485100308,26.58310665115551
2024120805_4081_55900_5,55.0431831818149,26.64076345839163
2024120805_4081_55900_6,54.924269568047606,26.66966268607322
2024120805_4081_55900_7,54.85324614274105,26.67970832689976
2024120805_4081_56543_1,50.03188931260797,31.698940170612705
2024120805_4081_56543_2,50.31159567671296,31.40655618909313
2024120805_4081_56543_3,50.631158096310266,31.070818868108017
2024120805_4081_56543_4,51.00262055703865,30.65207992012707
2024120805_4081_56543_5,51.40115208344423,30.21037210886275
2024120805_4081_56543_6,51.79990708455248,29.831049539120396
2024120805_4081_56543_7,52.206603895999535,29.4216229407454
2024120805_4106_42397_1,51.63063439616572,26.024631368458717
2024120805_4106_42397_2,51.31773326571132,26.32722614883946
2024120805_4106_42397_3,51.02005081620801,26.65788951939811
2024120805_4106_42397_4,50.71302830152775,27.07182696216519
2024120805_4106_42397_5,50.41721427592348,27.507057630744058
2024120805_4106_42397_6,50.10355213316296,27.90795356216476
2024120805_4106_42397_7,49.7281390256676,28.295311255952814
2024120805_4106_56543_1,41.185570236462034,30.763513585917146
2024120805_4106_56543_2,41.35964459298816,30.440497328651634
2024120805_4106_56543_3,41.56434677901823,30.081028900082806
2024120805_4106_56543_4,41.80308761519812,29.71240919697889
2024120805_4106_56543_5,42.0832239912838,29.334397232115883
2024120805_4106_56543_6,42.39013200111162,28.9802998325996
2024120805_4106_56543_7,42.72647278225513,28.638290780976742
2024120805_4129_57134_1,48.58980699931015,28.39261052922577
2024120805_4129_57134_2,48.44907444035204,27.839190403862624
2024120805_4129_57134_3,48.31570101821305,27.2485617186374
2024120805_4129_57134_4,48.22741995703216,26.625486935454425
2024120805_4129_57134_5,48.10312895797173,26.033447932611203
2024120805_4129_57134_6,48.02134037454261,25.476042773740552
2024120805_4129_57134_7,47.95137868132231,24.802039011377435
2024120805_4154_48097_1,36.38692219450177,43.73402520840593
2024120805_4154_48097_10,31.05032561816168,45.35191575555521
2024120805_4154_48097_11,30.49850647735107,45.57477407810677
2024120805_4154_48097_12,30.0428006157726,45.92201594736809
2024120805_4154_48097_13,29.55966814814466,46.31299574200513
2024120805_4154_48097_14,29.223684769582597,46.67183604915756
2024120805_4154_48097_15,28.88544339466849,47.24735015889924
2024120805_4154_48097_16,28.528409328347145,47.694460362141136
2024120805_4154_48097_2,35.752975119367846,43.78457347127159
2024120805_4154_48097_3,35.1487969551163,43.89359040650732
2024120805_4154_48097_4,34.55000836427631,44.01284327803432
2024120805_4154_48097_5,33.9089176536475,44.13737866510864
2024120805_4154_48097_6,33.320729884837114,44.28475515094881
2024120805_4154_48097_7,32.68305146963888,44.45687731302956
2024120805_4154_48097_8,32.1222848875078,44.66689564968824
2024120805_4154_48097_9,31.57165383296602,45.04762879564304
2024120805_4154_54622_1,26.527705501589693,42.16443251146557
2024120805_4154_54622_10,26.6942008604275,44.0944842376481
2024120805_4154_54622_11,26.76097573051775,44.62857672614845
2024120805_4154_54622_12,26.841436715021707,45.11667088083225
2024120805_4154_54622_13,26.937362412016117,45.66214429038841
2024120805_4154_54622_14,27.03785584337527,46.359594310746
2024120805_4154_54622_15,27.282074996575428,46.94478422254592
2024120805_4154_54622_16,27.416198702110545,47.41329641510893
2024120805_4154_54622_2,26.46196843880237,42.212493331910565
2024120805_4154_54622_3,26.407515161408057,42.30155675622072
2024120805_4154_54622_4,26.357497849750136,42.45161184012959
2024120805_4154_54622_5,26.330459449869394,42.61568235852285
2024120805_4154_54622_6,26.368175041431524,42.8086606364812
2024120805_4154_54622_7,26.385724880518826,43.125221143499445
2024120805_4154_54622_8,26.48180952738832,43.49089544793353
2024120805_4154_54622_9,26.577252724315827,43.77086202002992
2024120805_4154_57210_1,32.03158013144713,37.924807837957
2024120805_4154_57210_10,31.86864068884273,42.60512036436865
2024120805_4154_57210_11,31.814908591778085,43.28532991122609
2024120805_4154_57210_12,31.767831159035666,43.977749291417325
2024120805_4154_57210_13,31.700226337629115,44.674707893499736
2024120805_4154_57210_14,31.61916439429997,45.322203361454775
2024120805_4154_57210_15,31.42063317607429,45.92538704056688
2024120805_4154_57210_16,31.33295329614832,46.69538926607315
2024120805_4154_57210_2,32.00741896703216,38.29598464395793
2024120805_4154_57210_3,32.01201330623055,38.68300988061343
2024120805_4154_57210_4,31.9986875256191,39.14210333676871
2024120805_4154_57210_5,31.991547053680232,39.64525401926858
2024120805_4154_57210_6,31.981862562472983,40.16493162654936
2024120805_4154_57210_7,31.92516596889104,40.62255514252732
2024120805_4154_57210_8,31.903193850207824,41.26586097363055
2024120805_4154_57210_9,31.877143397983275,41.913834940625584
2024120805_453_38588_1,40.81000444872883,25.25892500547032
2024120805_453_38588_10,45.61192100337669,23.380365305083167
2024120805_453_38588_11,46.17681351259926,23.33459786075982
2024120805_453_38588_12,46.78882481772937,23.240729196758103
2024120805_453_38588_13,47.34179303036662,23.20073271634776
2024120805_453_38588_14,48.02220070017855,23.17569469640909
2024120805_453_38588_15,48.73978025820491,23.150834228778564
2024120805_453_38588_16,49.47333426295048,23.14277316228859
2024120805_453_38588_17,49.9472513805718,23.11777391239364
2024120805_453_38588_18,50.58861802145773,23.10758922097301
2024120805_453_38588_19,51.21587204602859,23.020828840247148
2024120805_453_38588_2,41.22368998016957,24.93200910776048
2024120805_453_38588_20,51.69053750380711,22.975790594592528
2024120805_453_38588_21,52.47996188003318,22.91195909369205
2024120805_453_38588_22,53.1226030893654,22.82249959183926
2024120805_453_38588_23,53.76743108937268,22.76024180066965
2024120805_453_38588_24,54.43807490768631,22.726523584709323
2024120805_453_38588_25,55.12731428775389,22.70458746065396
2024120805_453_38588_26,55.78975247798222,22.69846447329931
2024120805_453_38588_27,56.52258568374302,22.674492032540165
2024120805_453_38588_28,57.06848697831128,22.636712679352435
2024120805_453_38588_29,57.51173239110577,22.62142303772554
2024120805_453_38588_3,41.68727173265743,24.643156672229317
2024120805_453_38588_4,42.17755549383914,24.4091887860233
2024120805_453_38588_5,42.64651299701299,24.213895131060312
2024120805_453_38588_6,43.23211861074935,24.07401235316751
2024120805_453_38588_7,43.85024335425485,23.92825418645702
2024120805_453_38588_8,44.38252600350983,23.79145217119502
2024120805_453_38588_9,45.01011713755315,23.605950641041005
2024120805_453_47877_1,48.48182001436889,37.56816701263066
2024120805_453_47877_10,54.846287708635295,36.269789218899454
2024120805_453_47877_11,55.68767423042464,36.15011137424322
2024120805_453_47877_12,56.49665137926063,35.98178546289839
2024120805_453_47877_13,57.34521139861104,35.78174530557946
2024120805_453_47877_14,58.00969409354508,35.49858637923298
2024120805_453_47877_15,58.708179583693536,35.14835933365814
2024120805_453_47877_16,59.59570041999667,34.78488090447465
2024120805_453_47877_17,60.29889072995351,34.42298399578348
2024120805_453_47877_18,61.08027745267255,34.12113772002577
2024120805_453_47877_19,61.74939650718899,33.88410702122268
2024120805_453_47877_2,49.0793990221777,37.50484333822225
2024120805_453_47877_20,62.52765246368191,33.64435574648958
2024120805_453_47877_21,63.53401276736624,33.292255260627115
2024120805_453_47877_22,64.83949797611456,32.939908477921776
2024120805_453_47877_23,65.74445007821305,32.603922611487285
2024120805_453_47877_24,66.57650089361339,32.30708546041968
2024120805_453_47877_25,67.41066144635462,32.0220896810271
2024120805_453_47877_26,68.24101186065712,31.75796321423136
2024120805_453_47877_27,69.32044388724486,31.44981088479341
2024120805_453_47877_28,70.21642010299637,31.076785932435683
2024120805_453_47877_29,70.95010332625881,30.84282566323366
2024120805_453_47877_3,49.73288217693554,37.42939425524606
2024120805_453_47877_4,50.418524265059325,37.309237575025215
2024120805_453_47877_5,51.0699451573114,37.206614212604144
2024120805_453_47877_6,51.78544246971933,37.11931197450411
2024120805_453_47877_7,52.54005910982045,36.9616993215462
2024120805_453_47877_8,53.2343741273711,36.84895154168004
2024120805_453_47877_9,54.085012386916645,36.551672442862426
2024120805_453_54622_1,50.520138648914326,18.101263247782576
2024120805_453_54622_10,57.73151981897326,19.91701780339226
2024120805_453_54622_11,58.60485742972934,19.987803476665302
2024120805_453_54622_12,59.47006597714236,20.142707934178404
2024120805_453_54622_13,60.38282267927109,20.261154774419328
2024120805_453_54622_14,61.25654824219396,20.40774790620633
2024120805_453_54622_15,62.17173192291905,20.680725605884795
2024120805_453_54622_16,63.17672084118353,20.936338371320478
2024120805_453_54622_17,64.06080266663452,21.04025302785405
2024120805_453_54622_18,64.98867528892669,21.250120766852707
2024120805_453_54622_19,65.8035768639159,21.39798777457852
2024120805_453_54622_2,51.20776362587928,18.30804263970329
2024120805_453_54622_20,66.68120972114254,21.57305778217834
2024120805_453_54622_21,67.5643796486559,21.70703397804348
2024120805_453_54622_22,68.44371601220078,21.872076579501208
2024120805_453_54622_23,69.31822601845607,22.00573475482404
2024120805_453_54622_24,70.1786568924718,22.087577522396955
2024120805_453_54622_25,70.9779140066623,22.18779764902086
2024120805_453_54622_26,71.87751079999158,22.28941813429972
2024120805_453_54622_27,72.66426462706335,22.362356754055757
2024120805_453_54622_28,73.47507889629041,22.45179251973936
2024120805_453_54622_29,74.20253532387753,22.526198936358703
2024120805_453_54622_3,51.94531708360152,18.47148223965494
2024120805_453_54622_4,52.73579015635884,18.67179275621656
2024120805_453_54622_5,53.4977530122711,18.86432629588521
2024120805_453_54622_6,54.32267001089407,18.99343975250325
2024120805_453_54622_7,55.20117411378274,19.118647984990854
2024120805_453_54622_8,55.99826361361872,19.395838741354684
2024120805_453_54622_9,56.879125061470354,19.70264685434943
2024120805_453_55965_1,49.39737400557476,20.56552628057548
2024120805_453_55965_10,57.85791162950807,20.409105435215103
2024120805_453_55965_11,58.87350957455524,20.333801472882023
2024120805_453_55965_12,59.83902897186955,20.30796774732736
2024120805_453_55965_13,60.880580858058494,20.34189896494477
2024120805_453_55965_14,61.78085995005718,20.35949729540817
2024120805_453_55965_15,62.70187823109013,20.34962523443573
2024120805_453_55965_16,63.65721463461614,20.357575459327
2024120805_453_55965_17,64.68429205947945,20.398816166671523
2024120805_453_55965_18,65.72390039046954,20.41730450448904
2024120805_453_55965_19,66.60163810807813,20.416985564439678
2024120805_453_55965_2,50.215340332313886,20.60423864218309
2024120805_453_55965_20,67.46899427962424,20.431387902780955
2024120805_453_55965_21,68.34601551300878,20.460364478189312
2024120805_453_55965_22,69.40673043851348,20.55294029548151
2024120805_453_55965_23,70.42285558344986,20.60826422702919
2024120805_453_55965_24,71.2830440163524,20.651541460826422
2024120805_453_55965_25,72.02356296892948,20.6994618202205
2024120805_453_55965_26,72.83357029596691,20.75559694549929
2024120805_453_55965_27,73.55437892777908,20.81374749695225
2024120805_453_55965_28,74.23021293022649,20.886944112287733
2024120805_453_55965_29,74.82925894425057,20.93926647917647
2024120805_453_55965_3,51.11878309641476,20.633325985978797
2024120805_453_55965_4,52.057794805308205,20.644411418742116
2024120805_453_55965_5,52.9573409487497,20.6168727878042
2024120805_453_55965_6,53.93386079988069,20.60755840769449
2024120805_453_55965_7,54.92683948800046,20.525462321592663
2024120805_453_55965_8,55.86648879509378,20.458239117106324
2024120805_453_55965_9,56.878837468898034,20.43923418165352
2024120805_453_56543_1,50.65826621736832,28.368001524491618
2024120805_453_56543_10,54.02820218034475,25.822153700815868
2024120805_453_56543_11,54.56689222442513,25.555877123551056
2024120805_453_56543_12,54.95600200322548,25.351166719222043
2024120805_453_56543_13,55.40805910411469,25.029426124786045
2024120805_453_56543_14,56.27289691964405,24.805209707280007
2024120805_453_56543_15,56.98195558752548,24.663070778115056
2024120805_453_56543_16,57.68847482841124,24.48557611859245
2024120805_453_56543_17,58.42343574516542,24.410834622227952
2024120805_453_56543_18,59.092045530128615,24.33862025039036
2024120805_453_56543_19,59.803685354299134,24.16571072502786
2024120805_453_56543_2,51.01984827536823,28.180536174014275
2024120805_453_56543_20,60.70862256051532,24.014160728663956
2024120805_453_56543_21,61.3233551972619,23.86318391580433
2024120805_453_56543_22,62.02711097128173,23.719922505710272
2024120805_453_56543_23,62.59931969678547,23.612631013928173
2024120805_453_56543_24,63.36055288299381,23.50077121989421
2024120805_453_56543_25,64.05723068230537,23.412229819642988
2024120805_453_56543_26,64.7737777352835,23.39634063668993
2024120805_453_56543_27,65.44660027725962,23.34482926343133
2024120805_453_56543_28,66.02785295703598,23.24689611046778
2024120805_453_56543_29,66.51789881813299,23.21528035706578
2024120805_453_56543_3,51.39769085157458,27.9410361659217
2024120805_453_56543_4,51.79414002470674,27.6576382786806
2024120805_453_56543_5,52.15809372181807,27.37104327550591
2024120805_453_56543_6,52.54711231208391,27.031081810019074
2024120805_453_56543_7,52.96763345221708,26.75641779527207
2024120805_453_56543_8,53.301907967744505,26.45180511649377
2024120805_453_56543_9,53.65932467816409,26.149561674998644
2024120805_566_54571_1,51.31231159593118,28.130023593202377
2024120805_566_54571_2,51.3030228602536,28.73417394607776
2024120805_566_54571_3,51.3205286209249,29.346939316015167
2024120805_566_54571_4,51.34231936032147,29.95250129047684
2024120805_566_54571_5,51.35666949032982,30.540622221442625
2024120805_566_54571_6,51.370415139609975,31.11814656340928
2024120805_566_54571_7,51.37965755557428,31.675010195118297
2024120805_566_54571_8,51.37861080655755,32.21558137829405
2024120805_635_46902_1,7.811773697548915,22.22502894057676
2024120805_635_46902_2,7.783209835322381,21.97068560121068
2024120805_635_46902_3,7.767977411362411,21.68005361023438
2024120805_635_46902_4,7.781626713867269,21.340342649040977
2024120805_635_46902_5,7.7924604938743265,20.988489566443523
2024120805_635_46902_6,7.822821878087062,20.6803282176338
2024120805_635_53509_1,10.130603122900451,13.904437614151732
2024120805_635_53509_2,10.15737473352078,14.083650582571645
2024120805_635_53509_3,10.180754464363334,14.368523224068088
2024120805_635_53509_4,10.22815275055602,14.69019176412329
2024120805_635_53509_5,10.273632279650633,15.014540696853372
2024120805_635_53509_6,10.331654521605676,15.41288583529864
2024120805_635_54556_1,12.996082375900713,20.319931525478783
2024120805_635_54556_2,12.809403293667645,20.207691528733392
2024120805_635_54556_3,12.643533647515987,20.091845748100525
2024120805_635_54556_4,12.529902255032752,20.01877994177704
2024120805_635_54556_5,12.40425393742507,19.92520219266073
2024120805_635_54556_6,12.320124675451698,19.79695168246969
2024120805_700_38588_1,46.77471325112603,28.93278520126987
2024120805_700_38588_10,48.33189994911,27.586700365657958
2024120805_700_38588_11,48.47626555933368,27.273917317203217
2024120805_700_38588_12,48.68606062163904,26.97470669727102
2024120805_700_38588_13,48.87561324802051,26.628539473986773
2024120805_700_38588_14,49.139855624262935,26.22884952900355
2024120805_700_38588_2,46.930259307771394,29.09194074410678
2024120805_700_38588_3,47.09656268452355,29.15769921534429
2024120805_700_38588_4,47.29001382002771,29.209758896984667
2024120805_700_38588_5,47.47259913667417,29.15608584881492
2024120805_700_38588_6,47.63109135538065,29.053593144547737
2024120805_700_38588_7,47.81170165884296,28.899446477074548
2024120805_700_38588_8,47.97341482321627,28.490910142836167
2024120805_700_38588_9,48.165209395243664,28.019706907437296
2024120805_700_47890_1,45.15104579510978,18.58370230029508
2024120805_700_47890_10,48.76108162713186,16.076457185077427
2024120805_700_47890_11,49.12709778352961,15.81112914020111
2024120805_700_47890_12,49.38416754989794,15.57334696132818
2024120805_700_47890_13,49.585070479649055,15.342408837832163
2024120805_700_47890_14,49.81460112001356,15.181418630891947
2024120805_700_47890_2,45.57866294102783,18.42408319877184
2024120805_700_47890_3,46.0074921141629,18.189588084010182
2024120805_700_47890_4,46.44011685771252,17.953217016793648
2024120805_700_47890_5,46.83100482292097,17.669991505661088
2024120805_700_47890_6,47.204648825523634,17.361114401581258
2024120805_700_47890_7,47.55179752709804,17.040027756952174
2024120805_700_47890_8,47.928533580643006,16.763663627340684
2024120805_700_47890_9,48.34746036827987,16.419729700127977
2024120805_700_52453_1,47.260425542433566,10.01273969046527
2024120805_700_52453_10,52.94505591318951,8.105434590387112
2024120805_700_52453_11,53.60277741468702,8.091813771460345
2024120805_700_52453_12,54.24417441505864,8.101261252365944
2024120805_700_52453_13,54.6166221307036,8.15212347336807
2024120805_700_52453_14,55.13643522801651,8.152843418570507
2024120805_700_52453_2,47.76984455074424,9.660273972876988
2024120805_700_52453_3,48.33628470705045,9.325108001726251
2024120805_700_52453_4,48.97783925015492,9.046200914000384
2024120805_700_52453_5,49.58110750163991,8.772618087270642
2024120805_700_52453_6,50.18990440595505,8.528978651159608
2024120805_700_52453_7,50.89638438302448,8.307073895065532
2024120805_700_52453_8,51.55122716922933,8.21473944225727
2024120805_700_52453_9,52.29411348617575,8.145414426478904
2024120805_700_54622_1,50.998783669414415,9.291737580714306
2024120805_700_54622_10,54.725884125297306,10.888497839824558
2024120805_700_54622_11,55.12964296700162,11.171264715586492
2024120805_700_54622_12,55.50140962656566,11.53162282439584
2024120805_700_54622_13,55.88244679159362,11.85684144814793
2024120805_700_54622_14,56.15490149841616,12.147330581541762
2024120805_700_54622_2,51.39100692826375,9.270352885476898
2024120805_700_54622_3,51.80810242324702,9.271672542958903
2024120805_700_54622_4,52.240748246149806,9.327923064894405
2024120805_700_54622_5,52.66697926990796,9.4648849501239
2024120805_700_54622_6,53.12981610947144,9.665124966677803
2024120805_700_54622_7,53.57209744345048,9.88458848252459
2024120805_700_54622_8,53.935986639724334,10.119674095855324
2024120805_700_54622_9,54.34471822993799,10.453675616067889
2024120805_700_55900_1,47.81973142410577,14.476921360442658
2024120805_700_55900_10,54.01147153523329,14.084525353929378
2024120805_700_55900_11,54.65294723513006,14.066471709681704
2024120805_700_55900_12,55.2465583974924,14.098863156184215
2024120805_700_55900_13,55.81868138601709,14.111012878255035
2024120805_700_55900_14,56.23947326043921,14.15573619280896
2024120805_700_55900_2,48.45956225952112,14.4266669776816
2024120805_700_55900_3,49.148561551896506,14.370868588752812
2024120805_700_55900_4,49.885354641497926,14.314851804935907
2024120805_700_55900_5,50.62656201718936,14.26560611006085
2024120805_700_55900_6,51.28124902792776,14.213983299706973
2024120805_700_55900_7,51.984453028222624,14.182834955527694
2024120805_700_55900_8,52.68233756143579,14.160178926547296
2024120805_700_55900_9,53.40819318318857,14.123256781128614
2024120805_700_56543_1,59.1601889683931,26.133345442901227
2024120805_700_56543_10,60.97856209853948,23.402065788573157
2024120805_700_56543_11,61.05861493722825,22.88407989440549
2024120805_700_56543_12,61.11596343406703,22.442817334517443
2024120805_700_56543_13,61.17696032442728,21.95156000277193
2024120805_700_56543_14,61.19179133911187,21.46854170774616
2024120805_700_56543_2,59.40363210651724,25.99427878871583
2024120805_700_56543_3,59.67548972745973,25.80737080922504
2024120805_700_56543_4,59.92631007263127,25.605524324575413
2024120805_700_56543_5,60.164584746507245,25.357964921464024
2024120805_700_56543_6,60.38415982843221,25.047634376626764
2024120805_700_56543_7,60.57167540201876,24.69581193760092
2024120805_700_56543_8,60.703525923758406,24.36160917684804
2024120805_700_56543_9,60.86743937492039,23.89953961867059
2024120805_723_47890_1,42.59417869160304,18.219998270392725
2024120805_723_47890_10,44.9565405057068,14.975604705606344
2024120805_723_47890_11,45.04872819934252,14.47612330928085
2024120805_723_47890_2,42.89696343765107,18.075621422014198
2024120805_723_47890_3,43.20970634304469,17.854366884876974
2024120805_723_47890_4,43.49003898826735,17.58712486413585
2024120805_723_47890_5,43.7362457613815,17.238875974132903
2024120805_723_47890_6,43.97616284934277,16.864152748732987
2024120805_723_47890_7,44.26216934581586,16.434759422257134
2024120805_723_47890_8,44.52930676481054,16.015695687331803
2024120805_723_47890_9,44.78728639862133,15.535130560663116
2024120805_723_48097_1,44.75358449913294,11.58660900801705
2024120805_723_48097_10,46.35049508562378,6.3268833507390285
2024120805_723_48097_11,46.3497532422066,5.745126711588683
2024120805_723_48097_2,45.113072902629526,11.139748614510069
2024120805_723_48097_3,45.41685730255156,10.614515586655765
2024120805_723_48097_4,45.67043414641476,10.016735842291528
2024120805_723_48097_5,45.90491215722592,9.413570231032152
2024120805_723_48097_6,46.05662282795127,8.810752063156016
2024120805_723_48097_7,46.18435242893226,8.152772256021828
2024120805_723_48097_8,46.268654845720576,7.578708165982318
2024120805_723_48097_9,46.34434295544386,6.934400388594978
2024120805_723_54622_1,50.15571045239408,12.988514138879772
2024120805_723_54622_10,50.049866168706735,9.412490045032406
2024120805_723_54622_11,49.865051569142736,8.889433850940827
2024120805_723_54622_2,50.28262043967017,12.79093800639514
2024120805_723_54622_3,50.35342559955215,12.50577757679341
2024120805_723_54622_4,50.40830406190691,12.200814044437568
2024120805_723_54622_5,50.4230992208476,11.80855936978333
2024120805_723_54622_6,50.40916596548171,11.389772306281658
2024120805_723_54622_7,50.36899424496374,10.903866807849829
2024120805_723_54622_8,50.28294518784127,10.42542644349727
2024120805_723_54622_9,50.17551843477812,9.942004711334665
2024120805_74_53472_1,85.81958053299246,38.48040934203603
2024120805_74_53472_10,87.5618596738249,44.3790059129645
2024120805_74_53472_11,87.82685675090842,45.00653053228223
2024120805_74_53472_2,85.87015091647356,39.06178360236038
2024120805_74_53472_3,85.96532741952258,39.661970268280335
2024120805_74_53472_4,86.09902508114692,40.33365988762149
2024120805_74_53472_5,86.24686912234853,40.95686067904831
2024120805_74_53472_6,86.4352180898227,41.65501903437728
2024120805_74_53472_7,86.6473562302602,42.339149434956944
2024120805_74_53472_8,86.90301526159038,43.02220446872381
2024120805_74_53472_9,87.23941319978633,43.68367736419881
2024120805_74_54586_1,88.34327281828462,34.38849569676268
2024120805_74_54586_10,91.64102272789474,36.324055776086965
2024120805_74_54586_11,91.9888122846374,36.77715961083658
2024120805_74_54586_2,88.61344809406556,34.44957826185388
2024120805_74_54586_3,88.98025278706514,34.50878024679623
2024120805_74_54586_4,89.37810472351785,34.6327715460469
2024120805_74_54586_5,89.83287825688647,34.766951963788124
2024120805_74_54586_6,90.21380915956182,34.98739357878364
2024120805_74_54586_7,90.58589842788692,35.25231170348667
2024120805_74_54586_8,90.9398714800742,35.53589818579393
2024120805_74_54586_9,91.30905528310424,35.9358166224795
2024120805_74_57213_1,92.59687768446015,39.7609139978007
2024120805_74_57213_10,90.93965991725368,45.81976656584373
2024120805_74_57213_11,90.92109700422746,46.3193677657261
2024120805_74_57213_2,92.3265994266151,40.41242788534687
2024120805_74_57213_3,92.07183206165178,41.06493599168461
2024120805_74_57213_4,91.86082912729115,41.77981554738251
2024120805_74_57213_5,91.68616349906564,42.502074246157584
2024120805_74_57213_6,91.48366430856,43.23702813577234
2024120805_74_57213_7,91.27480461253866,43.87436123536251
2024120805_74_57213_8,91.13334502333431,44.568857176051694
2024120805_74_57213_9,91.0341467388646,45.2904432942359
2024120805_911_52518_1,76.27082007564002,13.388538105837736
2024120805_911_52518_10,72.69150018162904,7.860936578435387
2024120805_911_52518_11,72.22344738872606,7.207705743074227
2024120805_911_52518_12,71.86430374563233,6.573338726657384
2024120805_911_52518_13,71.4640193637452,5.941174248485524
2024120805_911_52518_14,70.83308263708895,5.3551590939802445
2024120805_911_52518_15,70.25314781992793,4.748867882519747
2024120805_911_52518_16,69.54641125085489,4.165421737232984
2024120805_911_52518_17,69.07751468666109,3.750503242104092
2024120805_911_52518_18,68.60738564602413,3.2295302811362543
2024120805_911_52518_19,67.95120008487503,2.7278819152071314
2024120805_911_52518_2,75.88268819596924,12.84111169625882
2024120805_911_52518_3,75.46965104960185,12.24418035660299
2024120805_911_52518_4,75.08919546773392,11.610426157876468
2024120805_911_52518_5,74.73945018021831,11.008071934397025
2024120805_911_52518_6,74.30467636166078,10.362047581280764
2024120805_911_52518_7,73.89876785392812,9.775351022892394
2024120805_911_52518_8,73.55334561839771,9.105007552972918
2024120805_911_52518_9,73.12761692396573,8.472461900418962
2024120805_911_57213_1,74.60347222357161,12.52829243895838
2024120805_911_57213_10,70.45163576667282,6.837458242065946
2024120805_911_57213_11,69.98778846649421,6.202989971584756
2024120805_911_57213_12,69.48654847032492,5.564964128592526
2024120805_911_57213_13,69.0222421275877,4.957550020601712
2024120805_911_57213_14,68.40665374461912,4.428674231137306
2024120805_911_57213_15,67.80827253516786,3.864145073124512
2024120805_911_57213_16,67.17781161392993,3.3343678033928725
2024120805_911_57213_17,66.69822945978859,2.937983657305089
2024120805_911_57213_18,66.2568554788131,2.427440215854258
2024120805_911_57213_19,65.68325606166444,1.8979559306597071
2024120805_911_57213_2,74.13255467495122,11.966394657925395
2024120805_911_57213_3,73.66088414312749,11.354608170116142
2024120805_911_57213_4,73.20251732631718,10.710433273700655
2024120805_911_57213_5,72.78306112842584,10.0925817229913
2024120805_911_57213_6,72.28289118762687,9.430105330934932
2024120805_911_57213_7,71.85093680127615,8.787152994345924
2024120805_911_57213_8,71.37166713741699,8.102427085946776
2024120805_911_57213_9,70.92313391558993,7.491891823449663
2024120805_934_43329_1,75.0793125602818,19.038305681088424
2024120805_934_43329_10,73.64331065297631,24.14619823169592
2024120805_934_43329_11,73.64559827000006,24.79882471898619
2024120805_934_43329_2,74.77268487347936,19.51640017398752
2024120805_934_43329_3,74.50083064133469,20.05477912581201
2024120805_934_43329_4,74.26500364204682,20.62676640607859
2024120805_934_43329_5,74.06463834965452,21.175851558967388
2024120805_934_43329_6,73.9107833930622,21.77578786607768
2024120805_934_43329_7,73.8092557390796,22.34160257991314
2024120805_934_43329_8,73.71578430876619,22.96839931288381
2024120805_934_43329_9,73.6549202473732,23.569102982037787
2024120805_934_52518_1,75.61605870773523,17.638511951699684
2024120805_934_52518_10,73.80317526763018,22.75645797615769
2024120805_934_52518_11,73.80001069139787,23.375226032154917
2024120805_934_52518_2,75.21399133057018,18.04415321259107
2024120805_934_52518_3,74.86361425286366,18.470284557145213
2024120805_934_52518_4,74.56164849024434,18.980920743232147
2024120805_934_52518_5,74.30530535064797,19.555816761029675
2024120805_934_52518_6,74.10936066937451,20.132698939818585
2024120805_934_52518_7,73.99844132153324,20.76733606981236
2024120805_934_52518_8,73.93281002175516,21.34659289052022
2024120805_934_52518_9,73.82377429357989,22.03806485462528
2024120805_934_54586_1,76.52564526975843,37.898001400410266
2024120805_934_54586_10,74.58448924828373,40.92410204032164
2024120805_934_54586_11,74.46712763893348,41.23983149548497
2024120805_934_54586_2,76.2175049432516,38.06345636954467
2024120805_934_54586_3,75.91983621338352,38.36867758041873
2024120805_934_54586_4,75.69247742541813,38.67495917908648
2024120805_934_54586_5,75.47466011479138,39.00673652174225
2024120805_934_54586_6,75.24924077499752,39.41704296373907
2024120805_934_54586_7,75.06324458439785,39.75932187613891
2024120805_934_54586_8,74.91215629900157,40.07368859428192
2024120805_934_54586_9,74.73064610531743,40.55609968410069
2024121502_110_56032_1,70.38233762101142,34.3305512683128
2024121502_110_56032_10,70.86697102391571,36.94044969267989
2024121502_110_56032_11,70.978879791701,37.30573121003308
2024121502_110_56032_12,71.07043565472735,37.71564415910331
2024121502_110_56032_13,71.20607283203017,38.11506271225351
2024121502_110_56032_2,70.3384208023592,34.48978182622991
2024121502_110_56032_3,70.31832829234214,34.6569249291519
2024121502_110_56032_4,70.30988105293754,34.89255409215088
2024121502_110_56032_5,70.32960465087056,35.11795675580056
2024121502_110_56032_6,70.37489340274384,35.40489701483398
2024121502_110_56032_7,70.4795003632132,35.69339126558531
2024121502_110_56032_8,70.57114196920827,36.09323411986495
2024121502_110_56032_9,70.73764009789907,36.5470514121342
2024121502_110_57163_1,70.70263434633655,45.14061683264361
2024121502_110_57163_10,70.24050024246088,47.06457416996005
2024121502_110_57163_11,70.43223141590624,47.1927087762526
2024121502_110_57163_12,70.58438805460956,47.31404813520463
2024121502_110_57163_13,70.7506440073,47.41879726114159
2024121502_110_57163_2,70.4254830208152,45.36096685428056
2024121502_110_57163_3,70.18392028396178,45.55262971739633
2024121502_110_57163_4,70.00800657612135,45.79715553980799
2024121502_110_57163_5,69.90937429131387,46.0160835235767
2024121502_110_57163_6,69.86790529323846,46.21547476794151
2024121502_110_57163_7,69.89437626882255,46.39291507854367
2024121502_110_57163_8,69.97598019797269,46.555749840542646
2024121502_110_57163_9,70.08449114146352,46.86680112001262
2024121502_110_57304_1,76.22546092252192,48.03874415732096
2024121502_110_57304_10,76.31058269552722,48.30340370255606
2024121502_110_57304_11,76.3114143627527,48.3194635738509
2024121502_110_57304_12,76.33379229118486,48.30436148537103
2024121502_110_57304_13,76.37050150007315,48.27194338193981
2024121502_110_57304_2,76.21518481402269,48.08997495383769
2024121502_110_57304_3,76.2136803935414,48.13715056115044
2024121502_110_57304_4,76.21419493684466,48.1760390725473
2024121502_110_57304_5,76.22044976387583,48.23272612962554
2024121502_110_57304_6,76.22829868313303,48.269859663688855
2024121502_110_57304_7,76.2374842148546,48.29452668024231
2024121502_110_57304_8,76.25349235744405,48.326068334159125
2024121502_110_57304_9,76.27224249640558,48.31102304122611
2024121502_1130_43294_1,66.07857204257412,42.57027130962715
2024121502_1130_43294_10,67.16967331798743,40.18232200305968
2024121502_1130_43294_11,67.57113193219413,39.878336952422586
2024121502_1130_43294_2,65.97204204390353,42.45133973478384
2024121502_1130_43294_3,65.92819800392255,42.25168384343196
2024121502_1130_43294_4,65.92131647690817,42.04103095457924
2024121502_1130_43294_5,65.99502534531901,41.76432405188349
2024121502_1130_43294_6,66.12173734024958,41.46545458176715
2024121502_1130_43294_7,66.30576888658351,41.14937208000712
2024121502_1130_43294_8,66.55048908816225,40.86071618064363
2024121502_1130_43294_9,66.76783977686499,40.56833703758142
2024121502_1130_44974_1,71.7883438917123,31.67821680707228
2024121502_1130_44974_10,71.22584174705594,34.576923793222974
2024121502_1130_44974_11,71.19251847808809,35.03387453053797
2024121502_1130_44974_2,71.69494347116348,31.805033221849943
2024121502_1130_44974_3,71.61044178517284,32.01366223590621
2024121502_1130_44974_4,71.5540009909862,32.25797852073157
2024121502_1130_44974_5,71.46186925031328,32.572863184263866
2024121502_1130_44974_6,71.41050974334448,32.90972643579579
2024121502_1130_44974_7,71.35268977326922,33.303739933510606
2024121502_1130_44974_8,71.31870029316374,33.69144584698963
2024121502_1130_44974_9,71.26200280078342,34.1303596611603
2024121502_1130_52435_1,74.920950562316,43.11159340645264
2024121502_1130_52435_10,72.10670016832901,42.600919472310586
2024121502_1130_52435_11,71.76732011215002,42.44490546262868
2024121502_1130_52435_2,74.68222834040678,43.22703215599605
2024121502_1130_52435_3,74.388388689182,43.30996167104611
2024121502_1130_52435_4,74.0561443413283,43.320601984686405
2024121502_1130_52435_5,73.71619413178097,43.29710867853979
2024121502_1130_52435_6,73.3784713301759,43.19251248961708
2024121502_1130_52435_7,73.02111740022796,43.11171379362227
2024121502_1130_52435_8,72.79138164608241,43.03502296508052
2024121502_1130_52435_9,72.47044355991933,42.78369857503493
2024121502_1130_53518_1,70.23666037209604,41.29996792223279
2024121502_1130_53518_10,69.55622526359274,38.450477041461205
2024121502_1130_53518_11,69.68224694025079,38.10488928363398
2024121502_1130_53518_2,69.87885269092482,41.09829837356541
2024121502_1130_53518_3,69.63280104445914,40.80301044927089
2024121502_1130_53518_4,69.4740382707714,40.50607306703116
2024121502_1130_53518_5,69.37436357148292,40.17336328973878
2024121502_1130_53518_6,69.32948033857892,39.82052608218435
2024121502_1130_53518_7,69.34045783510511,39.43456207399517
2024121502_1130_53518_8,69.39889618247913,39.07954504286337
2024121502_1130_53518_9,69.44989799163213,38.82749015030163
2024121502_1242_53435_1,61.54624659066016,35.900696437950835
2024121502_1242_53435_10,67.59250445557674,33.630541324101166
2024121502_1242_53435_11,68.2290723539836,33.42771057255343
2024121502_1242_53435_12,68.90961346037359,33.19606535047823
2024121502_1242_53435_13,69.59833798154398,33.01748067716467
2024121502_1242_53435_2,62.15212799392552,35.622301832066924
2024121502_1242_53435_3,62.8096754132313,35.38717688762815
2024121502_1242_53435_4,63.49880113014405,35.12028450971537
2024121502_1242_53435_5,64.14564592794547,34.84482179740812
2024121502_1242_53435_6,64.78447707152166,34.626019292136064
2024121502_1242_53435_7,65.46419904132982,34.41291996408101
2024121502_1242_53435_8,66.18387095794938,34.18622827782855
2024121502_1242_53435_9,66.92321433221596,33.86966818766818
2024121502_1242_54468_1,60.96425988446831,22.760014842667964
2024121502_1242_54468_10,65.58666475626036,24.33385709674524
2024121502_1242_54468_11,66.07467233128402,24.501393575125192
2024121502_1242_54468_12,66.62519508807594,24.68898710456316
2024121502_1242_54468_13,67.12467132088003,24.789007375937818
2024121502_1242_54468_2,61.40408535168206,23.012459039652224
2024121502_1242_54468_3,61.87523961095621,23.1948528158227
2024121502_1242_54468_4,62.37952426416521,23.37493898146741
2024121502_1242_54468_5,62.886413629879456,23.548597493540576
2024121502_1242_54468_6,63.38747272633893,23.675180946534304
2024121502_1242_54468_7,63.92170824957593,23.802003355911136
2024121502_1242_54468_8,64.4289914144498,24.11125338718397
2024121502_1242_54468_9,65.0226003309752,24.26374054092898
2024121502_1242_54540_1,59.84914722172196,29.29284813379525
2024121502_1242_54540_10,60.27763406271709,31.162990442301165
2024121502_1242_54540_11,60.3952151294098,31.43906460934781
2024121502_1242_54540_12,60.57744219921108,31.70613185376063
2024121502_1242_54540_13,60.75260436657952,31.928447503581005
2024121502_1242_54540_2,59.85202110154457,29.319878512956937
2024121502_1242_54540_3,59.858715442959245,29.40192864003705
2024121502_1242_54540_4,59.89516531440431,29.53040032963441
2024121502_1242_54540_5,59.9449041507873,29.69250352353093
2024121502_1242_54540_6,59.99979304085409,29.9264061650165
2024121502_1242_54540_7,60.03726783288921,30.190706379406095
2024121502_1242_54540_8,60.06969118264823,30.46356645436623
2024121502_1242_54540_9,60.1632924620102,30.803889350216647
2024121502_1242_56032_1,61.30967019285187,24.031642515392743
2024121502_1242_56032_10,62.4984731964074,25.04173267623464
2024121502_1242_56032_11,62.69366808252101,25.265597983889982
2024121502_1242_56032_12,62.98671472150329,25.450469391100743
2024121502_1242_56032_13,63.25576537477731,25.712729565514223
2024121502_1242_56032_2,61.36080625025716,23.995108619466677
2024121502_1242_56032_3,61.4194199129503,23.979129380128803
2024121502_1242_56032_4,61.48850420583302,24.009229207520367
2024121502_1242_56032_5,61.58260113523722,24.098750672954008
2024121502_1242_56032_6,61.70088858159617,24.23876387012685
2024121502_1242_56032_7,61.913362586141965,24.361835604183053
2024121502_1242_56032_8,62.0951071358128,24.516877533773485
2024121502_1242_56032_9,62.30869203275011,24.735985051874472
2024121502_1242_57163_1,61.71618552679156,36.58134428688121
2024121502_1242_57163_10,67.34052532341423,34.32879854551645
2024121502_1242_57163_11,67.95173849270597,34.13002877153014
2024121502_1242_57163_12,68.62382817686768,33.92055399302004
2024121502_1242_57163_13,69.19646761253608,33.731006775318995
2024121502_1242_57163_2,62.2746474914434,36.34660657491315
2024121502_1242_57163_3,62.849202741759406,36.12444042785034
2024121502_1242_57163_4,63.4528791886174,35.854240628792965
2024121502_1242_57163_5,64.05882055026025,35.57910638435727
2024121502_1242_57163_6,64.61194824754142,35.34488201150699
2024121502_1242_57163_7,65.2797188697845,35.093215173954924
2024121502_1242_57163_8,66.00081831881344,34.88937261131496
2024121502_1242_57163_9,66.70523805756274,34.58230170916614
2024121502_1242_57199_1,75.22116694400859,26.193218062008164
2024121502_1242_57199_10,78.15746238634374,27.71576651256148
2024121502_1242_57199_11,78.41864419075367,28.09527741636601
2024121502_1242_57199_12,78.64959833681947,28.559585641031195
2024121502_1242_57199_13,78.78761835570874,29.01807958666203
2024121502_1242_57199_2,75.62107008163183,26.234738706288667
2024121502_1242_57199_3,76.00292372532681,26.29819974058614
2024121502_1242_57199_4,76.39136236370732,26.402358385744485
2024121502_1242_57199_5,76.76344469210312,26.55843001147463
2024121502_1242_57199_6,77.1371042614801,26.6929254074165
2024121502_1242_57199_7,77.42185716341804,26.92866620575693
2024121502_1242_57199_8,77.68927063060043,27.21796460522133
2024121502_1242_57199_9,77.93353897906746,27.473989285308257
2024121502_1295_43373_1,19.46916661591856,4.956758725745121
2024121502_1295_43373_10,20.25631886391612,1.807199269382043
2024121502_1295_43373_11,20.69331117467233,1.63124524549445
2024121502_1295_43373_12,21.027356078677077,1.508986308471986
2024121502_1295_43373_2,19.33775187472587,4.594812295751946
2024121502_1295_43373_3,19.248335683386628,4.187152734246606
2024121502_1295_43373_4,19.244412371049197,3.736857699436381
2024121502_1295_43373_5,19.298859667066356,3.344872244187031
2024121502_1295_43373_6,19.401522469119254,2.9646445209852503
2024121502_1295_43373_7,19.536797166415585,2.538296841038512
2024121502_1295_43373_8,19.715505015670065,2.3106780720387605
2024121502_1295_43373_9,19.90354349727553,2.051641098002432
2024121502_1295_53465_1,22.715597431173748,15.703364727916789
2024121502_1295_53465_10,21.20854574318238,10.314976013422978
2024121502_1295_53465_11,21.156007824998884,9.694154613034588
2024121502_1295_53465_12,21.06901396258654,9.055421672200763
2024121502_1295_53465_2,22.553719659084777,15.137864582867836
2024121502_1295_53465_3,22.364355302481798,14.57364704490276
2024121502_1295_53465_4,22.10216071515428,13.961482001908935
2024121502_1295_53465_5,21.93681739620006,13.40293124681369
2024121502_1295_53465_6,21.788314026856906,12.809281138048863
2024121502_1295_53465_7,21.607406620625177,12.22739724004993
2024121502_1295_53465_8,21.43011092810177,11.545784695542174
2024121502_1295_53465_9,21.288850010606478,10.969780995785264
2024121502_1295_54936_1,30.61423861384892,14.245524665849176
2024121502_1295_54936_10,28.641546791506784,10.306492450000787
2024121502_1295_54936_11,28.442017141737196,9.891988258771754
2024121502_1295_54936_12,28.20987300607412,9.450116710130324
2024121502_1295_54936_2,30.408459669626865,13.83851672072646
2024121502_1295_54936_3,30.17761916434886,13.427781040573644
2024121502_1295_54936_4,29.945300753429024,13.020648591294474
2024121502_1295_54936_5,29.739944713973664,12.5965758855778
2024121502_1295_54936_6,29.52696338190261,12.193839817312428
2024121502_1295_54936_7,29.322761033944595,11.797447798220569
2024121502_1295_54936_8,29.08384688378509,11.28008602326442
2024121502_1295_54936_9,28.856985421289025,10.793554637366348
2024121502_1295_55934_1,21.28893381255901,3.845205582957137
2024121502_1295_55934_10,21.534611753407354,1.538085099758003
2024121502_1295_55934_11,21.834045765644927,1.4151846425223056
2024121502_1295_55934_12,22.147495916342148,1.3368700039452928
2024121502_1295_55934_2,21.1069821644444,3.5490814597576725
2024121502_1295_55934_3,20.968168200498592,3.197760454718594
2024121502_1295_55934_4,20.926480707726608,2.8859772667916217
2024121502_1295_55934_5,20.929012714166777,2.593717228208952
2024121502_1295_55934_6,21.007919775805007,2.29297706754995
2024121502_1295_55934_7,21.087073985253696,2.0550341597091464
2024121502_1295_55934_8,21.234228070811813,1.906479114268556
2024121502_1295_55934_9,21.313506767978325,1.7210577214362923
2024121502_135_42771_1,68.33798918385246,32.898356351210715
2024121502_135_42771_10,64.13267856632626,34.27886820721486
2024121502_135_42771_11,63.59086600656816,34.51509962797621
2024121502_135_42771_12,63.033925367486844,34.75233741936673
2024121502_135_42771_13,62.517129918020046,34.93911585141459
2024121502_135_42771_2,68.01133368753374,32.94076786603685
2024121502_135_42771_3,67.61008562075958,33.00043431891721
2024121502_135_42771_4,67.20664615178119,33.12448366886154
2024121502_135_42771_5,66.76731431335287,33.250742240129206
2024121502_135_42771_6,66.31716298360894,33.36065984962277
2024121502_135_42771_7,65.81996591310286,33.561620610555146
2024121502_135_42771_8,65.32969191608785,33.78700552614803
2024121502_135_42771_9,64.70015853730649,34.05115060592801
2024121502_135_43395_1,64.26172451656693,33.48610607786688
2024121502_135_43395_10,60.5803492468492,27.47862852037075
2024121502_135_43395_11,60.23258705300359,26.8739644407591
2024121502_135_43395_12,59.97350289561144,26.3320403282845
2024121502_135_43395_13,59.700829245925895,25.997327440902943
2024121502_135_43395_2,63.83318188898647,32.89508513947931
2024121502_135_43395_3,63.41664278879325,32.27816106738504
2024121502_135_43395_4,63.04846527420487,31.62640598459049
2024121502_135_43395_5,62.66134918794005,31.000628093715832
2024121502_135_43395_6,62.22713292582796,30.34127811187888
2024121502_135_43395_7,61.82511622525542,29.66844368973823
2024121502_135_43395_8,61.44390052828686,28.93649079734757
2024121502_135_43395_9,60.99732204724652,28.20512403678653
2024121502_135_53435_1,65.48431194749917,40.698222348542
2024121502_135_53435_10,60.59132611737686,37.11763398465266
2024121502_135_53435_11,60.2468442466806,36.843935531072496
2024121502_135_53435_12,59.841073710542354,36.56354007749598
2024121502_135_53435_13,59.47787117689967,36.19605144133049
2024121502_135_53435_2,64.90612826253246,40.33767915011633
2024121502_135_53435_3,64.35747465356707,39.99747287091511
2024121502_135_53435_4,63.822971747393446,39.641329841646325
2024121502_135_53435_5,63.26009835866479,39.20988435909894
2024121502_135_53435_6,62.76483045006665,38.79273876159751
2024121502_135_53435_7,62.263800401277216,38.48843044343055
2024121502_135_53435_8,61.64196071555022,38.028534776074665
2024121502_135_53435_9,61.07025509084495,37.52759836449348
2024121502_135_54468_1,65.0613408880054,42.624877804738
2024121502_135_54468_10,59.4479569498114,39.83606527204018
2024121502_135_54468_11,58.928124295103416,39.41374584432489
2024121502_135_54468_12,58.41667844526804,39.03588582932932
2024121502_135_54468_13,57.91760952964346,38.74409433728298
2024121502_135_54468_2,64.43454300493156,42.42955319388618
2024121502_135_54468_3,63.792551469190606,42.20101318754588
2024121502_135_54468_4,63.16747858025323,41.94681195044946
2024121502_135_54468_5,62.5224376614923,41.640869892960495
2024121502_135_54468_6,61.92449914709616,41.341576749935335
2024121502_135_54468_7,61.31107664187141,41.01153533807683
2024121502_135_54468_8,60.71169384347251,40.689451787088935
2024121502_135_54468_9,60.060762075827455,40.28986049633023
2024121502_135_56032_1,69.91981353606337,35.135745161082376
2024121502_135_56032_10,67.31451841526057,34.37969708049193
2024121502_135_56032_11,66.970257295887,34.330158294395154
2024121502_135_56032_12,66.58079071520702,34.378147016708574
2024121502_135_56032_13,66.13398940126724,34.38851990486454
2024121502_135_56032_2,69.7860962237733,35.080512951042266
2024121502_135_56032_3,69.57741198150023,35.000041436733625
2024121502_135_56032_4,69.2833203763729,34.91209473435027
2024121502_135_56032_5,68.99201068194431,34.78455725729814
2024121502_135_56032_6,68.706221763641,34.69045115648189
2024121502_135_56032_7,68.25823734396518,34.60556755277413
2024121502_135_56032_8,67.93378995504494,34.52518506004907
2024121502_135_56032_9,67.62414100553363,34.44169914848121
2024121502_135_57199_1,53.83983045435148,27.13860016588837
2024121502_135_57199_10,53.56922774749551,24.302074297964523
2024121502_135_57199_11,53.560181101870775,24.11999990516403
2024121502_135_57199_12,53.51539865241698,23.93320592866093
2024121502_135_57199_13,53.484642993806126,23.81986712159536
2024121502_135_57199_2,53.74508396204426,26.83905115556256
2024121502_135_57199_3,53.66340046622548,26.504229512613342
2024121502_135_57199_4,53.6041429684476,26.159160526814084
2024121502_135_57199_5,53.579130939045264,25.767152920328087
2024121502_135_57199_6,53.56541669018765,25.349968358792097
2024121502_135_57199_7,53.558175064592135,25.09998698053184
2024121502_135_57199_8,53.58445932899298,24.85730784950519
2024121502_135_57199_9,53.5874820217617,24.54297740685915
2024121502_1391_40166_1,3.800356981055921,23.367123562314788
2024121502_1391_40166_10,4.336058604802941,26.7337740218236
2024121502_1391_40166_11,4.3870275779182295,26.94779687116493
2024121502_1391_40166_2,3.857574952801397,23.76287608339197
2024121502_1391_40166_3,3.9184555327377337,24.2052821606262
2024121502_1391_40166_4,3.990883256067856,24.62536368456834
2024121502_1391_40166_5,4.054084324870434,25.03246308557057
2024121502_1391_40166_6,4.130428885542474,25.41255947226449
2024121502_1391_40166_7,4.215211139302865,25.86106367126805
2024121502_1391_40166_8,4.258860641429427,26.12644534487353
2024121502_1391_40166_9,4.312567598512523,26.489887794958022
2024121502_1391_44974_1,6.403046791403467,25.81638823281976
2024121502_1391_44974_10,5.512048597766873,23.84876040376832
2024121502_1391_44974_11,5.349122661385856,23.885659538155316
2024121502_1391_44974_2,6.30419567444694,25.470553809794065
2024121502_1391_44974_3,6.203787664045389,25.07672010664885
2024121502_1391_44974_4,6.089748478550579,24.82714078271021
2024121502_1391_44974_5,5.9650955684302485,24.50901158839179
2024121502_1391_44974_6,5.856148414747604,24.26162290254524
2024121502_1391_44974_7,5.752077048846292,24.02075431600451
2024121502_1391_44974_8,5.678180721884526,23.92153141593716
2024121502_1391_44974_9,5.592086195967413,23.8668470394709
2024121502_1391_53518_1,2.372905896263532,26.78911952280032
2024121502_1391_53518_10,3.3533895518747165,29.24238685548808
2024121502_1391_53518_11,3.5621085053840043,29.379954874919644
2024121502_1391_53518_2,2.471503640490761,27.125890348095115
2024121502_1391_53518_3,2.5611457503847164,27.51568974882031
2024121502_1391_53518_4,2.6645501689507403,27.843117551399608
2024121502_1391_53518_5,2.760569872092828,28.13097070264883
2024121502_1391_53518_6,2.86674134385048,28.40829908499597
2024121502_1391_53518_7,2.9858620328388623,28.68011422701528
2024121502_1391_53518_8,3.1202519772869435,28.835129632224263
2024121502_1391_53518_9,3.2605242287735887,29.030956426752223
2024121502_1391_54936_1,8.482662352582988,36.89545257873342
2024121502_1391_54936_10,7.401172012271274,31.46925459883628
2024121502_1391_54936_11,7.308855967729387,30.790558346212745
2024121502_1391_54936_2,8.371823510419123,36.391241041339846
2024121502_1391_54936_3,8.259348525911578,35.81625290567934
2024121502_1391_54936_4,8.138192870794818,35.207587958795784
2024121502_1391_54936_5,8.026548231980996,34.604085012209524
2024121502_1391_54936_6,7.923804120684663,33.968473715992985
2024121502_1391_54936_7,7.754609958047701,33.40210059696746
2024121502_1391_54936_8,7.636539516893387,32.73368658690799
2024121502_1391_54936_9,7.516470190248919,32.0895521041276
2024121502_1451_54468_1,50.10976704201274,13.202387247674602
2024121502_1451_54468_10,55.1636975089508,13.63299723476056
2024121502_1451_54468_11,55.47119773053489,13.663113261548718
2024121502_1451_54468_12,55.69548520789952,13.655362828631674
2024121502_1451_54468_13,55.83957500103142,13.6137602014491
2024121502_1451_54468_2,50.75878166681184,13.252905678825716
2024121502_1451_54468_3,51.39435575918567,13.314058113273507
2024121502_1451_54468_4,52.021519591116814,13.375959027038386
2024121502_1451_54468_5,52.69508635357284,13.489425019442857
2024121502_1451_54468_6,53.21889385491522,13.581172432972688
2024121502_1451_54468_7,53.79950108315763,13.654213964519032
2024121502_1451_54468_8,54.28136006327885,13.680141188718093
2024121502_1451_54468_9,54.690735981527446,13.583800228757935
2024121502_1451_54540_1,46.28037644888962,18.566798737561736
2024121502_1451_54540_10,45.08353871669668,13.745014640348938
2024121502_1451_54540_11,44.84206494517028,13.12240773731517
2024121502_1451_54540_12,44.60627126529637,12.559299909045428
2024121502_1451_54540_13,44.314620467525394,12.055413462813291
2024121502_1451_54540_2,46.2659700193413,18.1430159060586
2024121502_1451_54540_3,46.21269690551621,17.67196454044935
2024121502_1451_54540_4,46.14408707703836,17.209165415772127
2024121502_1451_54540_5,46.0541476143074,16.675572217122625
2024121502_1451_54540_6,45.90894938368672,16.140339003985467
2024121502_1451_54540_7,45.79227399460874,15.612876426993637
2024121502_1451_54540_8,45.59055914653954,14.970240724991813
2024121502_1451_54540_9,45.33295973528666,14.353469928882824
2024121502_1451_57304_1,34.90009589248458,12.751173231383648
2024121502_1451_57304_10,38.01177854183809,8.808372375344895
2024121502_1451_57304_11,38.33762013251872,8.508089469560408
2024121502_1451_57304_12,38.697013338514886,8.238614839675677
2024121502_1451_57304_13,39.00835995405336,8.03453772195558
2024121502_1451_57304_2,35.18817956844016,12.24095128568944
2024121502_1451_57304_3,35.52876154441795,11.757357753154148
2024121502_1451_57304_4,35.90834200899612,11.259599364262408
2024121502_1451_57304_5,36.26432726991063,10.7913171398755
2024121502_1451_57304_6,36.63165470707805,10.33749482508808
2024121502_1451_57304_7,36.99057248468996,9.92234221883362
2024121502_1451_57304_8,37.3220978262976,9.509907307135473
2024121502_1451_57304_9,37.66510951931458,9.178079620148932
2024121502_1476_44912_1,65.46761893940759,22.50094852617829
2024121502_1476_44912_2,65.6660339681579,22.15006948243243
2024121502_1476_44912_3,65.84015791860485,21.781518365383835
2024121502_1476_44912_4,66.00286962777052,21.54798666789369
2024121502_1476_44912_5,66.16327608161768,21.213998996061115
2024121502_1476_44912_6,66.3402814789846,20.987157252602135
2024121502_1476_44912_7,66.51113646810614,20.77997405782577
2024121502_1476_44912_8,66.62185126573678,20.70008226253342
2024121502_1476_44912_9,66.69352418910512,20.548021888911165
2024121502_1476_54540_1,67.72057599391509,17.43968889586694
2024121502_1476_54540_2,67.77315084790986,17.48383124825938
2024121502_1476_54540_3,67.77196666907469,17.596044612266606
2024121502_1476_54540_4,67.75484612756908,17.757979841688464
2024121502_1476_54540_5,67.73540140338397,17.954131454831874
2024121502_1476_54540_6,67.70295771323369,18.225117930812527
2024121502_1476_54540_7,67.67760243607053,18.5359051460942
2024121502_1476_54540_8,67.62657951151054,18.893615441767995
2024121502_1476_54540_9,67.55579308337215,19.26834221662728
2024121502_1476_56032_1,69.22450977114474,28.570088476772145
2024121502_1476_56032_2,69.43915884276481,28.51707238576641
2024121502_1476_56032_3,69.6269871796451,28.404755425887565
2024121502_1476_56032_4,69.78258451978834,28.22105733822667
2024121502_1476_56032_5,69.8761983404263,28.025220367320863
2024121502_1476_56032_6,69.95152500692295,27.767919973376568
2024121502_1476_56032_7,69.99172745110691,27.437304890047177
2024121502_1476_56032_8,69.99024735429568,27.02237156734369
2024121502_1476_56032_9,69.98778995248796,26.63964477094212
2024121502_1523_54468_1,77.0800171062566,9.575447266878514
2024121502_1523_54468_10,76.4155603762756,7.74304005176756
2024121502_1523_54468_11,76.16548928841522,7.674334792198277
2024121502_1523_54468_12,75.91336828067924,7.611044310488246
2024121502_1523_54468_2,77.21829506196616,9.243915522860013
2024121502_1523_54468_3,77.30793829113674,8.93537135694559
2024121502_1523_54468_4,77.33520175283539,8.685974132658902
2024121502_1523_54468_5,77.28850056663597,8.474604476416852
2024121502_1523_54468_6,77.21421691554536,8.274656054948302
2024121502_1523_54468_7,77.06438909809907,8.078662159437005
2024121502_1523_54468_8,76.86384173881011,8.014113846850158
2024121502_1523_54468_9,76.67945451366344,7.902788214721369
2024121502_1523_56121_1,64.45859328655862,15.740256127923532
2024121502_1523_56121_10,65.11388347173724,12.337093143985443
2024121502_1523_56121_11,65.20313439233934,12.077247931360349
2024121502_1523_56121_12,65.27654179631553,11.850744565170636
2024121502_1523_56121_2,64.4529609634093,15.389257182085938
2024121502_1523_56121_3,64.47889342695338,14.969625340223876
2024121502_1523_56121_4,64.52644245523842,14.513272827587508
2024121502_1523_56121_5,64.59067922222202,14.115027459896126
2024121502_1523_56121_6,64.65267258548997,13.71927590290574
2024121502_1523_56121_7,64.7182372079898,13.28567869602436
2024121502_1523_56121_8,64.84089351244988,13.00825221635239
2024121502_1523_56121_9,65.00113987293061,12.6940158450365
2024121502_1649_43395_1,94.9690454521576,11.512968580342992
2024121502_1649_43395_10,97.4735578362204,10.130127425040683
2024121502_1649_43395_11,97.71672932053312,10.15606273843338
2024121502_1649_43395_2,95.1384163155832,11.200828217099389
2024121502_1649_43395_3,95.33555831685564,10.922875064122838
2024121502_1649_43395_4,95.61813766101314,10.712080422659715
2024121502_1649_43395_5,95.88695777487123,10.54065457921004
2024121502_1649_43395_6,96.20728328168724,10.44792253574434
2024121502_1649_43395_7,96.51639580256176,10.331463067131216
2024121502_1649_43395_8,96.89166327729836,10.371421959643849
2024121502_1649_43395_9,97.1721236599674,10.286978753760096
2024121502_1649_44912_1,97.97672630320686,17.185443734656285
2024121502_1649_44912_10,103.07717222842795,20.201347335412763
2024121502_1649_44912_11,103.50943977134584,20.583162552494343
2024121502_1649_44912_2,98.607485822291,17.393283605132243
2024121502_1649_44912_3,99.25665403325044,17.691396091904135
2024121502_1649_44912_4,99.88169154133011,18.019725522142537
2024121502_1649_44912_5,100.51674284444007,18.369878628876982
2024121502_1649_44912_6,101.0347848483694,18.7170793994084
2024121502_1649_44912_7,101.56374981511884,19.130320177343723
2024121502_1649_44912_8,102.0658523264964,19.55296410670824
2024121502_1649_44912_9,102.6123833309082,19.82446706953241
2024121502_1649_54468_1,102.00058457031142,14.047297021303798
2024121502_1649_54468_10,105.53910010527888,13.894298153793873
2024121502_1649_54468_11,105.83339966389768,13.92569139809062
2024121502_1649_54468_2,102.40513584691028,14.028465454250714
2024121502_1649_54468_3,102.82862209320176,14.0228341333435
2024121502_1649_54468_4,103.25845626941224,14.010348218667186
2024121502_1649_54468_5,103.71740293691064,13.986819056817597
2024121502_1649_54468_6,104.16519009666308,13.971458214105624
2024121502_1649_54468_7,104.59000132620903,13.951657425622203
2024121502_1649_54468_8,104.91979632027775,13.924345866852509
2024121502_1649_54468_9,105.22660121418554,13.906243952343743
2024121502_1649_54540_1,95.56132532497226,20.412681876744667
2024121502_1649_54540_10,96.86098722336452,20.0162995699282
2024121502_1649_54540_11,97.09531582327996,20.09447056324091
2024121502_1649_54540_2,95.66395416944772,20.218348454896823
2024121502_1649_54540_3,95.75375687492142,20.08292335742415
2024121502_1649_54540_4,95.87305839908228,20.00249110561611
2024121502_1649_54540_5,96.0067952731654,19.9364409931059
2024121502_1649_54540_6,96.14712238096574,19.97889849689149
2024121502_1649_54540_7,96.33163106360108,19.992315282708187
2024121502_1649_54540_8,96.50724284555916,20.04655945749717
2024121502_1649_54540_9,96.70030307246326,20.00195679998748
2024121502_1649_57199_1,104.2845948470231,25.91284325944392
2024121502_1649_57199_10,104.21126764093223,22.86803004578152
2024121502_1649_57199_11,104.20196349057002,22.376396322738344
2024121502_1649_57199_2,104.29101450032525,25.7435072595353
2024121502_1649_57199_3,104.299020387696,25.479508331855445
2024121502_1649_57199_4,104.3049889029762,25.188899101119684
2024121502_1649_57199_5,104.2976053563506,24.864242630249404
2024121502_1649_57199_6,104.29591494040896,24.473658624468804
2024121502_1649_57199_7,104.29563278447468,24.08478805271553
2024121502_1649_57199_8,104.26997264571884,23.7209574776815
2024121502_1649_57199_9,104.23788010924012,23.27013826002649
2024121502_1672_54468_1,99.96702462872206,17.82126762415242
2024121502_1672_54468_2,100.31137665742432,18.18577016920018
2024121502_1672_54468_3,100.6602978386273,18.55500031582008
2024121502_1672_54468_4,100.923929715876,18.821074530858308
2024121502_1672_54468_5,101.22374161895384,19.056785612193245
2024121502_1672_54468_6,101.48294997333716,19.25871697889068
2024121502_1672_54468_7,101.65715577993534,19.452673509128307
2024121502_1672_54468_8,101.84361506666056,19.59437414305268
2024121502_1672_54468_9,101.97339989182043,19.642433901541537
2024121502_1672_54540_1,89.57808370583966,14.514929635467745
2024121502_1672_54540_2,89.85727230401731,14.535608407114193
2024121502_1672_54540_3,90.18713837570353,14.620296358975608
2024121502_1672_54540_4,90.56740740320068,14.758734154964843
2024121502_1672_54540_5,90.87674312963598,14.9592017696032
2024121502_1672_54540_6,91.25510407778278,15.247683130886148
2024121502_1672_54540_7,91.55932716232516,15.556604338931152
2024121502_1672_54540_8,91.7396306575057,15.933046223572738
2024121502_1672_54540_9,91.9722881083235,16.382086570443636
2024121502_1672_55949_1,88.07074595624978,17.232132571205483
2024121502_1672_55949_2,88.51399101608897,17.506525501678063
2024121502_1672_55949_3,88.971681256705,17.873585580671378
2024121502_1672_55949_4,89.40957622659131,18.271626161739917
2024121502_1672_55949_5,89.83923365966093,18.69946024808744
2024121502_1672_55949_6,90.2343026555331,19.141687631634912
2024121502_1672_55949_7,90.57565322155324,19.63969167772767
2024121502_1672_55949_8,90.90112586267956,20.1258410849386
2024121502_1672_55949_9,91.21269782317196,20.60567738838175
2024121502_1757_44974_1,68.42462750128547,23.98883705237949
2024121502_1757_44974_2,68.14976382848985,23.85003840061929
2024121502_1757_44974_3,67.87592169453431,23.683604648953985
2024121502_1757_44974_4,67.66800345506023,23.5066765394745
2024121502_1757_44974_5,67.49178036241716,23.336152548487743
2024121502_1757_44974_6,67.41781090164713,23.139559592911883
2024121502_1757_44974_7,67.3588713624226,22.884250710010875
2024121502_1757_44974_8,67.41272919332332,22.6485264086654
2024121502_1757_46206_1,75.20736183256567,22.56281203571248
2024121502_1757_46206_2,75.13810722288214,22.050015340595152
2024121502_1757_46206_3,75.10092154266033,21.506893724542334
2024121502_1757_46206_4,75.0769056523847,21.03413442692599
2024121502_1757_46206_5,75.04469938770806,20.538759833591257
2024121502_1757_46206_6,75.03077928109619,20.07534346587332
2024121502_1757_46206_7,75.01932444296514,19.66328340111406
2024121502_1757_46206_8,75.03112431658465,19.4568098024614
2024121502_1787_46206_1,67.68185120417256,33.80902929845391
2024121502_1787_46206_2,67.3233823829836,33.86670469867531
2024121502_1787_46206_3,67.02582697742257,33.9199684706612
2024121502_1787_46206_4,66.75770857981966,33.975199216304866
2024121502_1787_46206_5,66.46326433545983,34.05766082798275
2024121502_1787_46206_6,66.19960242440402,34.122843151715685
2024121502_1787_46206_7,65.99675204279929,34.138055245721524
2024121502_1787_53465_1,64.31729051308551,29.41435051278464
2024121502_1787_53465_2,64.26894496932032,29.740889924277145
2024121502_1787_53465_3,64.22990436429355,30.105706273878607
2024121502_1787_53465_4,64.19807732637116,30.53506641408755
2024121502_1787_53465_5,64.18315238641785,30.976670946988147
2024121502_1787_53465_6,64.1921192111075,31.393437841515127
2024121502_1787_53465_7,64.20558567500255,31.812188530661828
2024121502_1787_54936_1,67.84008807116024,37.4016262983556
2024121502_1787_54936_2,67.66083713694563,37.64711253191575
2024121502_1787_54936_3,67.41409712721554,37.926501176884784
2024121502_1787_54936_4,67.16181532439923,38.06503085727608
2024121502_1787_54936_5,66.87580774479305,38.19734054750765
2024121502_1787_54936_6,66.62195428949828,38.25833799210202
2024121502_1787_54936_7,66.3669591314361,38.29960173475425
2024121502_1813_43321_1,67.24090464645444,19.83972442273548
2024121502_1813_43321_2,67.23179254233025,19.70167623503753
2024121502_1813_43321_3,67.22056352901713,19.48500646226136
2024121502_1813_43321_4,67.2086409369379,19.24181324045005
2024121502_1813_43321_5,67.19320808875933,18.93190285173275
2024121502_1813_43321_6,67.17134940709929,18.571250511942647
2024121502_1813_43321_7,67.14317537638323,18.175129971959635
2024121502_1813_43321_8,67.11268115177013,17.79529811731707
2024121502_1813_52435_1,62.38102770202652,6.83911491414604
2024121502_1813_52435_2,62.07399167148287,6.838945103535635
2024121502_1813_52435_3,61.77088339292303,6.856812771376148
2024121502_1813_52435_4,61.47980949834063,6.9011553119068045
2024121502_1813_52435_5,61.23988071136761,6.976807929808332
2024121502_1813_52435_6,61.02158886154259,7.1187608908543245
2024121502_1813_52435_7,60.84541204119411,7.267879628292303
2024121502_1813_52435_8,60.75009611175507,7.439402159099322
2024121502_1813_54509_1,65.4206012965588,19.43018510851474
2024121502_1813_54509_2,65.23039916219345,18.739585903865084
2024121502_1813_54509_3,65.05250311825156,18.053357061515005
2024121502_1813_54509_4,64.93723042404683,17.339007742820005
2024121502_1813_54509_5,64.85912544975398,16.62164874997127
2024121502_1813_54509_6,64.76844397231115,15.917289777422203
2024121502_1813_54509_7,64.7414979054296,15.288526310325166
2024121502_1813_54509_8,64.73569212691528,14.685641157799884
2024121502_1976_43454_1,80.80806364518425,30.97352970686576
2024121502_1976_43454_10,85.53461937333454,27.22198810578963
2024121502_1976_43454_11,85.78136647849912,26.73702225689155
2024121502_1976_43454_2,81.47265367202121,30.673715486571208
2024121502_1976_43454_3,82.14512860872132,30.351600244585764
2024121502_1976_43454_4,82.74835693395447,29.938608161862568
2024121502_1976_43454_5,83.33499669226237,29.530033046562156
2024121502_1976_43454_6,83.81950095025667,29.13587684997704
2024121502_1976_43454_7,84.31035913050322,28.67836579662602
2024121502_1976_43454_8,84.76245122584137,28.212870688352854
2024121502_1976_43454_9,85.19076116165591,27.698187054080115
2024121502_1976_54540_1,77.11890805564146,21.90255555935407
2024121502_1976_54540_10,79.99355521623353,20.279393275127603
2024121502_1976_54540_11,80.3017719613524,20.322262375973427
2024121502_1976_54540_2,77.32480861021077,21.58639453704905
2024121502_1976_54540_3,77.57015102076629,21.245227987575817
2024121502_1976_54540_4,77.8692236665753,21.042357552250785
2024121502_1976_54540_5,78.17287709257342,20.79741017147009
2024121502_1976_54540_6,78.54499864928682,20.588105354338296
2024121502_1976_54540_7,78.8878847530944,20.386578738441862
2024121502_1976_54540_8,79.30432668197724,20.324115808611097
2024121502_1976_54540_9,79.63486562535694,20.301548375403115
2024121502_1976_56032_1,79.33521269547664,31.04726405213186
2024121502_1976_56032_10,82.90589122490366,28.995360852084943
2024121502_1976_56032_11,83.18067471728094,28.60433464831072
2024121502_1976_56032_2,79.69675980316305,31.01778580428409
2024121502_1976_56032_3,80.10068199520326,30.923761852246784
2024121502_1976_56032_4,80.54603361788902,30.788996979737387
2024121502_1976_56032_5,80.9225645308514,30.628277411070982
2024121502_1976_56032_6,81.3382346557934,30.40280428438282
2024121502_1976_56032_7,81.76232015938984,30.10497910093181
2024121502_1976_56032_8,82.23358954592459,29.7414474446604
2024121502_1976_56032_9,82.57770009709029,29.32916787194853
2024121502_1976_57163_1,89.16384918303515,33.60468324121816
2024121502_1976_57163_10,91.46783399938596,31.10711723840987
2024121502_1976_57163_11,91.53570276234552,30.71188880871394
2024121502_1976_57163_2,89.56712397995092,33.47530788673254
2024121502_1976_57163_3,89.93752637126883,33.304357014381935
2024121502_1976_57163_4,90.27131916790736,33.10897111225429
2024121502_1976_57163_5,90.61528673371193,32.893857052855765
2024121502_1976_57163_6,90.8950709750174,32.621272269561295
2024121502_1976_57163_7,91.08566649981042,32.328677384652686
2024121502_1976_57163_8,91.23519968403942,32.01751088263712
2024121502_1976_57163_9,91.37251458862892,31.559146592135534
2024121502_1976_57199_1,85.29917992524982,26.46989770404687
2024121502_1976_57199_10,83.95016480090838,26.022429591872623
2024121502_1976_57199_11,83.67263171721281,26.016417593544546
2024121502_1976_57199_2,85.27596295719533,26.43624676731191
2024121502_1976_57199_3,85.20347773055947,26.398208437729657
2024121502_1976_57199_4,85.111889868478,26.373033155516527
2024121502_1976_57199_5,84.98072794650517,26.32548087649633
2024121502_1976_57199_6,84.82619055502994,26.30412277813308
2024121502_1976_57199_7,84.68658717391804,26.302178263907276
2024121502_1976_57199_8,84.48459515943246,26.27664051559514
2024121502_1976_57199_9,84.23202253893724,26.10525094296291
2024121502_2039_43373_1,10.389566476275911,7.93293835300452
2024121502_2039_43373_10,7.536692980525417,5.840703291597817
2024121502_2039_43373_11,7.387714685086603,5.6029293631383
2024121502_2039_43373_12,7.165877389227692,5.367290569879049
2024121502_2039_43373_13,6.819616206951343,5.147771976618644
2024121502_2039_43373_2,10.07084517127334,7.751994495198411
2024121502_2039_43373_3,9.703063573074298,7.554445577841723
2024121502_2039_43373_4,9.33371010722011,7.371341636936266
2024121502_2039_43373_5,8.930167732683882,7.181073786359852
2024121502_2039_43373_6,8.537508006330672,6.950297363949501
2024121502_2039_43373_7,8.177086315627692,6.705735766384567
2024121502_2039_43373_8,8.009686762471748,6.437226796340065
2024121502_2039_43373_9,7.769991560284451,6.143636601884969
2024121502_2039_54509_1,12.052473118056175,12.666107384506248
2024121502_2039_54509_10,10.46460900380871,6.786747887567788
2024121502_2039_54509_11,10.419955618443604,6.14141574562609
2024121502_2039_54509_12,10.36893698084546,5.518970910069592
2024121502_2039_54509_13,10.357471816707776,4.974708785384317
2024121502_2039_54509_2,11.79355660253741,12.076522797995468
2024121502_2039_54509_3,11.533668773059087,11.465191734893084
2024121502_2039_54509_4,11.32137136671171,10.780409048022502
2024121502_2039_54509_5,11.149434583498518,10.138248993595772
2024121502_2039_54509_6,10.968910866237271,9.462660792290198
2024121502_2039_54509_7,10.781051381005009,8.800459827265195
2024121502_2039_54509_8,10.642441793201222,8.065190404873267
2024121502_2039_54509_9,10.524380465171156,7.431791221990006
2024121502_2039_54936_1,11.541892488316517,13.084455270074985
2024121502_2039_54936_10,9.311302026002377,7.8642273771001
2024121502_2039_54936_11,9.182702850251433,7.226943523644607
2024121502_2039_54936_12,9.12369247612678,6.6639923184565495
2024121502_2039_54936_13,9.067970375844109,6.177010694128936
2024121502_2039_54936_2,11.291471800770193,12.6012349072179
2024121502_2039_54936_3,11.005799772357635,12.09406625855493
2024121502_2039_54936_4,10.687013862379528,11.507679528834696
2024121502_2039_54936_5,10.42654930193597,10.945224590776071
2024121502_2039_54936_6,10.168833082030856,10.380367554838704
2024121502_2039_54936_7,9.907914930364658,9.836543794941036
2024121502_2039_54936_8,9.664764255977415,9.185590533634606
2024121502_2039_54936_9,9.48207628297072,8.534282091189072
2024121502_2171_53465_1,55.53511795168626,8.002764566878003
2024121502_2171_53465_2,55.25798564936464,8.163165764566005
2024121502_2171_53465_3,54.96593556524088,8.405130997067229
2024121502_2171_53465_4,54.66256912871712,8.683167873748344
2024121502_2171_53465_5,54.38799234386893,8.969106418565175
2024121502_2171_53465_6,54.1165760160302,9.32873955949162
2024121502_2171_53465_7,53.83681171223623,9.686412936470235
2024121502_2171_53465_8,53.66896224169847,10.013572490810056
2024121502_2171_55934_1,54.16201227378114,11.165927923970692
2024121502_2171_55934_2,54.07032141731073,11.240094724953224
2024121502_2171_55934_3,53.99762714951047,11.34710353041355
2024121502_2171_55934_4,53.93936269681587,11.492621300897335
2024121502_2171_55934_5,53.856044521323845,11.700287640504175
2024121502_2171_55934_6,53.81348877670821,11.879422775018392
2024121502_2171_55934_7,53.75914928070375,12.098619064305868
2024121502_2171_55934_8,53.74385262359439,12.312498392122396
2024121502_2196_44860_1,59.38073817129247,25.28135661541186
2024121502_2196_44860_2,59.51646342859776,25.225235706320976
2024121502_2196_44860_3,59.60815259429488,25.16529767109832
2024121502_2196_44860_4,59.662989610238434,25.131510321456112
2024121502_2196_44860_5,59.670352623930505,25.074013554938656
2024121502_2196_44860_6,59.69791787863852,25.001563074519964
2024121502_2196_44860_7,59.69581594459725,24.94616239138146
2024121502_2196_44860_8,59.66332795625491,24.87892587480532
2024121502_2221_43373_1,85.25601353184898,41.48214179919479
2024121502_2221_43373_10,88.34189064179834,42.94858882279874
2024121502_2221_43373_11,88.43526677291123,43.12406517766711
2024121502_2221_43373_12,88.45894895307151,43.265255486003
2024121502_2221_43373_13,88.48579243029872,43.36133153627283
2024121502_2221_43373_14,88.48610676275781,43.447460867979686
2024121502_2221_43373_2,85.79185283929083,41.58897317181125
2024121502_2221_43373_3,86.29499473323713,41.70579966566118
2024121502_2221_43373_4,86.78591207520384,41.83233583373859
2024121502_2221_43373_5,87.19240942348344,41.9910778822051
2024121502_2221_43373_6,87.64875797600824,42.18615244409202
2024121502_2221_43373_7,87.94043821374883,42.33740678978957
2024121502_2221_43373_8,88.1134374063758,42.49290411108768
2024121502_2221_43373_9,88.26982799382952,42.72152191059737
2024121502_2221_46501_1,89.14410497472518,28.523542115961742
2024121502_2221_46501_10,92.42065995291604,33.630027924999986
2024121502_2221_46501_11,92.64867426168225,34.326358144980354
2024121502_2221_46501_12,92.87475745671006,35.039896580465594
2024121502_2221_46501_13,92.9612854310052,35.77315057018965
2024121502_2221_46501_14,93.15126728020589,36.545933577455386
2024121502_2221_46501_2,89.56902373097897,28.94061234380351
2024121502_2221_46501_3,89.99172185048445,29.440403324071564
2024121502_2221_46501_4,90.38083796992171,29.93585289704976
2024121502_2221_46501_5,90.76935250614544,30.461542103700232
2024121502_2221_46501_6,91.1654923598146,31.04523233755988
2024121502_2221_46501_7,91.53663947124004,31.632718644991723
2024121502_2221_46501_8,91.8683685881762,32.36757583540095
2024121502_2221_46501_9,92.19478515235352,33.011406388521564
2024121502_2221_53465_1,70.0714908331221,38.3038835360945
2024121502_2221_53465_10,72.00631184445915,41.90440323436289
2024121502_2221_53465_11,72.38366450102357,42.14200538931628
2024121502_2221_53465_12,72.80539331641916,42.37598108867141
2024121502_2221_53465_13,73.24291095986649,42.59724032943132
2024121502_2221_53465_14,73.64207788402366,42.80089983604712
2024121502_2221_53465_2,70.14462596726841,38.73143280123009
2024121502_2221_53465_3,70.254177351616,39.17410377341308
2024121502_2221_53465_4,70.40409259020706,39.61722396139581
2024121502_2221_53465_5,70.60433010167974,40.02445906327126
2024121502_2221_53465_6,70.82613209538408,40.431463595488495
2024121502_2221_53465_7,71.10973680972958,40.79716210760106
2024121502_2221_53465_8,71.37814296819991,41.17155970320847
2024121502_2221_53465_9,71.69550509779228,41.54325821789833
2024121502_2221_53518_1,82.33670574252832,41.05380100737592
2024121502_2221_53518_10,85.02823962046124,41.86188280942601
2024121502_2221_53518_11,85.06548468566247,41.96616993797871
2024121502_2221_53518_12,85.1339182924464,42.12957151768779
2024121502_2221_53518_13,85.17093295405834,42.22317026982231
2024121502_2221_53518_14,85.17216622741587,42.284712082853225
2024121502_2221_53518_2,82.86306936625641,41.14015940437663
2024121502_2221_53518_3,83.33413623637729,41.21658290978888
2024121502_2221_53518_4,83.79288166020432,41.26797407524937
2024121502_2221_53518_5,84.12685394681586,41.32861610232115
2024121502_2221_53518_6,84.48453619868089,41.41000234131437
2024121502_2221_53518_7,84.77015430771117,41.44787395708342
2024121502_2221_53518_8,84.85909725289011,41.4998033708262
2024121502_2221_53518_9,84.95719978406541,41.71896010208031
2024121502_2244_40166_1,88.81325662266501,24.095001887999054
2024121502_2244_40166_10,93.82709143509648,24.900298091696488
2024121502_2244_40166_11,94.3416238512647,24.779847528996587
2024121502_2244_40166_12,94.81794524376204,24.696828680331897
2024121502_2244_40166_13,95.28408194175998,24.600880226497512
2024121502_2244_40166_14,95.68981092675384,24.445718548536693
2024121502_2244_40166_15,95.99479814658214,24.20675195940653
2024121502_2244_40166_16,96.21248396878929,23.988463264122284
2024121502_2244_40166_17,96.49505749619055,23.571244449231656
2024121502_2244_40166_18,96.7507129287896,23.16927957143227
2024121502_2244_40166_2,89.37076685446986,24.389602581023137
2024121502_2244_40166_3,89.95040115286098,24.60679534955196
2024121502_2244_40166_4,90.51317206740336,24.79015338850592
2024121502_2244_40166_5,91.06870967648716,24.95300062179064
2024121502_2244_40166_6,91.690557667919,25.07020903375637
2024121502_2244_40166_7,92.25829312217328,25.12729153389991
2024121502_2244_40166_8,92.7894217268484,25.00510718321676
2024121502_2244_40166_9,93.38652932322306,25.034008513889027
2024121502_2244_43294_1,75.47497636311914,12.131050845479711
2024121502_2244_43294_10,81.0084188558745,9.62686356345147
2024121502_2244_43294_11,81.74116597952185,9.478605401278864
2024121502_2244_43294_12,82.43880064061551,9.28459308756906
2024121502_2244_43294_13,83.08285636452135,9.140380758047533
2024121502_2244_43294_14,83.91241345202367,9.038093531598047
2024121502_2244_43294_15,84.71392877692125,8.887070918976047
2024121502_2244_43294_16,85.59596435312886,8.738413259210166
2024121502_2244_43294_17,86.21270502082993,8.617778741451724
2024121502_2244_43294_18,87.00764097615597,8.437221694413333
2024121502_2244_43294_2,75.95696049740532,11.810715027379327
2024121502_2244_43294_3,76.46923289906331,11.531400513504748
2024121502_2244_43294_4,77.01332601996005,11.255686844332846
2024121502_2244_43294_5,77.56327481411729,10.96150437888919
2024121502_2244_43294_6,78.24636733811136,10.712895403621031
2024121502_2244_43294_7,78.91818802828762,10.511865974892885
2024121502_2244_43294_8,79.55575699083278,10.209803773288838
2024121502_2244_43294_9,80.20369297867607,9.865427645625076
2024121502_2244_44974_1,85.12495890594259,28.66963111252949
2024121502_2244_44974_10,87.94639805492135,26.751370204064948
2024121502_2244_44974_11,88.07192645975529,26.46033010796573
2024121502_2244_44974_12,88.18631320936746,26.069316334802423
2024121502_2244_44974_13,88.25819387049268,25.66763261026983
2024121502_2244_44974_14,88.68153134718887,25.251920284781683
2024121502_2244_44974_15,89.15839544326872,24.80733736581714
2024121502_2244_44974_16,89.75415507204191,24.33345722035108
2024121502_2244_44974_17,90.09075993337702,23.769041503148006
2024121502_2244_44974_18,90.24291814318843,23.276594856126493
2024121502_2244_44974_2,85.58626660764476,28.592727692457903
2024121502_2244_44974_3,86.03838458965998,28.48585005879436
2024121502_2244_44974_4,86.42535013917536,28.331654335367613
2024121502_2244_44974_5,86.7809717962537,28.144954157965216
2024121502_2244_44974_6,87.1186339997959,27.95549599220657
2024121502_2244_44974_7,87.3945079174411,27.671865599684715
2024121502_2244_44974_8,87.58380180115162,27.455950264447125
2024121502_2244_44974_9,87.76813097892979,27.09610490176744
2024121502_2244_54509_1,77.15611834784474,13.289118722742389
2024121502_2244_54509_10,83.59494593035947,10.031959735964438
2024121502_2244_54509_11,84.40025697681358,9.798150447166073
2024121502_2244_54509_12,85.20226508851785,9.562180144431968
2024121502_2244_54509_13,86.09559102413115,9.331353297249724
2024121502_2244_54509_14,86.86342129715545,9.021070756783576
2024121502_2244_54509_15,87.55514862004362,8.776963450548633
2024121502_2244_54509_16,88.2460792326529,8.588829760003271
2024121502_2244_54509_17,88.85320678835255,8.292483650429837
2024121502_2244_54509_18,89.6382507817334,8.09343836229884
2024121502_2244_54509_2,77.76128323629818,12.873882777907308
2024121502_2244_54509_3,78.43159167950995,12.44096346051695
2024121502_2244_54509_4,79.12772584644134,12.023943428804149
2024121502_2244_54509_5,79.80867983011015,11.6394327929779
2024121502_2244_54509_6,80.58255622152629,11.305781914885667
2024121502_2244_54509_7,81.34083495600217,11.010203490875984
2024121502_2244_54509_8,82.05325665304363,10.636111999414336
2024121502_2244_54509_9,82.84519783142242,10.297821116957714
2024121502_226_44860_1,28.151725191143587,7.362328620365017
2024121502_226_44860_10,30.48417256650525,4.0174143297178215
2024121502_226_44860_11,30.700706995259917,3.7958811599272497
2024121502_226_44860_2,28.387669636755795,6.905561417324986
2024121502_226_44860_3,28.623920659452896,6.452483590311748
2024121502_226_44860_4,28.886014632209992,6.018450375006047
2024121502_226_44860_5,29.15410998420128,5.5986184983305805
2024121502_226_44860_6,29.454803167675973,5.24294543015383
2024121502_226_44860_7,29.705468039908094,4.8259582234166505
2024121502_226_44860_8,29.996812149725752,4.562279255380995
2024121502_226_44860_9,30.2106688675988,4.280826257765854
2024121502_226_52435_1,37.09833844390413,14.259420857947
2024121502_226_52435_10,37.86826316191408,11.26586687179154
2024121502_226_52435_11,37.81295097500721,10.92827293581734
2024121502_226_52435_2,37.330027004096266,13.940593798181784
2024121502_226_52435_3,37.57208435921885,13.686828683775609
2024121502_226_52435_4,37.72576561637467,13.385050303261986
2024121502_226_52435_5,37.86272757274188,13.092371982701176
2024121502_226_52435_6,37.936168478559935,12.767829887176472
2024121502_226_52435_7,37.95056307935421,12.449415538118346
2024121502_226_52435_8,37.91385278075044,12.04287829305162
2024121502_226_52435_9,37.88246155305599,11.628359402803897
2024121502_2347_43373_1,115.48263448291628,3.162038526848608
2024121502_2347_43373_2,115.64581707256292,3.125179026502318
2024121502_2347_43373_3,115.79810640470212,3.101789752056974
2024121502_2347_43373_4,115.92511731218814,3.110835317807221
2024121502_2347_43373_5,116.05192416501126,3.1377032347784763
2024121502_2347_43373_6,116.16011316789236,3.195251084182533
2024121502_2347_43373_7,116.21272467640615,3.233999481573028
2024121502_2347_43373_8,116.20114956993535,3.272836150573715
2024121502_2347_43373_9,116.1980127599616,3.2526470119914213
2024121502_2347_44974_1,115.82748029785049,8.353007014844245
2024121502_2347_44974_2,115.51285853098406,7.806942179215061
2024121502_2347_44974_3,115.11543638184044,7.274328630572035
2024121502_2347_44974_4,114.67201045299817,6.733711529064726
2024121502_2347_44974_5,114.2519128716644,6.277565767157176
2024121502_2347_44974_6,113.83802072897838,5.78200984565277
2024121502_2347_44974_7,113.41923305278428,5.399492507737831
2024121502_2347_44974_8,112.92719941016472,4.97209659034609
2024121502_2347_44974_9,112.52261688966102,4.5248944068327415
2024121502_2347_53465_1,118.310565935169,3.526484537435373
2024121502_2347_53465_2,118.2587888798764,3.3818111443259906
2024121502_2347_53465_3,118.16482502368274,3.279562020089673
2024121502_2347_53465_4,118.03175610879104,3.219303108071638
2024121502_2347_53465_5,117.85562226619103,3.1694420174758773
2024121502_2347_53465_6,117.63334652386588,3.200183925873469
2024121502_2347_53465_7,117.3741411752152,3.2168180192648905
2024121502_2347_53465_8,117.07878695497062,3.2355882583661573
2024121502_2347_53465_9,116.75360298437296,3.201007234845724
2024121502_2347_53518_1,115.43221486690877,6.586984686525843
2024121502_2347_53518_2,114.95752912859037,6.057528436270053
2024121502_2347_53518_3,114.42159883439054,5.545156106490943
2024121502_2347_53518_4,113.85846303652434,4.995821624270844
2024121502_2347_53518_5,113.34230958208155,4.551341550485192
2024121502_2347_53518_6,112.87469920846983,4.107544943656999
2024121502_2347_53518_7,112.35494055954214,3.688542934937261
2024121502_2347_53518_8,111.74188733603036,3.254237204811765
2024121502_2347_53518_9,111.18087281391044,2.958053786898148
2024121502_2347_54936_1,111.33517395013794,10.637147802990418
2024121502_2347_54936_2,111.29661363218328,10.05923053717364
2024121502_2347_54936_3,111.2666758317714,9.490658207221829
2024121502_2347_54936_4,111.23842562301456,8.857035450534713
2024121502_2347_54936_5,111.20613226333322,8.273750793586725
2024121502_2347_54936_6,111.15610323546863,7.684487991146897
2024121502_2347_54936_7,111.11380190748102,7.118820906646109
2024121502_2347_54936_8,111.08610710400872,6.453857654310257
2024121502_2347_54936_9,111.05069097905536,5.934520588593893
2024121502_2499_44912_1,57.160050248298695,35.31735038140693
2024121502_2499_44912_2,57.22560505872192,35.729877706326135
2024121502_2499_44912_3,57.26783933195779,36.20978970237727
2024121502_2499_44912_4,57.29053179614319,36.64169502341268
2024121502_2499_44912_5,57.32234603087641,37.1147736876983
2024121502_2499_44912_6,57.3419750580152,37.5217834221312
2024121502_2499_44912_7,57.35212016430423,38.02151935164429
2024121502_2499_44912_8,57.334567421981696,38.33646672377882
2024121502_2499_44912_9,57.34047778451093,38.630963545394685
2024121502_2618_41256_1,40.33936818439653,35.20371780541992
2024121502_2618_41256_2,40.24620625809002,35.159077937890075
2024121502_2618_41256_3,40.14758408997273,35.104902993209755
2024121502_2618_41256_4,40.07802162795357,35.031509518123805
2024121502_2618_41256_5,40.02642246087192,34.93634922600553
2024121502_2618_41256_6,39.99886114739645,34.85600879917865
2024121502_2618_41256_7,39.975748979244834,34.834486381897804
2024121502_2618_41256_8,40.01144449985002,34.82483198696732
2024121502_2618_55949_1,44.58727445210262,34.58641134527434
2024121502_2618_55949_2,44.582528028285104,34.67998627853728
2024121502_2618_55949_3,44.601222410807736,34.74823016768136
2024121502_2618_55949_4,44.64079557628218,34.75626357838784
2024121502_2618_55949_5,44.66732928778045,34.7373402716615
2024121502_2618_55949_6,44.720110347224654,34.67181146548226
2024121502_2618_55949_7,44.75328956405567,34.64068732461393
2024121502_2618_55949_8,44.8889984670804,34.623936827988544
2024121502_2724_41256_1,37.682508667656776,40.33935074965646
2024121502_2724_41256_10,34.58100407781178,41.444788592811
2024121502_2724_41256_11,34.1491066702797,41.39570428560584
2024121502_2724_41256_12,33.73811594742736,41.33815661130477
2024121502_2724_41256_13,33.346604658315286,41.27299690971145
2024121502_2724_41256_14,32.96149650904352,41.24262814884443
2024121502_2724_41256_2,37.43150635029492,40.6261254039955
2024121502_2724_41256_3,37.143991269312885,40.8541437751754
2024121502_2724_41256_4,36.79588032520719,41.004552786449885
2024121502_2724_41256_5,36.49252687557249,41.1541627405184
2024121502_2724_41256_6,36.16542984412093,41.26581564759673
2024121502_2724_41256_7,35.816683837412725,41.32145925290291
2024121502_2724_41256_8,35.37829758766789,41.34307222620445
2024121502_2724_41256_9,34.99953553239078,41.42337862029972
2024121502_2724_43395_1,32.35411987188828,24.54148766388088
2024121502_2724_43395_10,32.12826560137488,27.87852496578461
2024121502_2724_43395_11,32.042857207563586,28.407606896067577
2024121502_2724_43395_12,31.97995286641553,28.98783666098888
2024121502_2724_43395_13,31.893858846712345,29.42698101787974
2024121502_2724_43395_14,31.82904081705545,29.95949130745528
2024121502_2724_43395_2,32.328398792488755,24.760835377554947
2024121502_2724_43395_3,32.31901674705986,25.03736487707607
2024121502_2724_43395_4,32.300201756772715,25.36010657969809
2024121502_2724_43395_5,32.27832721813367,25.700538696547465
2024121502_2724_43395_6,32.244584127731905,26.05884891142111
2024121502_2724_43395_7,32.17184298785128,26.4919052038976
2024121502_2724_43395_8,32.15424793384096,26.946821791431
2024121502_2724_43395_9,32.143618193924816,27.367140551205136
2024121502_2724_43454_1,34.82016865317439,42.067247479754535
2024121502_2724_43454_10,29.09522716790397,38.180618999149885
2024121502_2724_43454_11,28.65680235681175,37.62471476391805
2024121502_2724_43454_12,28.30119321552599,37.045975838834416
2024121502_2724_43454_13,28.080554430180907,36.54568608268362
2024121502_2724_43454_14,27.83695166949413,36.005305738009284
2024121502_2724_43454_2,34.10653769884036,41.832752626437006
2024121502_2724_43454_3,33.37333170331901,41.49455870865892
2024121502_2724_43454_4,32.663821352769695,41.13814096754477
2024121502_2724_43454_5,31.94091035774004,40.72920739520114
2024121502_2724_43454_6,31.322552938551176,40.29719844355673
2024121502_2724_43454_7,30.572013782998138,39.78572040292882
2024121502_2724_43454_8,30.06325107892648,39.26921057223751
2024121502_2724_43454_9,29.6373242945084,38.71726879093479
2024121502_2724_54468_1,31.254549953454266,45.07381653393325
2024121502_2724_54468_10,27.451152515110294,42.95060231996516
2024121502_2724_54468_11,27.183062853690263,42.64522213976501
2024121502_2724_54468_12,26.89809356821748,42.27100231536852
2024121502_2724_54468_13,26.687069802424556,41.95439584349606
2024121502_2724_54468_14,26.59980046319592,41.52693610150692
2024121502_2724_54468_2,30.79148473689742,44.99029883918599
2024121502_2724_54468_3,30.313762829937787,44.88302851568332
2024121502_2724_54468_4,29.861692569594275,44.71919890264339
2024121502_2724_54468_5,29.404526825009054,44.52559916052199
2024121502_2724_54468_6,28.94244384789498,44.35193131123252
2024121502_2724_54468_7,28.501205202574145,44.108385292111286
2024121502_2724_54468_8,28.12196886579188,43.86204798903938
2024121502_2724_54468_9,27.698247154907197,43.34714439421328
2024121502_2724_54540_1,35.34201731389021,23.774527046305945
2024121502_2724_54540_10,33.320763781503494,25.01851515942703
2024121502_2724_54540_11,33.1836571171124,25.268832345518543
2024121502_2724_54540_12,33.0484399789503,25.635097673949115
2024121502_2724_54540_13,32.89651882240019,26.05096614956424
2024121502_2724_54540_14,32.75380891995117,26.379921586731253
2024121502_2724_54540_2,35.11430581159815,23.806939074819475
2024121502_2724_54540_3,34.84683624540954,23.849287208963062
2024121502_2724_54540_4,34.60379556639495,23.956166244469717
2024121502_2724_54540_5,34.3876806513336,24.07796711715412
2024121502_2724_54540_6,34.168620765714905,24.171716228279085
2024121502_2724_54540_7,33.92928268544887,24.35550131646998
2024121502_2724_54540_8,33.70871662488937,24.569905366241183
2024121502_2724_54540_9,33.48800724852643,24.85006813686675
2024121502_2724_56032_1,37.31585815461422,32.5566744681759
2024121502_2724_56032_10,35.430659855656415,33.50043782084038
2024121502_2724_56032_11,35.13866070968537,33.60789181935286
2024121502_2724_56032_12,34.823764533420906,33.75062958891526
2024121502_2724_56032_13,34.547620555071155,33.93001213395104
2024121502_2724_56032_14,34.11101250543475,34.03337663970984
2024121502_2724_56032_2,37.16177549703596,32.594770546744705
2024121502_2724_56032_3,36.9850966142232,32.637101259405675
2024121502_2724_56032_4,36.77286898310464,32.738473272464965
2024121502_2724_56032_5,36.59394078820732,32.84871722829961
2024121502_2724_56032_6,36.384845167662505,32.919531762054724
2024121502_2724_56032_7,36.09949416474873,33.03660235752555
2024121502_2724_56032_8,35.909870264056,33.13975326173241
2024121502_2724_56032_9,35.69823368884414,33.40466670878617
2024121502_2724_57199_1,26.49317706061633,37.17437557642472
2024121502_2724_57199_10,24.83684000121275,36.91506321101269
2024121502_2724_57199_11,24.873378140011287,36.83987260084498
2024121502_2724_57199_12,24.99212880943918,36.72187928090079
2024121502_2724_57199_13,25.06171173076975,36.63555200390208
2024121502_2724_57199_14,25.10683571992096,36.5481666233648
2024121502_2724_57199_2,26.16013613576677,37.27185803715104
2024121502_2724_57199_3,25.864063426161653,37.35575741623911
2024121502_2724_57199_4,25.62313362051628,37.39501497831148
2024121502_2724_57199_5,25.368064592596618,37.36642045589374
2024121502_2724_57199_6,25.111151013661534,37.35623019023224
2024121502_2724_57199_7,24.95531353626159,37.30875073267694
2024121502_2724_57199_8,24.91063297152346,37.24487276479808
2024121502_2724_57199_9,24.856470969527976,37.07469271508636
2024121502_2796_42718_1,22.26615068143157,14.8492840702787
2024121502_2796_42718_2,22.07547858066948,14.306291451725246
2024121502_2796_42718_3,21.89512114403389,13.709220335888944
2024121502_2796_42718_4,21.794193469571272,13.051257524071952
2024121502_2796_42718_5,21.70368998087322,12.446334502830783
2024121502_2796_42718_6,21.6337834456376,11.857715185940863
2024121502_2796_42718_7,21.62084145866326,11.139501163474094
2024121502_2796_42718_8,21.62982080190558,10.540352304489724
2024121502_2796_42718_9,21.6628130351597,9.97949493391505
2024121502_2796_54540_1,20.04956316435605,15.433358374613263
2024121502_2796_54540_2,20.069415743915847,15.00464077825582
2024121502_2796_54540_3,20.094388312608043,14.485955246360366
2024121502_2796_54540_4,20.13641024750208,13.88571310197713
2024121502_2796_54540_5,20.184853237863216,13.328984487145624
2024121502_2796_54540_6,20.248260925443663,12.75252296627262
2024121502_2796_54540_7,20.3172793680214,12.111478292200246
2024121502_2796_54540_8,20.415444228759128,11.56378299517083
2024121502_2796_54540_9,20.590726948845862,11.026483642112026
2024121502_2796_57163_1,15.108302634731633,8.938332924572192
2024121502_2796_57163_2,14.512817117482172,8.924931448258532
2024121502_2796_57163_3,13.89602523586522,8.93857561230163
2024121502_2796_57163_4,13.323622278996854,8.971410974714628
2024121502_2796_57163_5,12.727778185854026,9.008753799626897
2024121502_2796_57163_6,12.220741588693269,9.080288982831982
2024121502_2796_57163_7,11.590088403533544,9.129605512830318
2024121502_2796_57163_8,11.062466237516803,9.18572761673842
2024121502_2796_57163_9,10.539531588841225,9.242618573337596
2024121502_2863_41256_1,14.115469199655063,40.54290282661719
2024121502_2863_41256_10,11.546222060201996,42.94137752140727
2024121502_2863_41256_11,11.159750044627083,43.10176451661368
2024121502_2863_41256_12,10.642121910958815,43.18940368306277
2024121502_2863_41256_13,10.133197475275916,43.32409784205349
2024121502_2863_41256_14,9.679524989208325,43.46501548775187
2024121502_2863_41256_15,9.073719446526344,43.54957727841516
2024121502_2863_41256_2,13.989099341965384,40.86215713441101
2024121502_2863_41256_3,13.808854809799488,41.14709585570177
2024121502_2863_41256_4,13.56418997410404,41.40413981547426
2024121502_2863_41256_5,13.284421247918758,41.668951603873815
2024121502_2863_41256_6,12.965885064413744,41.903678159263805
2024121502_2863_41256_7,12.589690440892694,42.09807080111952
2024121502_2863_41256_8,12.276110144956736,42.38552868985641
2024121502_2863_41256_9,11.909655034158012,42.69471948592901
2024121502_2863_44912_1,2.445337246018628,35.27532502105386
2024121502_2863_44912_10,2.1776179068028467,40.08164502802641
2024121502_2863_44912_11,2.107118357009809,40.6731834497349
2024121502_2863_44912_12,2.054950807884573,41.37294688132177
2024121502_2863_44912_13,2.0233563919523028,41.99793368571888
2024121502_2863_44912_14,2.0074586842866284,42.53939139209472
2024121502_2863_44912_15,1.8593120599979964,43.13625855348017
2024121502_2863_44912_2,2.4136386540624124,35.68288792306379
2024121502_2863_44912_3,2.388117776876403,36.12093881593113
2024121502_2863_44912_4,2.3658771492593877,36.62382439032252
2024121502_2863_44912_5,2.3376251078872894,37.16442004480068
2024121502_2863_44912_6,2.304831575745827,37.71406095329142
2024121502_2863_44912_7,2.2731818416861884,38.26307218380395
2024121502_2863_44912_8,2.246089319839617,38.82688561117684
2024121502_2863_44912_9,2.209708569780428,39.41711522036704
2024121502_2863_54468_1,3.573546531756989,34.046891753366225
2024121502_2863_54468_10,3.619665915338796,38.41432701064009
2024121502_2863_54468_11,3.5680167425663085,39.09267861637802
2024121502_2863_54468_12,3.520641880633067,39.74095750853275
2024121502_2863_54468_13,3.4905624887219897,40.22515815348598
2024121502_2863_54468_14,3.490858079711334,40.71629448890598
2024121502_2863_54468_15,3.494034065120551,41.249955093458695
2024121502_2863_54468_2,3.6059979849626673,34.292943232191455
2024121502_2863_54468_3,3.627325213457954,34.66461726221311
2024121502_2863_54468_4,3.649712843065084,35.10089252374321
2024121502_2863_54468_5,3.671024586085388,35.57991029307099
2024121502_2863_54468_6,3.6798627726660578,36.086140070957775
2024121502_2863_54468_7,3.695305428093041,36.64968480565444
2024121502_2863_54468_8,3.676563984593988,37.22988112647238
2024121502_2863_54468_9,3.64026809570212,37.74891970754418
2024121502_2863_56032_1,9.969044553105118,28.671729145038167
2024121502_2863_56032_10,10.00995060765017,33.78899320849301
2024121502_2863_56032_11,9.934740722861916,34.39291512924019
2024121502_2863_56032_12,9.841096872185949,34.94266855255641
2024121502_2863_56032_13,9.708584013521769,35.50660359696821
2024121502_2863_56032_14,9.62084912421852,36.16375818190296
2024121502_2863_56032_15,9.506527240150774,36.75672834422119
2024121502_2863_56032_2,10.051831685393507,29.145487785150912
2024121502_2863_56032_3,10.100173463280882,29.67344613882452
2024121502_2863_56032_4,10.166149375377774,30.246930512779063
2024121502_2863_56032_5,10.18163184135486,30.80297860561693
2024121502_2863_56032_6,10.188476353428731,31.42470686053718
2024121502_2863_56032_7,10.17325938241839,31.990235726738437
2024121502_2863_56032_8,10.133020763776182,32.62159686805667
2024121502_2863_56032_9,10.095194217294289,33.149004018278504
2024121502_2927_43373_1,50.66610201849873,43.20836989496406
2024121502_2927_43373_2,50.93075918301045,43.54716195122801
2024121502_2927_43373_3,51.18838997241988,43.86812700038311
2024121502_2927_43373_4,51.37920098032984,44.10003759201798
2024121502_2927_43373_5,51.52226648269795,44.281767321488246
2024121502_2927_43373_6,51.610350440949546,44.43531577585615
2024121502_2927_43373_7,51.68458070682102,44.605421895262914
2024121502_2927_43373_8,51.72036243694865,44.592003714397606
2024121502_2927_43373_9,51.73252215698508,44.53071846612858
2024121502_2927_44860_1,43.31319467989519,31.56269290140108
2024121502_2927_44860_2,43.3923085409213,32.16492694514496
2024121502_2927_44860_3,43.4238452633018,32.80936981446188
2024121502_2927_44860_4,43.42795056959697,33.43816923914616
2024121502_2927_44860_5,43.43599185892363,34.063655130655015
2024121502_2927_44860_6,43.43669071361343,34.72540118049268
2024121502_2927_44860_7,43.405516335924304,35.37124045718458
2024121502_2927_44860_8,43.351967507511525,36.01133995149134
2024121502_2927_44860_9,43.26048236643679,36.53460087940077
2024121502_2927_53465_1,50.28756377554691,35.0929282822633
2024121502_2927_53465_2,50.16973851366287,35.45311025947889
2024121502_2927_53465_3,49.95467200774073,35.84126588390403
2024121502_2927_53465_4,49.70252046173764,36.20138554743418
2024121502_2927_53465_5,49.32699608765122,36.67809311618254
2024121502_2927_53465_6,48.92801370859321,37.09620842928743
2024121502_2927_53465_7,48.4974633477901,37.46047108408556
2024121502_2927_53465_8,48.04582768868427,37.78202566100561
2024121502_2927_53465_9,47.55826357238815,38.125719426366544
2024121502_302_39989_1,81.86643218144945,39.97007000066074
2024121502_302_39989_10,78.62070000615246,38.65483341032989
2024121502_302_39989_11,78.14915991316659,38.57500373817157
2024121502_302_39989_12,77.5801634276372,38.52241790302999
2024121502_302_39989_2,81.72968813845459,39.7871012478732
2024121502_302_39989_3,81.45460857547998,39.61059967850127
2024121502_302_39989_4,81.14838098138041,39.41844459847257
2024121502_302_39989_5,80.75660151688449,39.25689490796574
2024121502_302_39989_6,80.31995116724958,39.125415766386254
2024121502_302_39989_7,79.88986673771005,39.03786665311856
2024121502_302_39989_8,79.4477299181691,39.00407941387848
2024121502_302_39989_9,79.03403693409412,38.78681341559014
2024121502_302_43373_1,84.760552157498,39.52775275386704
2024121502_302_43373_10,82.51327342508792,37.35361610639716
2024121502_302_43373_11,82.05296664783538,37.31039343767319
2024121502_302_43373_12,81.60633504695343,37.195089880339374
2024121502_302_43373_2,84.76386562178592,39.179571956723805
2024121502_302_43373_3,84.66376780486353,38.8176471507333
2024121502_302_43373_4,84.52280199857569,38.54095077220362
2024121502_302_43373_5,84.31361168451365,38.26093693784226
2024121502_302_43373_6,84.06140107944425,37.99058695059604
2024121502_302_43373_7,83.77251875108797,37.78291492992855
2024121502_302_43373_8,83.36199744348262,37.60763439172023
2024121502_302_43373_9,82.91113184283212,37.44670261835541
2024121502_302_44974_1,76.57910069023282,23.71276087413506
2024121502_302_44974_10,76.46363749193993,25.12856716268973
2024121502_302_44974_11,76.47706646000371,25.568532896767948
2024121502_302_44974_12,76.48544825449409,25.87416815812515
2024121502_302_44974_2,76.58454454323528,23.721213580882527
2024121502_302_44974_3,76.57206030479703,23.72965152381085
2024121502_302_44974_4,76.54397907031328,23.792276786106942
2024121502_302_44974_5,76.51437020606915,23.895108260173465
2024121502_302_44974_6,76.49747147462578,24.060769204781767
2024121502_302_44974_7,76.50522946294062,24.268411413599686
2024121502_302_44974_8,76.50449360704704,24.47665682014282
2024121502_302_44974_9,76.477200591532,24.75431515532553
2024121502_302_48013_1,71.25494181022152,41.82870716815483
2024121502_302_48013_10,72.46934161041463,43.82200451444508
2024121502_302_48013_11,72.72608981616511,43.834534281365
2024121502_302_48013_12,72.99499649931538,43.86392412377096
2024121502_302_48013_2,71.3502947854155,42.20210661259343
2024121502_302_48013_3,71.43327348481246,42.57992125601084
2024121502_302_48013_4,71.53764700289011,42.88947104349056
2024121502_302_48013_5,71.67391245624627,43.20575053452614
2024121502_302_48013_6,71.8115845342799,43.47647507407083
2024121502_302_48013_7,71.97342694931665,43.72592726899615
2024121502_302_48013_8,72.12554871387088,43.83008054456484
2024121502_302_48013_9,72.30422442864608,43.77221960350829
2024121502_302_53465_1,77.42781343457044,30.841676247129417
2024121502_302_53465_10,78.12622121335356,33.60675613739782
2024121502_302_53465_11,78.13795900154811,34.10476316234826
2024121502_302_53465_12,78.12434521169259,34.65659009906115
2024121502_302_53465_2,77.61708159500303,30.96251547313442
2024121502_302_53465_3,77.77884848705136,31.1414350116672
2024121502_302_53465_4,77.90604028303295,31.35393003739995
2024121502_302_53465_5,77.98743033048287,31.630859475858653
2024121502_302_53465_6,78.09848961613463,31.952890622227144
2024121502_302_53465_7,78.14241184665713,32.303830331100215
2024121502_302_53465_8,78.13267640574105,32.65435155742341
2024121502_302_53465_9,78.14026592042556,33.10705309780392
2024121502_3042_44912_1,76.66751941121153,16.21185069502486
2024121502_3042_44912_10,75.95694920001765,11.4176658775589
2024121502_3042_44912_2,76.56530745017368,15.713857274429206
2024121502_3042_44912_3,76.4835234630183,15.177989357275338
2024121502_3042_44912_4,76.41962548418518,14.586712254343698
2024121502_3042_44912_5,76.32511033519495,14.050078701840333
2024121502_3042_44912_6,76.26378517551645,13.524009554019315
2024121502_3042_44912_7,76.15091984619943,12.86431998124752
2024121502_3042_44912_8,76.09394101671275,12.355199803821376
2024121502_3042_44912_9,76.00467961257586,11.888439021091406
2024121502_3042_55043_1,73.7201205210837,23.23324363917381
2024121502_3042_55043_10,73.59455042500751,18.83677411352376
2024121502_3042_55043_2,73.64649530845337,22.932923045552677
2024121502_3042_55043_3,73.57941327197726,22.56491025495593
2024121502_3042_55043_4,73.52242079669385,22.093569659009308
2024121502_3042_55043_5,73.48777082381373,21.591995522098934
2024121502_3042_55043_6,73.47532525742379,21.07460894926358
2024121502_3042_55043_7,73.4851266990224,20.48774365807848
2024121502_3042_55043_8,73.50731415816232,19.969062794385344
2024121502_3042_55043_9,73.52666344467667,19.423309460057556
2024121502_3042_57163_1,74.08634118580599,6.893136806737663
2024121502_3042_57163_10,74.48419477143118,7.676331609931265
2024121502_3042_57163_2,73.98548650610171,6.851785971341183
2024121502_3042_57163_3,73.91968848017144,6.828576855720351
2024121502_3042_57163_4,73.8954327311681,6.850502054041994
2024121502_3042_57163_5,73.9023394694504,6.912895411723327
2024121502_3042_57163_6,73.9679912413345,7.030494442795133
2024121502_3042_57163_7,74.06480823787528,7.12818882571627
2024121502_3042_57163_8,74.18248118384341,7.219883497092286
2024121502_3042_57163_9,74.30439329293549,7.40885492828265
2024121502_3089_41256_1,65.54491107346664,20.765527347291645
2024121502_3089_41256_2,65.55332718979301,20.937368158943396
2024121502_3089_41256_3,65.58145606408301,21.20565707478588
2024121502_3089_41256_4,65.62871158216691,21.51158600459226
2024121502_3089_41256_5,65.69471249691422,21.83656802699797
2024121502_3089_41256_6,65.76428751886701,22.252885891680904
2024121502_3089_41256_7,65.84306800826123,22.68310413451993
2024121502_3089_46192_1,67.31822761730615,25.95215902647142
2024121502_3089_46192_2,67.0871669770305,26.11181586767432
2024121502_3089_46192_3,66.89576776538895,26.267017891104437
2024121502_3089_46192_4,66.78593785348563,26.391968192832515
2024121502_3089_46192_5,66.66519893059579,26.520790357092466
2024121502_3089_46192_6,66.58290034151423,26.63682434822996
2024121502_3089_46192_7,66.56079340796597,26.695540668702765
2024121502_3089_56032_1,63.1255452014565,27.30546651868904
2024121502_3089_56032_2,62.91787947504344,27.29404805523566
2024121502_3089_56032_3,62.73259226462796,27.29396756287991
2024121502_3089_56032_4,62.64500654872146,27.304146545104956
2024121502_3089_56032_5,62.58131494293775,27.30816810330525
2024121502_3089_56032_6,62.57033271313932,27.318938985758557
2024121502_3089_56032_7,62.59801008715184,27.358069952940298
2024121502_3156_43454_1,63.88560147126015,14.75753943908065
2024121502_3156_43454_10,69.81714669396416,17.849072711704014
2024121502_3156_43454_11,70.31492903724218,18.328275668050065
2024121502_3156_43454_12,70.68775947786249,19.025601812142646
2024121502_3156_43454_13,71.07704818674812,19.58455153040694
2024121502_3156_43454_2,64.55998423527508,14.8566149336324
2024121502_3156_43454_3,65.25943865720983,15.058718075965576
2024121502_3156_43454_4,65.96922505077555,15.322389790285104
2024121502_3156_43454_5,66.70152477085873,15.654513441902186
2024121502_3156_43454_6,67.30676767777143,16.009904530451646
2024121502_3156_43454_7,67.93146794067427,16.45165811225065
2024121502_3156_43454_8,68.59263404830133,16.88516400803247
2024121502_3156_43454_9,69.26861430564124,17.421183976985954
2024121502_3156_54468_1,63.03400771460002,14.788534824474596
2024121502_3156_54468_10,68.4792378839747,15.932128238812483
2024121502_3156_54468_11,68.90474464449262,16.203791645945167
2024121502_3156_54468_12,69.30507140773645,16.431105357298485
2024121502_3156_54468_13,69.77083416105793,16.744502148674876
2024121502_3156_54468_2,63.626102320646304,14.723854169094125
2024121502_3156_54468_3,64.2607089083942,14.683949437234798
2024121502_3156_54468_4,64.8832984651599,14.705407708060394
2024121502_3156_54468_5,65.50398891965496,14.773415277558904
2024121502_3156_54468_6,66.07844843414381,14.896221066397748
2024121502_3156_54468_7,66.69562676952819,15.035456623711625
2024121502_3156_54468_8,67.2599743193393,15.19086123596951
2024121502_3156_54468_9,67.9690751364759,15.544474747755274
2024121502_3156_57199_1,75.706143138926,26.091790729736324
2024121502_3156_57199_10,76.97006623442164,21.06498234612512
2024121502_3156_57199_11,76.90258661786196,20.451050673168417
2024121502_3156_57199_12,76.79816942770111,20.012827153812182
2024121502_3156_57199_13,76.71651863647855,19.632109528081354
2024121502_3156_57199_2,76.02879365041782,25.624348420634178
2024121502_3156_57199_3,76.34318809877985,25.067811637671053
2024121502_3156_57199_4,76.5804079486365,24.543126401014835
2024121502_3156_57199_5,76.81172354964839,23.96002294150312
2024121502_3156_57199_6,76.96156279503515,23.41488383293761
2024121502_3156_57199_7,77.05637964082499,22.882936108415628
2024121502_3156_57199_8,77.0181389969558,22.20610278463288
2024121502_3156_57199_9,76.98777814812705,21.61802906795436
2024121502_3244_41256_1,79.24633322784796,35.818888997857606
2024121502_3244_41256_10,80.24854993583851,41.3508663382562
2024121502_3244_41256_11,80.2610176929787,41.99873416107933
2024121502_3244_41256_12,80.24981069462372,42.6470397086116
2024121502_3244_41256_2,79.47400959722108,36.308954468382986
2024121502_3244_41256_3,79.71480203303231,36.85960591983202
2024121502_3244_41256_4,79.90584912676071,37.47309389364069
2024121502_3244_41256_5,80.04401250742046,38.03190159875022
2024121502_3244_41256_6,80.1739295236055,38.67325613760252
2024121502_3244_41256_7,80.22607030592228,39.27766940176522
2024121502_3244_41256_8,80.26715766820163,39.96345571657046
2024121502_3244_41256_9,80.25121639353587,40.67292721281604
2024121502_3244_43395_1,80.05409936728124,47.713035065702975
2024121502_3244_43395_10,80.72088850890499,47.89646346943498
2024121502_3244_43395_11,80.71115711037704,47.85365923583659
2024121502_3244_43395_12,80.70084865095282,47.75777241194919
2024121502_3244_43395_2,80.20120896028757,47.80535397052226
2024121502_3244_43395_3,80.33313034680536,47.90150209957064
2024121502_3244_43395_4,80.45985116663198,47.96389404906897
2024121502_3244_43395_5,80.55792653926395,47.98408579478945
2024121502_3244_43395_6,80.64350162755397,48.02566625521038
2024121502_3244_43395_7,80.69196009559302,48.01944832641267
2024121502_3244_43395_8,80.69157172500472,48.01314233535193
2024121502_3244_43395_9,80.70106460888977,47.9759892052094
2024121502_3244_57163_1,84.99107451728048,39.67458253670552
2024121502_3244_57163_10,89.49006344624613,42.85193248152972
2024121502_3244_57163_11,89.92871340220026,43.20564061168046
2024121502_3244_57163_12,90.2430274764065,43.39832685484394
2024121502_3244_57163_2,85.45983033867238,39.9235887031044
2024121502_3244_57163_3,85.97430766984326,40.19167535603992
2024121502_3244_57163_4,86.4868935847779,40.55455236404403
2024121502_3244_57163_5,86.98290375028526,40.920991990288265
2024121502_3244_57163_6,87.54049866111359,41.2899599454252
2024121502_3244_57163_7,88.10468205656997,41.72084016204147
2024121502_3244_57163_8,88.60353944612662,42.11101008248615
2024121502_3244_57163_9,89.10812968141431,42.45361908393686
2024121502_3244_57304_1,78.8322865560627,36.76555788478311
2024121502_3244_57304_10,79.40369072490756,42.32071506350164
2024121502_3244_57304_11,79.36017290981295,42.94211884816848
2024121502_3244_57304_12,79.32463304231729,43.48372279550412
2024121502_3244_57304_2,79.00821631628261,37.28986136439279
2024121502_3244_57304_3,79.15858925577477,37.85707894172254
2024121502_3244_57304_4,79.28135395699408,38.49213988722086
2024121502_3244_57304_5,79.35546534979855,39.06250749936308
2024121502_3244_57304_6,79.43089609180096,39.723462059939344
2024121502_3244_57304_7,79.45587713468882,40.343202798195215
2024121502_3244_57304_8,79.48791353343383,40.9838313858396
2024121502_3244_57304_9,79.45818975800894,41.65758481640285
2024121502_3267_44912_1,83.17436073282772,30.019545988634697
2024121502_3267_44912_10,83.4012829872847,36.74732102707644
2024121502_3267_44912_11,83.44006745401391,37.44462394578642
2024121502_3267_44912_12,83.47144184514694,38.119326609046
2024121502_3267_44912_2,83.20930581899847,30.73455590303547
2024121502_3267_44912_3,83.24147923413857,31.454265965927217
2024121502_3267_44912_4,83.27532594499628,32.25301053192585
2024121502_3267_44912_5,83.30270264182212,33.0448928674661
2024121502_3267_44912_6,83.32254994177832,33.82369707664605
2024121502_3267_44912_7,83.3749944013482,34.55451781845918
2024121502_3267_44912_8,83.38762402446292,35.31848425463687
2024121502_3267_44912_9,83.38754205157602,36.103650177154414
2024121502_3267_52411_1,84.94589283163101,45.69776018568383
2024121502_3267_52411_10,85.52382375407772,44.69380943195912
2024121502_3267_52411_11,85.44717540940445,44.45176728534263
2024121502_3267_52411_12,85.39337775616755,44.15369880974439
2024121502_3267_52411_2,85.14462606917502,45.76426184695343
2024121502_3267_52411_3,85.31242504180382,45.81123018838285
2024121502_3267_52411_4,85.4277490477834,45.800274660739866
2024121502_3267_52411_5,85.50320242569173,45.710758153009344
2024121502_3267_52411_6,85.56138972586899,45.57492244381931
2024121502_3267_52411_7,85.57580038911796,45.43097993418568
2024121502_3267_52411_8,85.57430518997073,45.31192069038747
2024121502_3267_52411_9,85.56364239403078,44.976420332075314
2024121502_3267_56032_1,90.03671406232704,27.87623426529189
2024121502_3267_56032_10,91.59276472061303,30.438906619542152
2024121502_3267_56032_11,91.63483246724256,30.873697202353863
2024121502_3267_56032_12,91.64538335162804,31.22608670789066
2024121502_3267_56032_2,90.3127834713814,28.013715282180176
2024121502_3267_56032_3,90.57832079510628,28.21156694268108
2024121502_3267_56032_4,90.79781046748784,28.433519524811853
2024121502_3267_56032_5,91.00649395846898,28.69281791004131
2024121502_3267_56032_6,91.16031831999176,28.974016593766763
2024121502_3267_56032_7,91.32889902229532,29.312986290532628
2024121502_3267_56032_8,91.46964294730158,29.64861064338111
2024121502_3267_56032_9,91.51041103062998,29.99816084627768
2024121502_3267_57163_1,87.37868724137381,31.51949493710534
2024121502_3267_57163_10,85.73613280672276,34.40432497380018
2024121502_3267_57163_11,85.39963670955761,34.83736915508387
2024121502_3267_57163_12,85.04956067732869,35.266737773359495
2024121502_3267_57163_2,87.39070033473523,31.658842477761635
2024121502_3267_57163_3,87.31500072561788,31.87307274059913
2024121502_3267_57163_4,87.21519098811413,32.12060704494049
2024121502_3267_57163_5,87.07870558617515,32.40451891851791
2024121502_3267_57163_6,86.89148316961062,32.75629011292425
2024121502_3267_57163_7,86.66139197735842,33.12633694273582
2024121502_3267_57163_8,86.35235292350136,33.53233317595524
2024121502_3267_57163_9,86.047678377649,33.99437037932755
2024121502_3324_41256_1,90.63245673615744,37.33284444517504
2024121502_3324_41256_10,90.53603788380232,38.65737886470472
2024121502_3324_41256_11,90.49211520279108,39.00082137187694
2024121502_3324_41256_12,90.43623232393564,39.45474558109901
2024121502_3324_41256_13,90.33787376823948,39.86251360267224
2024121502_3324_41256_2,90.65185579412608,37.36506599581303
2024121502_3324_41256_3,90.66970957535182,37.39790004897989
2024121502_3324_41256_4,90.67633437299664,37.46250919329313
2024121502_3324_41256_5,90.66720409334592,37.55010905611722
2024121502_3324_41256_6,90.6518958785763,37.69057327524663
2024121502_3324_41256_7,90.6611588900628,37.86259165548413
2024121502_3324_41256_8,90.64046981079768,38.109910715657385
2024121502_3324_41256_9,90.5892229976232,38.4483099053203
2024121502_3324_56032_1,92.09752291664624,31.621606325183617
2024121502_3324_56032_10,93.35161413732372,35.6158113845685
2024121502_3324_56032_11,93.3107204862756,36.19733733005446
2024121502_3324_56032_12,93.30424681441112,36.722150740936826
2024121502_3324_56032_13,93.28205281279484,37.29705060496764
2024121502_3324_56032_2,92.27511537270658,31.95656837982883
2024121502_3324_56032_3,92.47003662120768,32.27495491366034
2024121502_3324_56032_4,92.66630146518692,32.6665529431487
2024121502_3324_56032_5,92.86607245015458,33.080884108691826
2024121502_3324_56032_6,92.98789445198872,33.51661424200156
2024121502_3324_56032_7,93.093820012681,33.94059648381447
2024121502_3324_56032_8,93.21893336760267,34.52177598266004
2024121502_3324_56032_9,93.33030085643118,35.0793079613437
2024121502_3324_57163_1,95.8030119430021,46.74812518190473
2024121502_3324_57163_10,95.41193992839322,48.44112745235748
2024121502_3324_57163_11,95.09609916211151,48.63855299289166
2024121502_3324_57163_12,94.83737175841722,48.714576715254815
2024121502_3324_57163_13,94.56622645042798,48.78657252772648
2024121502_3324_57163_2,95.9718841032276,46.85757340715032
2024121502_3324_57163_3,96.09630200782009,46.99537794453455
2024121502_3324_57163_4,96.15950263307326,47.14103015267618
2024121502_3324_57163_5,96.15292500247352,47.34033627097677
2024121502_3324_57163_6,96.116995184306,47.59063660260672
2024121502_3324_57163_7,96.0151526550536,47.79887778229147
2024121502_3324_57163_8,95.81467382413769,48.002583328783054
2024121502_3324_57163_9,95.67374534391878,48.26630722626358
2024121502_3324_57304_1,89.79825529701557,39.85219081679775
2024121502_3324_57304_10,90.25903085567369,44.927221385095976
2024121502_3324_57304_11,90.18687869417153,45.48237917225402
2024121502_3324_57304_12,90.07205157967633,46.082508517678406
2024121502_3324_57304_13,90.00306108771095,46.54488094682035
2024121502_3324_57304_2,90.00370075089273,40.2749460466829
2024121502_3324_57304_3,90.1696064422245,40.79476341302024
2024121502_3324_57304_4,90.2928501713134,41.33467145183151
2024121502_3324_57304_5,90.33629175668877,41.88654318485021
2024121502_3324_57304_6,90.39056757567096,42.46693219539002
2024121502_3324_57304_7,90.3902609588776,43.14018975486758
2024121502_3324_57304_8,90.35483916260904,43.71910748302688
2024121502_3324_57304_9,90.32201458949795,44.34594483864191
2024121502_3349_41256_1,98.77352777522223,19.496508032157948
2024121502_3349_41256_10,104.80423801164008,16.212080253874635
2024121502_3349_41256_11,105.43255530303936,15.779789205314794
2024121502_3349_41256_12,105.90462504577256,15.41659572910155
2024121502_3349_41256_13,106.33547396338749,15.052146094258855
2024121502_3349_41256_14,106.619730754911,14.713045087120584
2024121502_3349_41256_15,106.95199357678726,14.250252736524155
2024121502_3349_41256_2,99.39631551122396,19.14730282597592
2024121502_3349_41256_3,100.05988122525494,18.851361296149012
2024121502_3349_41256_4,100.75765584110007,18.51799253889308
2024121502_3349_41256_5,101.44632180430447,18.191529668177417
2024121502_3349_41256_6,102.11776792315808,17.844339990390264
2024121502_3349_41256_7,102.84051279125454,17.557319661750043
2024121502_3349_41256_8,103.44426938151736,17.088217633052597
2024121502_3349_41256_9,104.14417892974842,16.61350454954454
2024121502_3349_43395_1,93.64825057667473,18.228651249243544
2024121502_3349_43395_10,96.8297690390581,24.482468530165832
2024121502_3349_43395_11,97.15572405539191,25.146257127351326
2024121502_3349_43395_12,97.38106174610756,25.62198915490378
2024121502_3349_43395_13,97.6415892328446,26.09566924569321
2024121502_3349_43395_14,97.8957235483374,26.463903411919382
2024121502_3349_43395_15,98.25565266219192,26.87554784107708
2024121502_3349_43395_2,93.8931654278716,18.900817407038097
2024121502_3349_43395_3,94.20306545175016,19.618488959369408
2024121502_3349_43395_4,94.57636499977036,20.356468245068832
2024121502_3349_43395_5,94.95590517802805,21.117069931019135
2024121502_3349_43395_6,95.33141797292136,21.82039764956256
2024121502_3349_43395_7,95.68259275605976,22.47279293822709
2024121502_3349_43395_8,96.06994554833338,23.17875608303653
2024121502_3349_43395_9,96.4649889975419,23.80365271794203
2024121502_3349_43454_1,99.52714084239317,10.78958737740454
2024121502_3349_43454_10,102.69256696305784,7.006385677534196
2024121502_3349_43454_11,102.8021699382722,6.614497144351724
2024121502_3349_43454_12,102.8904407181014,6.270867947669067
2024121502_3349_43454_13,102.99087146278782,5.984036797332818
2024121502_3349_43454_14,103.04639205201978,5.690915657312687
2024121502_3349_43454_15,103.05331391783956,5.405803595596652
2024121502_3349_43454_2,100.08826241222184,10.439058665026158
2024121502_3349_43454_3,100.64385759445624,10.01976034330931
2024121502_3349_43454_4,101.14702241405304,9.550666610788811
2024121502_3349_43454_5,101.58781314701515,9.115639806132002
2024121502_3349_43454_6,101.95917424182636,8.71445618550897
2024121502_3349_43454_7,102.26066681074424,8.201767361538979
2024121502_3349_43454_8,102.42497841269844,7.816798027028053
2024121502_3349_43454_9,102.59618572470852,7.446092774611788
2024121502_3349_54468_1,98.9278429829117,11.404668599103164
2024121502_3349_54468_10,104.29938798709776,8.05788586512344
2024121502_3349_54468_11,104.7625384485264,7.8434673640880765
2024121502_3349_54468_12,105.1386147562136,7.578276485252848
2024121502_3349_54468_13,105.49367554731688,7.311404613332818
2024121502_3349_54468_14,105.57600828967806,7.0845210713118725
2024121502_3349_54468_15,105.64615865853892,6.878989476561913
2024121502_3349_54468_2,99.5277911510431,11.04068456275258
2024121502_3349_54468_3,100.18553361572062,10.640987863627192
2024121502_3349_54468_4,100.83259804305676,10.230091800931856
2024121502_3349_54468_5,101.47881612093298,9.852776753726246
2024121502_3349_54468_6,102.10113234697997,9.42510864596336
2024121502_3349_54468_7,102.70897206567766,8.94950978174234
2024121502_3349_54468_8,103.31602858689448,8.636985942022132
2024121502_3349_54468_9,103.87728972030308,8.40051715422566
2024121502_3381_43294_1,97.7452970975774,17.074507323285914
2024121502_3381_43294_10,101.25798735858876,17.406339950457408
2024121502_3381_43294_2,98.1285042705233,17.395417931007703
2024121502_3381_43294_3,98.55211912442547,17.679798098765986
2024121502_3381_43294_4,98.94342039003683,17.88340953711728
2024121502_3381_43294_5,99.37105498986448,18.031473087026228
2024121502_3381_43294_6,99.8035321342114,18.12488982566229
2024121502_3381_43294_7,100.21966564239332,18.162816454032072
2024121502_3381_43294_8,100.54969586161546,17.822007200889757
2024121502_3381_43294_9,100.96562855381806,17.588939236236193
2024121502_3381_44860_1,90.60303402969092,11.94984064347978
2024121502_3381_44860_10,90.60705796473104,7.783301001748755
2024121502_3381_44860_2,90.46523856444225,11.47141913291531
2024121502_3381_44860_3,90.35795492223316,10.943383853818762
2024121502_3381_44860_4,90.3068816931312,10.39685000150757
2024121502_3381_44860_5,90.27655228593702,9.892733333486744
2024121502_3381_44860_6,90.27819095689772,9.4284511044311
2024121502_3381_44860_7,90.31073112135005,8.870891231155253
2024121502_3381_44860_8,90.4017382624193,8.53186754204841
2024121502_3381_44860_9,90.47448696194934,8.14912736142287
2024121502_3381_52435_1,85.55630882657563,8.265406567090865
2024121502_3381_52435_10,85.51412987681407,6.1026525148430455
2024121502_3381_52435_2,85.37380477371322,7.977676830884276
2024121502_3381_52435_3,85.22452027943326,7.66193792190513
2024121502_3381_52435_4,85.1532814017009,7.462539954623347
2024121502_3381_52435_5,85.110638152091,7.207905673606005
2024121502_3381_52435_6,85.12396711708777,6.934755650558221
2024121502_3381_52435_7,85.1795379076074,6.684391726475444
2024121502_3381_52435_8,85.27270035079566,6.5262454713968365
2024121502_3381_52435_9,85.39324499325838,6.316363792341068
2024121502_3515_43373_1,68.444312010364,44.731269220035344
2024121502_3515_43373_10,69.73262912859278,45.675760241718585
2024121502_3515_43373_11,70.16443249961962,45.78669171629357
2024121502_3515_43373_12,70.5800826798611,45.88602726469514
2024121502_3515_43373_13,70.9837481743699,45.9693928437822
2024121502_3515_43373_2,68.3096615801844,44.79691347596607
2024121502_3515_43373_3,68.2370354521831,44.85869036647884
2024121502_3515_43373_4,68.25490835898667,44.92064065668193
2024121502_3515_43373_5,68.34619336435787,45.01486409575264
2024121502_3515_43373_6,68.54391333079414,45.09296880513481
2024121502_3515_43373_7,68.80937511372716,45.15865080368096
2024121502_3515_43373_8,69.07669000692033,45.25188667268472
2024121502_3515_43373_9,69.33206950122984,45.51453662728413
2024121502_3515_54936_1,70.79742948424108,37.40595358698864
2024121502_3515_54936_10,65.74028038974922,35.48172777481879
2024121502_3515_54936_11,65.20971111981436,35.4532225725486
2024121502_3515_54936_12,64.85876382558975,35.43777448459318
2024121502_3515_54936_13,64.53395281678505,35.46838031828181
2024121502_3515_54936_2,70.24374481797115,37.07417182081532
2024121502_3515_54936_3,69.66934664101723,36.79608955406321
2024121502_3515_54936_4,69.09514133297152,36.54306131287116
2024121502_3515_54936_5,68.48017624018145,36.2565406096134
2024121502_3515_54936_6,67.9192789349987,35.97840285754948
2024121502_3515_54936_7,67.31282740097004,35.82167976198063
2024121502_3515_54936_8,66.73224381968444,35.62896582427903
2024121502_3515_54936_9,66.11668266651203,35.529486267978086
2024121502_3515_56070_1,70.30900775885712,44.82158477313144
2024121502_3515_56070_10,70.93593454859513,46.37988750004876
2024121502_3515_56070_11,71.2616455491085,46.63988723667841
2024121502_3515_56070_12,71.58030189732746,46.82990642849834
2024121502_3515_56070_13,71.83886075315542,47.10853637135597
2024121502_3515_56070_2,70.12506849796192,44.88680375562955
2024121502_3515_56070_3,70.02125845129903,44.97752130227968
2024121502_3515_56070_4,70.00190038500538,45.11363573173824
2024121502_3515_56070_5,70.05628525608918,45.303465172043005
2024121502_3515_56070_6,70.20393538281348,45.48465887969484
2024121502_3515_56070_7,70.3381625393257,45.68335700846871
2024121502_3515_56070_8,70.52023563528151,45.91796504971122
2024121502_3515_56070_9,70.65702734962542,46.14750394686431
2024121502_3540_40166_1,64.30405984347436,44.99002706174845
2024121502_3540_40166_2,64.22176062944388,45.32765274817352
2024121502_3540_40166_3,64.14310046383223,45.708453894696255
2024121502_3540_40166_4,64.04492255618423,45.95135291022105
2024121502_3540_40166_5,63.99651756030785,46.24382064222042
2024121502_3540_40166_6,63.94795665768854,46.4703061374106
2024121502_3540_40166_7,63.89669059118396,46.69132207189603
2024121502_3540_40166_8,63.89703483860475,46.7979991896065
2024121502_3540_40166_9,63.93464996079439,46.72607460926573
2024121502_3540_46206_1,68.28387059358022,38.35469574001015
2024121502_3540_46206_2,68.11783935883811,38.70945006052431
2024121502_3540_46206_3,67.97490742099134,39.13302601777762
2024121502_3540_46206_4,67.88843847472418,39.59489429531254
2024121502_3540_46206_5,67.79307373956985,40.05100095780569
2024121502_3540_46206_6,67.7184993387262,40.551882742558966
2024121502_3540_46206_7,67.69403354672562,41.06840722020649
2024121502_3540_46206_8,67.695723650523,41.524503122192165
2024121502_3540_46206_9,67.67419648839932,41.97710492794498
2024121502_3540_52435_1,67.16671897516753,35.56847829840629
2024121502_3540_52435_2,67.10777825179449,36.101345545856674
2024121502_3540_52435_3,67.08857780183095,36.68719707094637
2024121502_3540_52435_4,67.10157544485239,37.354381359958815
2024121502_3540_52435_5,67.12412857203738,37.96233454633908
2024121502_3540_52435_6,67.1555037150492,38.66777251337605
2024121502_3540_52435_7,67.24679641452857,39.32754353324156
2024121502_3540_52435_8,67.34858745169467,40.03570384079004
2024121502_3540_52435_9,67.4704424987771,40.745025144694495
2024121502_363_43373_1,85.59730621970154,39.009302948046695
2024121502_363_43373_10,84.33875108202997,43.618212389177
2024121502_363_43373_11,84.0482882043355,44.17647418754317
2024121502_363_43373_2,85.61918781976901,39.42300051173709
2024121502_363_43373_3,85.58944024406722,39.88942066257116
2024121502_363_43373_4,85.5301714041506,40.363850716468406
2024121502_363_43373_5,85.4646728320676,40.83687501209345
2024121502_363_43373_6,85.31997466351169,41.39694006991953
2024121502_363_43373_7,85.17293330649811,41.90765701325871
2024121502_363_43373_8,84.93580485158614,42.54591990606986
2024121502_363_43373_9,84.64242212943196,43.11802859212469
2024121502_363_53518_1,81.39576271605988,38.47819582875486
2024121502_363_53518_10,82.08961881655169,44.24549175063692
2024121502_363_53518_11,82.0584186334031,44.93173084532102
2024121502_363_53518_2,81.65373489260735,38.99813536105838
2024121502_363_53518_3,81.89741588147069,39.57760506391282
2024121502_363_53518_4,82.06872512573045,40.23452988436579
2024121502_363_53518_5,82.17048455672108,40.82856863013877
2024121502_363_53518_6,82.23302312448166,41.51343965759239
2024121502_363_53518_7,82.23031099725036,42.15506954809741
2024121502_363_53518_8,82.18189260205573,42.87318889693147
2024121502_363_53518_9,82.14089848352621,43.56626329042863
2024121502_3705_44912_1,14.412751130488758,38.14404019599543
2024121502_3705_44912_2,14.639337248949213,38.65226812688917
2024121502_3705_44912_3,14.871477754638295,39.23309382973463
2024121502_3705_44912_4,15.072731936089118,39.78792821453913
2024121502_3705_44912_5,15.261583424373065,40.34604471805651
2024121502_3746_41256_1,26.01781141821854,13.836034766320646
2024121502_3746_41256_10,25.439288328883965,10.851327871641775
2024121502_3746_41256_11,25.275707084864337,10.402821240126674
2024121502_3746_41256_2,26.03280257656461,13.639979842103727
2024121502_3746_41256_3,26.02803054871148,13.366612139174974
2024121502_3746_41256_4,26.00908588106173,13.08397668790212
2024121502_3746_41256_5,25.978217139150367,12.746715513081742
2024121502_3746_41256_6,25.913803110824848,12.380145319486676
2024121502_3746_41256_7,25.85500455829821,11.980406127021356
2024121502_3746_41256_8,25.73420298535593,11.604436880578175
2024121502_3746_41256_9,25.553239952845747,11.212509481557705
2024121502_3746_45900_1,21.44989519581693,7.926321237161673
2024121502_3746_45900_10,22.60732055697909,6.640261682287116
2024121502_3746_45900_11,22.587561782494863,6.513437026744832
2024121502_3746_45900_2,21.732392858965188,7.8597723699510365
2024121502_3746_45900_3,21.97530952769141,7.792301688342414
2024121502_3746_45900_4,22.159285298852165,7.688042042620186
2024121502_3746_45900_5,22.288963712304927,7.528860917026116
2024121502_3746_45900_6,22.402350435618075,7.374210947154538
2024121502_3746_45900_7,22.52667181689896,7.23020126304176
2024121502_3746_45900_8,22.55532910154947,7.064404171986344
2024121502_3746_45900_9,22.59936647355797,6.835408453618037
2024121502_3746_54468_1,27.671947459919288,6.431439672289304
2024121502_3746_54468_10,27.405617111872168,6.436014758641531
2024121502_3746_54468_11,27.18642121805952,6.394308372087483
2024121502_3746_54468_2,27.79344751185109,6.4422829352668645
2024121502_3746_54468_3,27.886869474729643,6.453129375494629
2024121502_3746_54468_4,27.9510490664262,6.466609340853768
2024121502_3746_54468_5,27.96361899392713,6.485468648362534
2024121502_3746_54468_6,27.954862342899737,6.492324838593432
2024121502_3746_54468_7,27.912744089241404,6.448133968671816
2024121502_3746_54468_8,27.80596828832829,6.3893482269795525
2024121502_3746_54468_9,27.59576704838159,6.47487910120612
2024121502_3897_43395_1,33.65616032087566,12.26743330585911
2024121502_3897_43395_10,31.6074043315717,8.403975648282653
2024121502_3897_43395_11,31.62014780909454,8.015170615635762
2024121502_3897_43395_12,31.65135163172982,7.54072159933905
2024121502_3897_43395_13,31.661464039215204,7.092161011574746
2024121502_3897_43395_14,31.755643520538367,6.766687342548961
2024121502_3897_43395_15,31.95521073028638,6.467686552985924
2024121502_3897_43395_16,32.13192809404718,6.076466841323152
2024121502_3897_43395_17,32.39600121017981,5.814433744297476
2024121502_3897_43395_18,32.63089215593717,5.612865320717343
2024121502_3897_43395_19,32.81299415627572,5.364011096356497
2024121502_3897_43395_2,33.33484508041276,11.92428318718993
2024121502_3897_43395_20,32.93362820543391,5.081934431830512
2024121502_3897_43395_21,33.08113826631082,4.842202892694577
2024121502_3897_43395_22,33.28483421298978,4.622559080492191
2024121502_3897_43395_23,33.329385294504014,4.394928053457127
2024121502_3897_43395_3,32.98643439349003,11.573753897100175
2024121502_3897_43395_4,32.66709087606709,11.18312733175738
2024121502_3897_43395_5,32.413907841225274,10.73523544767864
2024121502_3897_43395_6,32.156668241342274,10.225014560413143
2024121502_3897_43395_7,32.01856155077637,9.83664354331924
2024121502_3897_43395_8,31.85215215214536,9.304524287629414
2024121502_3897_43395_9,31.67819164663352,8.863477486099223
2024121502_3897_43454_1,37.40671066876513,8.836898646797081
2024121502_3897_43454_10,44.33287944874444,5.62493009276334
2024121502_3897_43454_11,45.14680175105339,5.392550537407479
2024121502_3897_43454_12,46.06107511352624,5.133100776182674
2024121502_3897_43454_13,47.09337432187198,4.882213545531817
2024121502_3897_43454_14,47.98217402043635,4.591973294541881
2024121502_3897_43454_15,48.82282228908455,4.318862900337108
2024121502_3897_43454_16,49.707739902916,4.0916149028641495
2024121502_3897_43454_17,50.497124564941245,3.816426627370344
2024121502_3897_43454_18,51.33603156630639,3.596953522672967
2024121502_3897_43454_19,52.289722862797824,3.367657368698292
2024121502_3897_43454_2,38.0334172105237,8.428586235082495
2024121502_3897_43454_20,53.139072917172776,3.19450757084435
2024121502_3897_43454_21,53.791396713494166,3.0709901383847704
2024121502_3897_43454_22,54.436431442572285,2.927770768553136
2024121502_3897_43454_23,55.06640133849534,2.8248923261391257
2024121502_3897_43454_3,38.746681852022135,8.012767220069149
2024121502_3897_43454_4,39.466970051992654,7.623893562462671
2024121502_3897_43454_5,40.20840157202963,7.263183674158329
2024121502_3897_43454_6,41.020200191182575,6.947431902290031
2024121502_3897_43454_7,41.87508928917328,6.691727531139256
2024121502_3897_43454_8,42.654091555753,6.260681660167638
2024121502_3897_43454_9,43.56313906816931,5.934667124940649
2024121502_3897_54468_1,37.9195565517629,10.20368501488946
2024121502_3897_54468_10,44.11815739565888,7.0707610816300015
2024121502_3897_54468_11,44.89923368623134,6.84181743247896
2024121502_3897_54468_12,45.808500676128354,6.557633962689168
2024121502_3897_54468_13,46.70076115244868,6.329597605070696
2024121502_3897_54468_14,47.57537949044526,6.054028471142544
2024121502_3897_54468_15,48.48291581685741,5.790831714764204
2024121502_3897_54468_16,49.41432031437981,5.500284562014941
2024121502_3897_54468_17,50.10878182139077,5.223486391489474
2024121502_3897_54468_18,50.91650040919703,4.969869148961041
2024121502_3897_54468_19,51.7191968996934,4.70451740014137
2024121502_3897_54468_2,38.45566275623503,9.81550532565148
2024121502_3897_54468_20,52.49217667800461,4.453004795235024
2024121502_3897_54468_21,53.26046041322385,4.303526116669753
2024121502_3897_54468_22,53.86337238755384,4.133331391951181
2024121502_3897_54468_23,54.29280017069121,3.990522372779835
2024121502_3897_54468_3,39.08387447897231,9.436311912575825
2024121502_3897_54468_4,39.724167304853374,9.094977402838476
2024121502_3897_54468_5,40.35097499314899,8.742935807972886
2024121502_3897_54468_6,41.08196766866493,8.41035632953308
2024121502_3897_54468_7,41.91901434356315,8.130499383240325
2024121502_3897_54468_8,42.65013653882606,7.71800325414825
2024121502_3897_54468_9,43.40061491264541,7.392892838405293
2024121502_3897_54540_1,39.5345687980819,20.332086330226502
2024121502_3897_54540_10,39.94561702063732,15.245030060473267
2024121502_3897_54540_11,40.13739317554004,14.667122744473176
2024121502_3897_54540_12,40.31264065180872,14.05735187572866
2024121502_3897_54540_13,40.49940308083102,13.52449784480926
2024121502_3897_54540_14,40.66198035261385,12.955296954856356
2024121502_3897_54540_15,40.888357454533946,12.420302130468547
2024121502_3897_54540_16,41.24541323718586,11.88781529342069
2024121502_3897_54540_17,41.574295298911125,11.535808489205538
2024121502_3897_54540_18,41.93686342682101,10.904357707912231
2024121502_3897_54540_19,42.39658170639058,10.450244684788188
2024121502_3897_54540_2,39.52179261047884,19.882669257273527
2024121502_3897_54540_20,42.74539683664026,9.85313355425514
2024121502_3897_54540_21,43.12458219002489,9.369832823416996
2024121502_3897_54540_22,43.41009311372699,8.943088263944997
2024121502_3897_54540_23,43.60708211811984,8.619374155455445
2024121502_3897_54540_3,39.505338360823046,19.34125592131198
2024121502_3897_54540_4,39.51755253669293,18.798651244871103
2024121502_3897_54540_5,39.550818035256455,18.249348226652973
2024121502_3897_54540_6,39.593679956356056,17.67122743203149
2024121502_3897_54540_7,39.63571441783781,17.116193509113575
2024121502_3897_54540_8,39.67775607089931,16.445473295533667
2024121502_3897_54540_9,39.78913272156052,15.839747619904026
2024121502_3897_57199_1,55.266696872137,25.14289785320595
2024121502_3897_57199_10,58.38789007472479,22.08814738963371
2024121502_3897_57199_11,58.71746409853737,21.543273114689164
2024121502_3897_57199_12,58.95135967025073,20.97231518376952
2024121502_3897_57199_13,59.2427761767074,20.36277872900565
2024121502_3897_57199_14,59.66217158271476,19.808264110743472
2024121502_3897_57199_15,60.00415876323229,19.290509643845223
2024121502_3897_57199_16,60.299392735203824,18.6950202221298
2024121502_3897_57199_17,60.54164910976158,17.960828385513597
2024121502_3897_57199_18,60.78343227650041,17.40425874386348
2024121502_3897_57199_19,61.009694813681065,16.912292633903796
2024121502_3897_57199_2,55.62444484428598,24.98538318955216
2024121502_3897_57199_20,61.190219592744896,16.269487456662844
2024121502_3897_57199_21,61.41877025162623,15.498701635504574
2024121502_3897_57199_22,61.63324202032203,14.913592168345769
2024121502_3897_57199_23,61.75916683130241,14.211558529787458
2024121502_3897_57199_3,55.990985475166624,24.77011200383029
2024121502_3897_57199_4,56.35773373140344,24.518993647914066
2024121502_3897_57199_5,56.71497152269231,24.24071112961645
2024121502_3897_57199_6,57.068902820126446,23.919458958123293
2024121502_3897_57199_7,57.494127710083895,23.538261999477907
2024121502_3897_57199_8,57.76282976494422,23.137049772288584
2024121502_3897_57199_9,58.08120868353243,22.62854983800603
2024121502_523_43454_1,80.72752254835079,39.38710609126308
2024121502_523_43454_10,76.60589962032489,44.19008505775866
2024121502_523_43454_11,76.30462724511628,44.88743008214315
2024121502_523_43454_12,76.11485859671512,45.59144986660979
2024121502_523_43454_13,75.7758428593412,46.335071470111615
2024121502_523_43454_14,75.42335082819051,47.09488184646621
2024121502_523_43454_15,75.18979831278371,47.75276891702423
2024121502_523_43454_16,75.04071256424325,48.48665382751979
2024121502_523_43454_2,80.13803993816664,39.775442756868735
2024121502_523_43454_3,79.5858692359373,40.18339071319674
2024121502_523_43454_4,79.05722243530933,40.64839357275714
2024121502_523_43454_5,78.54063242802555,41.18303290388732
2024121502_523_43454_6,78.08256852899406,41.70355653355892
2024121502_523_43454_7,77.70251320527659,42.183153191940505
2024121502_523_43454_8,77.32713006075907,42.84101425554185
2024121502_523_43454_9,76.90419148742892,43.489037833648034
2024121502_523_54468_1,77.20799980226481,38.51594218794821
2024121502_523_54468_10,76.82032039252913,43.70642795863874
2024121502_523_54468_11,76.90532735595588,44.46069340091148
2024121502_523_54468_12,76.99110497599416,45.22215949941302
2024121502_523_54468_13,77.03138730336508,45.95555995528056
2024121502_523_54468_14,77.14974431588605,46.673413165445886
2024121502_523_54468_15,77.29804048507485,47.33152929763413
2024121502_523_54468_16,77.26468506169819,48.05955083439851
2024121502_523_54468_2,77.01996371750054,38.94882871217791
2024121502_523_54468_3,76.85949000599369,39.42728464327544
2024121502_523_54468_4,76.72834113174243,39.922625684353655
2024121502_523_54468_5,76.66628345362906,40.45705623116962
2024121502_523_54468_6,76.67284546612133,41.03728138136999
2024121502_523_54468_7,76.67006698657548,41.56997873288321
2024121502_523_54468_8,76.73144302718778,42.27451890012589
2024121502_523_54468_9,76.7393377550556,42.98079195039472
2024121502_546_43454_1,70.8853940342431,13.948871000139151
2024121502_546_43454_10,68.84734508141985,7.810695067744639
2024121502_546_43454_11,68.76133919194599,7.069319098505756
2024121502_546_43454_12,68.71345100542368,6.33868675027562
2024121502_546_43454_13,68.64544743235966,5.5830439256577655
2024121502_546_43454_2,70.47479409483698,13.36285656005254
2024121502_546_43454_3,70.10657060023367,12.74080385000989
2024121502_546_43454_4,69.80177549403363,12.06646095172593
2024121502_546_43454_5,69.53632269546911,11.430227473698093
2024121502_546_43454_6,69.3132465709119,10.712522532651406
2024121502_546_43454_7,69.1703165986344,10.015538209110783
2024121502_546_43454_8,69.05396764244325,9.253723215426026
2024121502_546_43454_9,68.90905572901771,8.520634179063496
2024121502_546_57163_1,71.35991257161986,14.9774689035694
2024121502_546_57163_10,67.66544225321108,8.959098144548012
2024121502_546_57163_11,67.46189993056149,8.111773572686484
2024121502_546_57163_12,67.28676445800305,7.282451749866727
2024121502_546_57163_13,67.11801474580653,6.440678111725557
2024121502_546_57163_2,70.80569202076978,14.487084104443948
2024121502_546_57163_3,70.30095551346106,13.92426633998403
2024121502_546_57163_4,69.81134569965194,13.36137405385901
2024121502_546_57163_5,69.31994887301549,12.745112723983832
2024121502_546_57163_6,68.92576183393568,12.056037380896838
2024121502_546_57163_7,68.54758586412656,11.362087157096903
2024121502_546_57163_8,68.2030853025635,10.519542790388748
2024121502_546_57163_9,67.84920187923436,9.720980963397224
2024121502_625_43294_1,54.71980677549753,46.708069146610846
2024121502_625_43294_2,55.10372664515694,46.662123302819175
2024121502_625_43294_3,55.49833008298811,46.6169157049494
2024121502_625_43294_4,55.87445848475736,46.52663386190464
2024121502_625_43294_5,56.24399145431807,46.4471090315125
2024121502_625_43294_6,56.62260383653559,46.35918466822699
2024121502_625_43294_7,56.92730082812946,46.21086206260096
2024121502_625_43294_8,57.14502991599733,46.0403000373126
2024121502_625_43294_9,57.35607803465755,45.69364386639346
2024121502_625_43321_1,52.16161419570161,34.34502104042647
2024121502_625_43321_2,52.39086915121722,34.37104070231849
2024121502_625_43321_3,52.603090754119606,34.433569648592574
2024121502_625_43321_4,52.798768470567225,34.552100015382415
2024121502_625_43321_5,52.96568819374798,34.660446162221284
2024121502_625_43321_6,53.18669210358918,34.79472618724
2024121502_625_43321_7,53.365879519910585,35.048046094834845
2024121502_625_43321_8,53.4677986342977,35.353017675046985
2024121502_625_43321_9,53.58311213916953,35.6397180555888
2024121502_625_52435_1,57.35944142638147,29.95888248730332
2024121502_625_52435_2,57.76982020912353,29.92726056833204
2024121502_625_52435_3,58.15342033856521,29.90793235558164
2024121502_625_52435_4,58.49257019924082,29.940055932566203
2024121502_625_52435_5,58.8387518897595,30.00491462015548
2024121502_625_52435_6,59.17157086190848,30.11232263656239
2024121502_625_52435_7,59.40694567056825,30.24916539938229
2024121502_625_52435_8,59.6072515514732,30.403707746503866
2024121502_625_52435_9,59.79731100678397,30.649623962477197
2024121502_625_54509_1,51.95981259739554,44.06232126335734
2024121502_625_54509_2,52.19448277255511,43.61109085297839
2024121502_625_54509_3,52.41356030227256,43.06575367358919
2024121502_625_54509_4,52.59653293612538,42.49038345472484
2024121502_625_54509_5,52.76945239328696,41.94339919405071
2024121502_625_54509_6,52.9890341633974,41.42797849703637
2024121502_625_54509_7,53.16054110212855,40.835814559820726
2024121502_625_54509_8,53.27485802425367,40.36923135003466
2024121502_625_54509_9,53.36049000441072,39.810927903974495
2024121502_63_54468_1,80.79602504492368,39.30529598114684
2024121502_63_54468_10,84.12183272060993,41.36842694572638
2024121502_63_54468_2,80.96979706563366,39.63089863345778
2024121502_63_54468_3,81.22063268596541,39.93611264678891
2024121502_63_54468_4,81.51375133622146,40.16414281592977
2024121502_63_54468_5,81.89550361546465,40.43021874608947
2024121502_63_54468_6,82.2949147667966,40.63784049208757
2024121502_63_54468_7,82.75045667573958,40.83038995941564
2024121502_63_54468_8,83.1419312655422,40.9899358057878
2024121502_63_54468_9,83.60242056475103,41.21423148749935
2024121502_63_55949_1,90.34374258903571,38.12697272075039
2024121502_63_55949_10,89.44144498633858,41.65775931595213
2024121502_63_55949_2,90.2523512516481,38.58828505161168
2024121502_63_55949_3,90.1648158138032,39.10675777183052
2024121502_63_55949_4,90.04960544124344,39.52815376063928
2024121502_63_55949_5,89.95332667045929,40.00101528849132
2024121502_63_55949_6,89.83004857160968,40.4291911746146
2024121502_63_55949_7,89.7069327525118,40.86544664694474
2024121502_63_55949_8,89.61012944261905,41.1869420275207
2024121502_63_55949_9,89.52083761658119,41.44308658191704
2024121502_723_44912_1,85.70551366842373,25.868828671570867
2024121502_723_44912_2,85.39595353112189,26.09347672390146
2024121502_723_44912_3,85.11728988443394,26.302385758112703
2024121502_723_44912_4,84.88728419359742,26.572792297755623
2024121502_723_44912_5,84.64293169856944,26.811347299178703
2024121502_723_44912_6,84.39082759582426,27.02263918145857
2024121502_723_44912_7,84.1714287313144,27.231680786597984
2024121502_723_44912_8,84.08282382300852,27.38292411589468
2024121502_723_54540_1,83.59766524445565,24.017718669028536
2024121502_723_54540_2,83.44361919202234,23.936886701266083
2024121502_723_54540_3,83.26691491621895,23.873328296630348
2024121502_723_54540_4,83.08998978958886,23.87811189651684
2024121502_723_54540_5,82.92394154492465,23.946255444061133
2024121502_723_54540_6,82.77462422461399,24.068827113523163
2024121502_723_54540_7,82.65620114194144,24.227994106749478
2024121502_723_54540_8,82.5817467779001,24.40761735084972
2024121502_723_55867_1,85.30029725318285,35.01609909948958
2024121502_723_55867_2,84.9566537779166,34.862572098922
2024121502_723_55867_3,84.60686608415088,34.652345770895444
2024121502_723_55867_4,84.27864058383891,34.428584232262985
2024121502_723_55867_5,83.95657045863746,34.13885579112085
2024121502_723_55867_6,83.67640608335225,33.79598724981161
2024121502_723_55867_7,83.42308100819692,33.40560605837449
2024121502_723_55867_8,83.21884234759509,33.04376997065462
2024121502_924_41256_1,86.98938545762593,31.557544904629445
2024121502_924_41256_2,87.0586164480788,31.5551702521847
2024121502_924_41256_3,87.08750537145605,31.571396567979846
2024121502_924_41256_4,87.08150279616972,31.6243229897384
2024121502_924_41256_5,87.05530880598774,31.6956982467322
2024121502_924_41256_6,87.02507789850958,31.789960845364472
2024121502_924_41256_7,86.97829486889451,31.925931183424197
2024121502_924_41256_8,86.90601421153234,32.08872953552062
2024121502_924_41256_9,86.79270052853579,32.29053288380338
2024121502_924_56032_1,89.98097149648646,26.5943829353352
2024121502_924_56032_2,90.48314384960092,26.68701982350718
2024121502_924_56032_3,91.0221446566475,26.788583975893182
2024121502_924_56032_4,91.54902454728828,26.899014048451807
2024121502_924_56032_5,92.07631460719972,27.03159383876431
2024121502_924_56032_6,92.58077690184544,27.15869064135965
2024121502_924_56032_7,93.12216160658468,27.32016662092004
2024121502_924_56032_8,93.65141807240994,27.497665622893813
2024121502_924_56032_9,94.20654349800836,27.869886432773512
2024121502_924_57163_1,86.82589952570979,40.209596142712655
2024121502_924_57163_2,86.97854444841197,40.47271490292984
2024121502_924_57163_3,87.10621597880663,40.68045364127573
2024121502_924_57163_4,87.22198206683593,40.80884014862424
2024121502_924_57163_5,87.29756754476328,40.95403535692174
2024121502_924_57163_6,87.37216016380519,41.04739086995544
2024121502_924_57163_7,87.40534937373828,41.06870679746229
2024121502_924_57163_8,87.47594830919516,41.02265663380673
2024121502_924_57163_9,87.47279047841741,41.03603660421695
2024121502_924_57304_1,84.20996049146625,31.949209860955968
2024121502_924_57304_2,84.38656472629467,31.884244843174496
2024121502_924_57304_3,84.5399014148198,31.85097534980411
2024121502_924_57304_4,84.64870191105277,31.88573157516669
2024121502_924_57304_5,84.7352959486611,31.979478298140304
2024121502_924_57304_6,84.83497054472049,32.140368641374835
2024121502_924_57304_7,84.92108584821034,32.28269002310785
2024121502_924_57304_8,84.92960483005386,32.46272117978117
2024121502_924_57304_9,84.94298791853157,32.71981142781316
2025010515_1056_48268_1,65.70851895917409,21.009230575934463
2025010515_1056_48268_10,69.53122151081278,20.31763415781264
2025010515_1056_48268_11,69.88992269442345,20.229039589912887
2025010515_1056_48268_12,70.16207625585456,20.11771880298727
2025010515_1056_48268_13,70.50821314571486,19.985341549964684
2025010515_1056_48268_2,66.05816561392389,20.87378467978243
2025010515_1056_48268_3,66.5074863787108,20.77531775385921
2025010515_1056_48268_4,66.9346764932214,20.69888020409423
2025010515_1056_48268_5,67.36982928662759,20.63513684350548
2025010515_1056_48268_6,67.79868931746446,20.640867266032146
2025010515_1056_48268_7,68.33364422638536,20.643005932644908
2025010515_1056_48268_8,68.77551672380031,20.58933246601092
2025010515_1056_48268_9,69.18485823109187,20.41599951571969
2025010515_1056_52991_1,64.00168763623323,15.707917342173802
2025010515_1056_52991_10,63.9680818343275,10.867613257615732
2025010515_1056_52991_11,63.84087169531692,10.23200823863565
2025010515_1056_52991_12,63.73263399089177,9.637055253854951
2025010515_1056_52991_13,63.64948445949032,9.023804791189352
2025010515_1056_52991_2,64.13375009206293,15.25666976559721
2025010515_1056_52991_3,64.22552415120143,14.756593763268205
2025010515_1056_52991_4,64.30831288853533,14.283335910521718
2025010515_1056_52991_5,64.3327955784151,13.790227694679425
2025010515_1056_52991_6,64.3418829748439,13.262249942584573
2025010515_1056_52991_7,64.29227328229632,12.718983079798472
2025010515_1056_52991_8,64.20555121074545,12.009631727612224
2025010515_1056_52991_9,64.08869875997259,11.433041070777271
2025010515_1056_53074_1,59.62717090744574,13.993128852185457
2025010515_1056_53074_10,61.143197857288776,7.59072880705332
2025010515_1056_53074_11,61.23339949011962,6.996297081968113
2025010515_1056_53074_12,61.349196224482206,6.440081051977771
2025010515_1056_53074_13,61.45716541592275,5.835197775474592
2025010515_1056_53074_2,59.80726349663615,13.316206580582334
2025010515_1056_53074_3,59.99842857974839,12.569253142546422
2025010515_1056_53074_4,60.18973122229404,11.840714091579503
2025010515_1056_53074_5,60.37256785359765,11.090850253091734
2025010515_1056_53074_6,60.577245675916615,10.357094813138396
2025010515_1056_53074_7,60.767763390331474,9.696918271375475
2025010515_1056_53074_8,60.93086834054392,8.9482580567309
2025010515_1056_53074_9,61.03742602095005,8.25811277348074
2025010515_1056_54468_1,68.23593075632691,13.78270947423981
2025010515_1056_54468_10,68.82787654748753,13.212631569357436
2025010515_1056_54468_11,68.70431075164346,13.164487799838705
2025010515_1056_54468_12,68.59374340287611,13.085541637417917
2025010515_1056_54468_13,68.53529512686163,12.945235126867372
2025010515_1056_54468_2,68.39529259935314,13.715408562136238
2025010515_1056_54468_3,68.53295072908783,13.655374861215783
2025010515_1056_54468_4,68.68196507424186,13.601639739207396
2025010515_1056_54468_5,68.79815100618488,13.54245770807104
2025010515_1056_54468_6,68.87381450807865,13.511551936453088
2025010515_1056_54468_7,68.90319732637205,13.48316013493623
2025010515_1056_54468_8,68.91874161880688,13.459415076677468
2025010515_1056_54468_9,68.9023272648092,13.286080639029036
2025010515_1086_46095_1,73.40302693452773,42.17276365619107
2025010515_1086_46095_10,73.57968847602515,47.60548749437951
2025010515_1086_46095_11,73.46855041207135,48.24359028174416
2025010515_1086_46095_12,73.30248367284304,48.78227533811249
2025010515_1086_46095_13,73.14064114900577,49.29211467448331
2025010515_1086_46095_2,73.58161751268457,42.67641790257613
2025010515_1086_46095_3,73.70464472398818,43.238906516925496
2025010515_1086_46095_4,73.77602084968557,43.8340485306666
2025010515_1086_46095_5,73.81874420946072,44.40244189968604
2025010515_1086_46095_6,73.82729720636657,45.02994979834289
2025010515_1086_46095_7,73.8007354021738,45.6830296392919
2025010515_1086_46095_8,73.75903860239244,46.346020245284
2025010515_1086_46095_9,73.67414814634186,46.95872689612645
2025010515_1086_52991_1,74.90388591000757,41.13540587937725
2025010515_1086_52991_10,75.62337146059696,46.08068251407466
2025010515_1086_52991_11,75.49863300424332,46.782312805067
2025010515_1086_52991_12,75.3203900410265,47.4322098948293
2025010515_1086_52991_13,75.13447147888313,48.06261071258475
2025010515_1086_52991_2,75.23032255445358,41.55592167717307
2025010515_1086_52991_3,75.51004524584594,42.02681905308385
2025010515_1086_52991_4,75.71803856264361,42.484881427750665
2025010515_1086_52991_5,75.88598636896621,42.984445287389605
2025010515_1086_52991_6,75.92919759269276,43.52168900211728
2025010515_1086_52991_7,75.89954805471501,44.16963373938767
2025010515_1086_52991_8,75.82541654330133,44.86841952223057
2025010515_1086_52991_9,75.74997393132573,45.49817171150249
2025010515_1086_54468_1,78.48810672996015,45.008382990876605
2025010515_1086_54468_10,83.41850104400507,47.91937395013553
2025010515_1086_54468_11,83.91427400953212,48.19797106537975
2025010515_1086_54468_12,84.34517480455875,48.39923933852384
2025010515_1086_54468_13,84.66287479477467,48.64063827912143
2025010515_1086_54468_2,78.99101334396171,45.29214176665264
2025010515_1086_54468_3,79.53094735414285,45.578636078382985
2025010515_1086_54468_4,80.09116906383053,45.923781492310574
2025010515_1086_54468_5,80.64062554004065,46.249881025479546
2025010515_1086_54468_6,81.21468704000536,46.5693387731306
2025010515_1086_54468_7,81.81179153417713,46.93671955801023
2025010515_1086_54468_8,82.46449195285736,47.21978849382994
2025010515_1086_54468_9,82.99367151962828,47.591039021970005
2025010515_1215_43366_1,68.79385272992175,13.528589154677563
2025010515_1215_43366_10,65.91332081880054,9.44364793895545
2025010515_1215_43366_11,65.54629670893554,8.94597533006191
2025010515_1215_43366_12,65.05964265631408,8.501271318809703
2025010515_1215_43366_13,64.65499017239458,8.055261650588971
2025010515_1215_43366_14,64.1862668209476,7.632216390469183
2025010515_1215_43366_15,63.77741726207969,7.20760887229784
2025010515_1215_43366_16,63.1982047458252,6.769233204198758
2025010515_1215_43366_17,62.61617965201086,6.430083001741021
2025010515_1215_43366_18,62.0823621479368,6.102872976306943
2025010515_1215_43366_19,61.39217452879643,5.794555655561196
2025010515_1215_43366_2,68.53593152703104,13.157188394893277
2025010515_1215_43366_20,60.86789849547134,5.512944950382503
2025010515_1215_43366_21,60.30993519524959,5.1963362293019735
2025010515_1215_43366_22,59.66877364430268,4.883014498521014
2025010515_1215_43366_23,59.14512244535437,4.542887607630469
2025010515_1215_43366_24,58.43799718441668,4.228742328297104
2025010515_1215_43366_3,68.2551913592907,12.778595137579396
2025010515_1215_43366_4,67.98284647407642,12.346541111816842
2025010515_1215_43366_5,67.74322029675129,11.853376228706448
2025010515_1215_43366_6,67.46761330937281,11.368343370041469
2025010515_1215_43366_7,67.10866072961065,11.002851451858357
2025010515_1215_43366_8,66.76380386791158,10.46646733593429
2025010515_1215_43366_9,66.4175325578224,9.92568097802724
2025010515_1215_47849_1,69.57667689435698,13.202417494239205
2025010515_1215_47849_10,66.91766979072932,8.543456735740197
2025010515_1215_47849_11,66.68791577520264,8.00098795272396
2025010515_1215_47849_12,66.45158947744955,7.486822422190884
2025010515_1215_47849_13,66.26322966184804,6.985076162254673
2025010515_1215_47849_14,66.03429768512076,6.498363121790646
2025010515_1215_47849_15,65.66206976369864,6.1151409743380265
2025010515_1215_47849_16,65.27547973891858,5.798727903783395
2025010515_1215_47849_17,64.97467071174114,5.509060409660769
2025010515_1215_47849_18,64.67111322822058,5.136070913931491
2025010515_1215_47849_19,64.24483954324032,4.77111205988342
2025010515_1215_47849_2,69.17709213290271,12.76425426728227
2025010515_1215_47849_20,63.67828969627739,4.512040467875877
2025010515_1215_47849_21,63.22117587554031,4.111848199797901
2025010515_1215_47849_22,62.86550420559634,3.7751748532300144
2025010515_1215_47849_23,62.32889785052898,3.483757176237761
2025010515_1215_47849_24,61.81517801298149,3.2782717492301305
2025010515_1215_47849_3,68.8055561086862,12.245280411729668
2025010515_1215_47849_4,68.46877919455166,11.707233669947708
2025010515_1215_47849_5,68.19689777748722,11.170624400309858
2025010515_1215_47849_6,67.83981044397284,10.647349152895012
2025010515_1215_47849_7,67.57597032115785,10.13699710199089
2025010515_1215_47849_8,67.35258759883136,9.550730957651238
2025010515_1215_47849_9,67.19393716945157,8.993851975665004
2025010515_1215_55081_1,61.65804930112392,26.45110976340713
2025010515_1215_55081_10,58.97128992801277,21.24068518689561
2025010515_1215_55081_11,58.68803197486266,20.57470525244669
2025010515_1215_55081_12,58.49253459124786,19.86814461935218
2025010515_1215_55081_13,58.1879433636188,19.17685068619532
2025010515_1215_55081_14,57.827346102536815,18.3561579677204
2025010515_1215_55081_15,57.4422638406427,17.573876932729853
2025010515_1215_55081_16,56.95016617748736,16.771281137542076
2025010515_1215_55081_17,56.595543647564405,16.135722373359485
2025010515_1215_55081_18,56.31971225027244,15.216199681310322
2025010515_1215_55081_19,56.027761896090986,14.533839440811024
2025010515_1215_55081_2,61.3629570789516,25.99956524836886
2025010515_1215_55081_20,55.61974598973501,13.821030283958772
2025010515_1215_55081_21,55.26068362221615,13.157971207203316
2025010515_1215_55081_22,55.13198044883619,12.4398083726118
2025010515_1215_55081_23,54.9053096270286,11.708705097518337
2025010515_1215_55081_24,54.58009950857111,11.096388648361808
2025010515_1215_55081_3,61.00587489197651,25.433011322202457
2025010515_1215_55081_4,60.70035677733106,24.912316616912257
2025010515_1215_55081_5,60.42465142932328,24.36129424419135
2025010515_1215_55081_6,60.070953112151706,23.77682963874054
2025010515_1215_55081_7,59.79403873497353,23.23748131596218
2025010515_1215_55081_8,59.57719243300176,22.581521063584034
2025010515_1215_55081_9,59.261779146327065,21.90766452447379
2025010515_1215_57267_1,73.24951332522514,7.810723922952047
2025010515_1215_57267_10,74.77674639105246,5.615387431147441
2025010515_1215_57267_11,74.78775146815623,5.425048623761336
2025010515_1215_57267_12,74.75959999438942,5.24436465856904
2025010515_1215_57267_13,74.7076663224959,5.021873087227353
2025010515_1215_57267_14,74.58798488302952,4.867091943191964
2025010515_1215_57267_15,74.32271006995688,4.747590662653206
2025010515_1215_57267_16,73.80193582350195,4.60602174545979
2025010515_1215_57267_17,73.58024307426061,4.531226186346055
2025010515_1215_57267_18,73.284618057927,4.429415216507011
2025010515_1215_57267_19,72.84998359511546,4.29661919352356
2025010515_1215_57267_2,73.4023819629091,7.597547581009517
2025010515_1215_57267_20,72.68228777368873,4.1838215966408505
2025010515_1215_57267_21,72.4155145930002,4.046586345813273
2025010515_1215_57267_22,72.1678424332232,3.855410705582067
2025010515_1215_57267_23,71.86862087577671,3.645907210217034
2025010515_1215_57267_24,71.71075026065515,3.4877541827025667
2025010515_1215_57267_3,73.62009434508198,7.404806806720218
2025010515_1215_57267_4,73.89669388207689,7.148072064343398
2025010515_1215_57267_5,74.15560284236419,6.890838951145254
2025010515_1215_57267_6,74.3847672878799,6.633797677692822
2025010515_1215_57267_7,74.52319546300787,6.442971998260863
2025010515_1215_57267_8,74.57422881880417,6.143703363151737
2025010515_1215_57267_9,74.73036485515878,5.899313647428102
2025010515_1304_47788_1,28.99658852041189,21.75349389164855
2025010515_1304_47788_10,26.845278018228004,17.545862171505703
2025010515_1304_47788_11,26.552061462570347,17.20462270639465
2025010515_1304_47788_12,26.18677540720308,16.769954048163918
2025010515_1304_47788_2,28.874472970826663,21.39501961718015
2025010515_1304_47788_3,28.692177125360548,20.99268852693131
2025010515_1304_47788_4,28.469453744267216,20.48903769020461
2025010515_1304_47788_5,28.212810270562088,19.995710253467493
2025010515_1304_47788_6,27.92019356738303,19.510738017527395
2025010515_1304_47788_7,27.61473972731644,19.01709659763117
2025010515_1304_47788_8,27.3668035581446,18.565121392990772
2025010515_1304_47788_9,27.078953890493043,18.01690440379123
2025010515_1304_56012_1,21.352233843990973,14.994591565810564
2025010515_1304_56012_10,22.92957694629219,16.746372212276057
2025010515_1304_56012_11,23.087041419859982,17.073109540283394
2025010515_1304_56012_12,23.268517126729243,17.378593758566975
2025010515_1304_56012_2,21.53005520924428,15.045494484530634
2025010515_1304_56012_3,21.6862188297226,15.175282527888658
2025010515_1304_56012_4,21.870953680918465,15.338390374292713
2025010515_1304_56012_5,22.033343119074654,15.51855820700652
2025010515_1304_56012_6,22.225568981580825,15.716028995197735
2025010515_1304_56012_7,22.39698410270407,15.93994570688358
2025010515_1304_56012_8,22.57399746491924,16.226565081590298
2025010515_1304_56012_9,22.7466254433902,16.49296026181008
2025010515_1329_52991_1,27.92461593911441,34.45016680253479
2025010515_1329_52991_2,27.974728860023635,34.68226536102976
2025010515_1329_52991_3,27.972586625257307,35.03025158803482
2025010515_1329_52991_4,27.94618590740408,35.415785389814346
2025010515_1329_52991_5,27.91082563113552,35.83501312500189
2025010515_1329_52991_6,27.85982237343501,36.25071769510708
2025010515_1329_52991_7,27.777734914012523,36.716513785834685
2025010515_1329_52991_8,27.665200411047977,37.20277565942195
2025010515_1329_53074_1,26.62067161818876,34.83038157998463
2025010515_1329_53074_2,26.580195129835666,35.09289264691359
2025010515_1329_53074_3,26.51336625644746,35.4614300757507
2025010515_1329_53074_4,26.427682755946478,35.8603538641845
2025010515_1329_53074_5,26.31994922984196,36.30359245466553
2025010515_1329_53074_6,26.18431713905875,36.71606969737719
2025010515_1329_53074_7,26.07608544697362,37.18123328335944
2025010515_1329_53074_8,25.93079039797797,37.60966867628672
2025010515_1392_54509_1,84.85646986879178,46.88289810916306
2025010515_1392_54509_10,82.04741142320489,50.46690167345713
2025010515_1392_54509_11,81.70045995516337,50.74695071186106
2025010515_1392_54509_12,81.45439883549045,50.8996508696748
2025010515_1392_54509_2,84.55150500617768,47.3766975867237
2025010515_1392_54509_3,84.22473095949132,47.88457666922252
2025010515_1392_54509_4,83.91896199496438,48.32777369058964
2025010515_1392_54509_5,83.60997549253437,48.78871470909043
2025010515_1392_54509_6,83.2611848730277,49.17876915148303
2025010515_1392_54509_7,82.86367854693626,49.58503684491016
2025010515_1392_54509_8,82.60187530994016,49.885638069826165
2025010515_1392_54509_9,82.37766931520436,50.159521556204766
2025010515_1392_55081_1,78.34273663342015,46.54733333709013
2025010515_1392_55081_10,77.48826874215983,49.61718468923723
2025010515_1392_55081_11,77.56628856147319,49.78662798631448
2025010515_1392_55081_12,77.68568067248754,49.87758689990357
2025010515_1392_55081_2,78.14836237308488,47.02439446741134
2025010515_1392_55081_3,77.96316407038083,47.487600148752655
2025010515_1392_55081_4,77.81434553048283,47.907293981936434
2025010515_1392_55081_5,77.67029704459598,48.31579267831475
2025010515_1392_55081_6,77.53076128645496,48.65767330263778
2025010515_1392_55081_7,77.44872644082373,48.98573210217637
2025010515_1392_55081_8,77.43968639021054,49.20796141192086
2025010515_1392_55081_9,77.46219241448912,49.41240481597109
2025010515_1429_44872_1,71.49833367761036,39.79906526742027
2025010515_1429_44872_2,71.59201416814452,39.755601029653306
2025010515_1429_44872_3,71.79212759395769,39.71045307560509
2025010515_1429_44872_4,72.036595755038,39.6564474137563
2025010515_1429_44872_5,72.33559671337208,39.5905657031373
2025010515_1429_44872_6,72.69652462683202,39.546881534025246
2025010515_1429_44872_7,73.11798564031008,39.47497068289696
2025010515_1429_56070_1,75.50269908063473,39.1572425418884
2025010515_1429_56070_2,75.34359146540075,39.15582806020487
2025010515_1429_56070_3,75.22647678158505,39.13940350959144
2025010515_1429_56070_4,75.1356025266274,39.10835012341092
2025010515_1429_56070_5,75.02297472922795,39.07509366398769
2025010515_1429_56070_6,74.94926517757742,39.03118552485158
2025010515_1429_56070_7,74.88552655633012,38.97602003418606
2025010515_1429_57372_1,77.4968063689908,39.9688599621476
2025010515_1429_57372_2,77.25382624686756,40.348053797299485
2025010515_1429_57372_3,76.99600048573691,40.79047012693931
2025010515_1429_57372_4,76.71766320541442,41.18056142111315
2025010515_1429_57372_5,76.41788119244464,41.665230854368566
2025010515_1429_57372_6,76.09496519201936,42.10498218966183
2025010515_1429_57372_7,75.86344621548457,42.48320176869862
2025010515_1478_39989_1,66.98534497320797,21.98398247957869
2025010515_1478_39989_10,65.21593047224478,26.210303861171973
2025010515_1478_39989_2,66.6804455197707,22.36524045265421
2025010515_1478_39989_3,66.40617871596507,22.877821883025295
2025010515_1478_39989_4,66.17175453146328,23.3783610512626
2025010515_1478_39989_5,65.96418653132879,23.85246819035132
2025010515_1478_39989_6,65.76849222508926,24.32602770046475
2025010515_1478_39989_7,65.50633366765832,24.90116663712812
2025010515_1478_39989_8,65.37700855762242,25.3303198328614
2025010515_1478_39989_9,65.30489493395302,25.78054467653158
2025010515_1478_43366_1,59.60144372553536,19.30435629621252
2025010515_1478_43366_10,59.86307638078847,23.042119475071228
2025010515_1478_43366_2,59.43920714886986,19.53024970545473
2025010515_1478_43366_3,59.31282869316349,19.866305057051218
2025010515_1478_43366_4,59.258517920648615,20.24322221173297
2025010515_1478_43366_5,59.26294862512668,20.65710826361824
2025010515_1478_43366_6,59.33928516138636,21.08938570796594
2025010515_1478_43366_7,59.42817825933535,21.594596892728298
2025010515_1478_43366_8,59.53019257499543,22.08771769359842
2025010515_1478_43366_9,59.6412043068594,22.588497332355463
2025010515_1478_48555_1,74.15750559033648,29.40216951256237
2025010515_1478_48555_10,73.39364668981085,25.651566347519555
2025010515_1478_48555_2,74.13729727605107,29.110476297736884
2025010515_1478_48555_3,74.10766044148025,28.75406574226399
2025010515_1478_48555_4,74.0750740881382,28.326911714248396
2025010515_1478_48555_5,74.01131837042662,27.86688706235184
2025010515_1478_48555_6,73.92494298605776,27.426611973160416
2025010515_1478_48555_7,73.83187481969708,26.898473720746537
2025010515_1478_48555_8,73.72249274664593,26.482621923558483
2025010515_1478_48555_9,73.57293258170047,26.03001632806724
2025010515_1478_54500_1,71.02752074518831,19.464201368189947
2025010515_1478_54500_10,71.02080478890001,19.6678707668285
2025010515_1478_54500_2,71.01969154776152,19.375297959771306
2025010515_1478_54500_3,71.03210773851724,19.28428101639145
2025010515_1478_54500_4,71.05194524777613,19.24028343026726
2025010515_1478_54500_5,71.06367059654164,19.226747075683527
2025010515_1478_54500_6,71.05825750610099,19.211586828212397
2025010515_1478_54500_7,71.04925532437025,19.21683813448041
2025010515_1478_54500_8,71.04670067584618,19.252242938029852
2025010515_1478_54500_9,71.03659802047967,19.42244486533628
2025010515_1478_55081_1,62.8128828688493,32.72309888595314
2025010515_1478_55081_10,63.90258594569612,28.37470686712024
2025010515_1478_55081_2,62.79902257845725,32.364410451091885
2025010515_1478_55081_3,62.851359705515655,31.96194167951212
2025010515_1478_55081_4,62.91188485635267,31.491359603605773
2025010515_1478_55081_5,63.0194351524602,30.989094127267837
2025010515_1478_55081_6,63.11936925619064,30.500171549191023
2025010515_1478_55081_7,63.27838601528369,29.9738627489832
2025010515_1478_55081_8,63.46217106258778,29.4819457900284
2025010515_1478_55081_9,63.69316688626683,28.940702455616016
2025010515_1503_39989_1,45.099340932918224,29.821773722331947
2025010515_1503_39989_10,44.403313853529376,24.93387506763864
2025010515_1503_39989_2,44.910263087344745,29.30289011505296
2025010515_1503_39989_3,44.73469914167276,28.755428066464088
2025010515_1503_39989_4,44.62223287458316,28.18711046264344
2025010515_1503_39989_5,44.54334836573217,27.680931710255845
2025010515_1503_39989_6,44.46283548299853,27.132732379684946
2025010515_1503_39989_7,44.455554209947614,26.53948908144849
2025010515_1503_39989_8,44.43661693147063,26.021608761427224
2025010515_1503_39989_9,44.39553331323359,25.48946020458999
2025010515_1503_43366_1,39.888199919461385,28.70254436788645
2025010515_1503_43366_10,41.659917743053,25.366113376098674
2025010515_1503_43366_2,39.91801076390152,28.50705170088093
2025010515_1503_43366_3,40.01289834347843,28.20307859975589
2025010515_1503_43366_4,40.143665869297735,27.866785547260363
2025010515_1503_43366_5,40.32876695494364,27.50251973332549
2025010515_1503_43366_6,40.51917952864264,27.093746983621187
2025010515_1503_43366_7,40.74181273387833,26.630954481000863
2025010515_1503_43366_8,41.00690829560569,26.2114870696089
2025010515_1503_43366_9,41.35107958350862,25.79569705510346
2025010515_1503_46142_1,56.235032561903424,27.70619668452826
2025010515_1503_46142_10,57.56954975363978,29.38146710346317
2025010515_1503_46142_2,56.44066057640309,27.85173834494062
2025010515_1503_46142_3,56.68201963145254,28.045106533925637
2025010515_1503_46142_4,56.93906887092082,28.250059765179387
2025010515_1503_46142_5,57.16933699838419,28.472736859585236
2025010515_1503_46142_6,57.35773142086392,28.733806684830316
2025010515_1503_46142_7,57.486370576244525,28.91748325813013
2025010515_1503_46142_8,57.56225254886774,29.04410327733975
2025010515_1503_46142_9,57.63077872526065,29.24120111128364
2025010515_1503_48555_1,54.05677241269896,24.182002576209715
2025010515_1503_48555_10,51.38724340970422,26.239076494157576
2025010515_1503_48555_2,53.88382926587335,24.537163619179864
2025010515_1503_48555_3,53.67527049610417,24.893516335302003
2025010515_1503_48555_4,53.40471745101821,25.18582897020088
2025010515_1503_48555_5,53.16405626719098,25.475772574345758
2025010515_1503_48555_6,52.87069071015877,25.70256026577268
2025010515_1503_48555_7,52.46562410619052,25.931537327366858
2025010515_1503_48555_8,52.10412815039842,26.058832359235865
2025010515_1503_48555_9,51.75881114174449,26.160941574788733
2025010515_1573_47788_1,46.655062850193936,41.20229275164207
2025010515_1573_47788_2,46.69074736118434,41.15567166481711
2025010515_1573_47788_3,46.71246279271582,41.02529816424276
2025010515_1573_47788_4,46.73279549075206,40.85476744215711
2025010515_1573_47788_5,46.74097158901883,40.62872810137308
2025010515_1573_47788_6,46.71853193606107,40.33925556687719
2025010515_1573_47788_7,46.71393241706823,40.041488320047485
2025010515_1573_48268_1,46.21481856563468,34.5911432712638
2025010515_1573_48268_2,46.170285979567225,34.71948166995563
2025010515_1573_48268_3,46.11463127545264,34.857783705479925
2025010515_1573_48268_4,46.02570315260785,34.97348931418107
2025010515_1573_48268_5,45.93232668587987,35.087370258659554
2025010515_1573_48268_6,45.82858897233967,35.18038856549435
2025010515_1573_48268_7,45.6539494068763,35.287712658554724
2025010515_1573_56012_1,44.667636241205976,40.93663019186684
2025010515_1573_56012_2,44.60396567468981,40.448696950149646
2025010515_1573_56012_3,44.52654066027033,39.91008591654314
2025010515_1573_56012_4,44.414185809080415,39.33103599257814
2025010515_1573_56012_5,44.30482149058661,38.81390227706329
2025010515_1573_56012_6,44.19473401684094,38.26131521017637
2025010515_1573_56012_7,44.05922330045865,37.68114429676888
2025010515_161_46206_1,73.5702438383403,34.15091755567704
2025010515_161_46206_10,75.42803219018565,40.05897775754942
2025010515_161_46206_2,73.89086655998524,34.77588898915173
2025010515_161_46206_3,74.20500618804921,35.43406326340728
2025010515_161_46206_4,74.46342718592564,36.08828797441941
2025010515_161_46206_5,74.70280169586447,36.75485981540828
2025010515_161_46206_6,74.9254814937586,37.47119013940337
2025010515_161_46206_7,75.08765930541315,38.16854822942959
2025010515_161_46206_8,75.24690233834335,38.8556567711701
2025010515_161_46206_9,75.3303931057833,39.433590783058165
2025010515_161_54500_1,70.7256360401508,30.40324168913865
2025010515_161_54500_10,74.26173174858414,36.09465045171016
2025010515_161_54500_2,71.11969559888239,30.94106681556362
2025010515_161_54500_3,71.53672233458073,31.49964089307553
2025010515_161_54500_4,71.92529416301039,32.13193542474004
2025010515_161_54500_5,72.32210929367474,32.72789001784417
2025010515_161_54500_6,72.71818448778949,33.42443066706178
2025010515_161_54500_7,73.10988504150603,34.067445418626626
2025010515_161_54500_8,73.50707293172528,34.76776459149374
2025010515_161_54500_9,73.92795652047538,35.44633448289238
2025010515_161_55137_1,68.13144053118175,38.16987682342489
2025010515_161_55137_10,68.37954911941536,44.050809687696606
2025010515_161_55137_2,68.1601031142804,38.83552978524637
2025010515_161_55137_3,68.15707881313101,39.54288683313955
2025010515_161_55137_4,68.15503251061367,40.259677809447965
2025010515_161_55137_5,68.17759743618292,40.99467783265469
2025010515_161_55137_6,68.20666317981016,41.67610870585594
2025010515_161_55137_7,68.25318420839962,42.32101698647244
2025010515_161_55137_8,68.26869335988145,42.99667721832936
2025010515_161_55137_9,68.30971824560493,43.49327003193431
2025010515_1728_46095_1,75.7185700990311,17.84774922618547
2025010515_1728_46095_10,75.41177106302618,23.60000925717217
2025010515_1728_46095_11,75.31000510653581,24.193744447634263
2025010515_1728_46095_2,75.80285893367702,18.47769276824372
2025010515_1728_46095_3,75.83427569510567,19.13081829229884
2025010515_1728_46095_4,75.83591758925286,19.786657076403973
2025010515_1728_46095_5,75.81670357692236,20.45493713202244
2025010515_1728_46095_6,75.80370292166796,21.14992126861567
2025010515_1728_46095_7,75.73343788423084,21.802223906809918
2025010515_1728_46095_8,75.65001791908328,22.443251140326
2025010515_1728_46095_9,75.55203704470952,22.9875651522212
2025010515_1728_47788_1,68.10979057646783,27.17391414040969
2025010515_1728_47788_10,69.50000376263337,32.07592933742123
2025010515_1728_47788_11,69.62390213688964,32.51929028418712
2025010515_1728_47788_2,68.31060624944385,27.772870623697244
2025010515_1728_47788_3,68.48575181090793,28.36904766707958
2025010515_1728_47788_4,68.64182744038675,28.956934230044983
2025010515_1728_47788_5,68.81006017532965,29.563890577964077
2025010515_1728_47788_6,69.00403032144973,30.12595467080405
2025010515_1728_47788_7,69.13986826726692,30.63948176998313
2025010515_1728_47788_8,69.29562154913967,31.17989522420269
2025010515_1728_47788_9,69.38586118365501,31.61351979309496
2025010515_1728_48000_1,77.74534766723868,15.862357627653475
2025010515_1728_48000_10,76.85044344765724,22.195952564070524
2025010515_1728_48000_11,76.6069269465045,22.89766250789352
2025010515_1728_48000_2,77.85714726904243,16.50068148700239
2025010515_1728_48000_3,77.88617768145514,17.17184972952692
2025010515_1728_48000_4,77.88312425242161,17.863833223049653
2025010515_1728_48000_5,77.80747926302628,18.574515637364986
2025010515_1728_48000_6,77.72380322591522,19.310783571621734
2025010515_1728_48000_7,77.55932440640164,20.020334288929376
2025010515_1728_48000_8,77.31319850166823,20.75387142606672
2025010515_1728_48000_9,77.09637908739414,21.506452497126062
2025010515_1728_48268_1,62.19306150478206,23.545223039508347
2025010515_1728_48268_10,62.96954526506872,25.6056818175649
2025010515_1728_48268_11,63.17616738602213,25.71664439953782
2025010515_1728_48268_2,62.19288754094978,23.76685743586352
2025010515_1728_48268_3,62.214302425870926,24.017651140812937
2025010515_1728_48268_4,62.26349737079765,24.26646786433493
2025010515_1728_48268_5,62.31761357338189,24.570608705784693
2025010515_1728_48268_6,62.40889863218658,24.865139940210558
2025010515_1728_48268_7,62.47179878259762,25.04283424009402
2025010515_1728_48268_8,62.615655718982,25.17432310700514
2025010515_1728_48268_9,62.79463599755032,25.392322369776345
2025010515_1728_57199_1,82.5176431714469,25.65771405729856
2025010515_1728_57199_10,78.97935946307254,24.936201955729924
2025010515_1728_57199_11,78.49177613192265,24.86498452997501
2025010515_1728_57199_2,82.36402188633349,25.627620606995627
2025010515_1728_57199_3,82.08119480098848,25.600911952502656
2025010515_1728_57199_4,81.73617618133775,25.545400517688545
2025010515_1728_57199_5,81.28475617775672,25.510182872691598
2025010515_1728_57199_6,80.84087008221803,25.44814114764618
2025010515_1728_57199_7,80.3373269561813,25.400655820333697
2025010515_1728_57199_8,79.8848067186915,25.29706089764764
2025010515_1728_57199_9,79.44245675644011,25.03780467178991
2025010515_1957_46142_1,49.7204570841046,37.13638445502003
2025010515_1957_46142_2,49.738177030650725,37.043647629657904
2025010515_1957_46142_3,49.77308587062635,36.88656857313456
2025010515_1957_46142_4,49.82550670176997,36.650257905813625
2025010515_1957_46142_5,49.871204243206414,36.38738456053308
2025010515_1957_46142_6,49.94618148419324,36.14348055356922
2025010515_1957_46206_1,51.871403679071925,35.95815942073734
2025010515_1957_46206_2,51.56798596495037,35.886822959680444
2025010515_1957_46206_3,51.32311781501338,35.79895287691367
2025010515_1957_46206_4,51.118928292711246,35.70649700782156
2025010515_1957_46206_5,50.88928267127469,35.5934287236208
2025010515_1957_46206_6,50.67946258532731,35.45777127853787
2025010515_1957_55081_1,44.5717233267689,32.57206065955333
2025010515_1957_55081_2,44.45044677483606,32.381430232758895
2025010515_1957_55081_3,44.24273419297644,32.195936029803065
2025010515_1957_55081_4,44.02264013123687,32.01678452406101
2025010515_1957_55081_5,43.78659558428774,31.852399096558837
2025010515_1957_55081_6,43.58991259096918,31.67499745569457
2025010515_2065_43366_1,15.032785922982493,22.04558037693336
2025010515_2065_43366_2,15.144513238402803,21.764071595312497
2025010515_2065_43366_3,15.278353329356571,21.43002712702116
2025010515_2065_43366_4,15.461422097696731,21.08859812248148
2025010515_2065_43366_5,15.66928429597164,20.66705358644564
2025010515_2065_43366_6,15.925031878780745,20.243168043426277
2025010515_2065_43366_7,16.23502690316707,19.953314988847502
2025010515_2065_46206_1,19.956219811743143,22.517669701392965
2025010515_2065_46206_2,19.7260686683848,22.1462469171653
2025010515_2065_46206_3,19.531194504269063,21.69605263599979
2025010515_2065_46206_4,19.414549494456352,21.23094919016822
2025010515_2065_46206_5,19.28724510818868,20.72962988119124
2025010515_2065_46206_6,19.20917183145311,20.217541345381026
2025010515_2065_46206_7,19.195159674946154,19.71722309250211
2025010515_2065_48555_1,20.934546807503757,26.45499812307012
2025010515_2065_48555_2,20.830633552728624,26.240904453625483
2025010515_2065_48555_3,20.69093908791528,26.01476710093986
2025010515_2065_48555_4,20.50886509554909,25.75768386486986
2025010515_2065_48555_5,20.333464964812933,25.482096453340294
2025010515_2065_48555_6,20.166569355984155,25.189519524628384
2025010515_2065_48555_7,20.003464513862536,24.88721639634877
2025010515_2065_54500_1,20.055959371415938,16.487889499984842
2025010515_2065_54500_2,19.876381187336325,16.306000052528887
2025010515_2065_54500_3,19.694282009900704,16.080982835142876
2025010515_2065_54500_4,19.53949195426545,15.855599164185454
2025010515_2065_54500_5,19.35654076260601,15.550747377469586
2025010515_2065_54500_6,19.22717755339835,15.292487595072004
2025010515_2065_54500_7,19.1481346561911,15.09777173916627
2025010515_208_44860_1,75.38872860579238,42.30622338648847
2025010515_208_44860_2,75.50872762867716,42.73219399478086
2025010515_208_44860_3,75.64510994637558,43.2082831717234
2025010515_208_44860_4,75.80710884513063,43.60016983116581
2025010515_208_44860_5,75.96714508422765,44.01842527896259
2025010515_208_44860_6,76.20624848688196,44.35709071120726
2025010515_208_44860_7,76.47060481979145,44.70980459879553
2025010515_208_44860_8,76.7176723927761,45.00447652299884
2025010515_2090_43366_1,8.797118923015665,15.755351964439589
2025010515_2090_43366_2,8.794569693074662,15.977911011353164
2025010515_2090_43366_3,8.783312634106977,16.258442751247365
2025010515_2090_43366_4,8.784929271147863,16.505101431021732
2025010515_2090_43366_5,8.776958824986293,16.807485726039566
2025010515_2090_43366_6,8.787196870458557,17.11340467367199
2025010515_2090_43366_7,8.77658795177956,17.310523672948193
2025010515_2090_43366_8,8.785759166171559,17.42993478616563
2025010515_2090_43366_9,8.817754436794544,17.53547868108032
2025010515_2090_46142_1,12.002381854133466,20.19637041721054
2025010515_2090_46142_2,11.957387891262288,20.087159733651543
2025010515_2090_46142_3,11.909053999707416,19.93473527238346
2025010515_2090_46142_4,11.842337335392797,19.76947010787095
2025010515_2090_46142_5,11.774412103172413,19.57817592601977
2025010515_2090_46142_6,11.705436434533205,19.30738175206287
2025010515_2090_46142_7,11.591859963968972,19.03926578274411
2025010515_2090_46142_8,11.534369799470367,18.778620980354894
2025010515_2090_46142_9,11.441656563914034,18.352646036122508
2025010515_2090_47849_1,13.50940146056366,9.125236442065807
2025010515_2090_47849_2,13.242157799973404,9.303585166331986
2025010515_2090_47849_3,12.978542618382178,9.588267047849632
2025010515_2090_47849_4,12.717440117828918,9.889362395707568
2025010515_2090_47849_5,12.43913631709052,10.204061092106407
2025010515_2090_47849_6,12.161630280160468,10.562604316276328
2025010515_2090_47849_7,11.923779678507444,10.88470070184762
2025010515_2090_47849_8,11.771084585718006,11.20004884368516
2025010515_2090_47849_9,11.59038093413473,11.49140037205433
2025010515_2090_57267_1,12.51543201126501,9.058689422602985
2025010515_2090_57267_2,12.322857225503364,9.057880623878798
2025010515_2090_57267_3,12.122195054018828,9.076848615002932
2025010515_2090_57267_4,11.91004290469283,9.133132538662368
2025010515_2090_57267_5,11.659075724894596,9.207747991952845
2025010515_2090_57267_6,11.406251222809876,9.290965450794006
2025010515_2090_57267_7,11.219929554767946,9.410318144996175
2025010515_2090_57267_8,11.078501161993088,9.545745834763444
2025010515_2090_57267_9,10.898874724134927,9.734403167091154
2025010515_2257_47788_1,71.09780113248712,17.27628185140212
2025010515_2257_47788_2,71.06220738894993,17.150374906329855
2025010515_2257_47788_3,71.0543376342979,17.083355505735863
2025010515_2257_47788_4,71.08018487139371,17.065362970845257
2025010515_2257_47788_5,71.09510788797108,17.10006790852461
2025010515_2257_47788_6,71.14834587977975,17.214976666760602
2025010515_2257_47788_7,71.21184192057822,17.327755706955394
2025010515_2257_56012_1,73.40779641734426,22.08995392053321
2025010515_2257_56012_2,73.24861476507935,21.84704462426045
2025010515_2257_56012_3,73.10803001550043,21.57232376641652
2025010515_2257_56012_4,72.99946210348806,21.269300774982312
2025010515_2257_56012_5,72.86918184807783,20.920893035904378
2025010515_2257_56012_6,72.7728570872444,20.621645045606748
2025010515_2257_56012_7,72.69765657298258,20.274718945916604
2025010515_2257_56032_1,71.90490516876676,25.645121738052563
2025010515_2257_56032_2,71.91009486630188,25.348057580793498
2025010515_2257_56032_3,71.93606334479655,25.010819765591464
2025010515_2257_56032_4,71.99277858058191,24.604476624504485
2025010515_2257_56032_5,72.04855232775857,24.19141967714113
2025010515_2257_56032_6,72.10232304374195,23.774459514878583
2025010515_2257_56032_7,72.15645255301358,23.357257187602656
2025010515_2326_46122_1,55.79404370558224,34.82143953699078
2025010515_2326_46122_2,55.791862080122215,35.13985163027596
2025010515_2326_46122_3,55.814217672087466,35.48569098631119
2025010515_2326_46122_4,55.86740195703446,35.93691819552029
2025010515_2326_46122_5,55.93262485736905,36.391152233997005
2025010515_2326_46122_6,56.0269408605438,36.844645792231695
2025010515_2326_46122_7,56.11455465748687,37.31165068700145
2025010515_2326_46122_8,56.271510035306456,37.80164611926936
2025010515_2326_47788_1,60.48164216890586,38.951903518002574
2025010515_2326_47788_2,60.45831923006051,39.18266131874712
2025010515_2326_47788_3,60.48805762170165,39.35961482489164
2025010515_2326_47788_4,60.55525445365706,39.46885499864395
2025010515_2326_47788_5,60.64461858348763,39.57936003270023
2025010515_2326_47788_6,60.76224467187886,39.60152350122432
2025010515_2326_47788_7,60.92107827613909,39.667803738898826
2025010515_2326_47788_8,61.12812342026377,39.674791443276845
2025010515_2326_48000_1,55.66561354833929,42.600771746682064
2025010515_2326_48000_2,55.2277353340174,42.65773586495863
2025010515_2326_48000_3,54.767115579432144,42.709444865326496
2025010515_2326_48000_4,54.37839380737868,42.78579266893365
2025010515_2326_48000_5,54.00634178489124,42.88366007978425
2025010515_2326_48000_6,53.659942859729824,42.994534105997175
2025010515_2326_48000_7,53.33413515665216,43.11450484374016
2025010515_2326_48000_8,53.09485237024172,43.25229914334353
2025010515_2326_56012_1,63.99852298654957,39.22869528408035
2025010515_2326_56012_2,63.80999041981871,39.348493644978944
2025010515_2326_56012_3,63.64037743512467,39.45772832693493
2025010515_2326_56012_4,63.52145787881452,39.5246706184505
2025010515_2326_56012_5,63.37760714309197,39.58502458091555
2025010515_2326_56012_6,63.26548718615896,39.67694718714099
2025010515_2326_56012_7,63.1898024524968,39.7285498780594
2025010515_2326_56012_8,63.14908804062533,39.7804857297556
2025010515_2351_56012_1,61.80070226298564,15.949276377759452
2025010515_2351_56012_2,61.74995821877752,15.383057719449798
2025010515_2351_56012_3,61.73321944917668,14.781826996441502
2025010515_2351_56012_4,61.71405512845965,14.166160714665455
2025010515_2351_56012_5,61.70570784543898,13.583218205126569
2025010515_2351_56012_6,61.70996089635116,13.023663262948306
2025010515_2351_56012_7,61.69981778910928,12.399395611212416
2025010515_2351_56012_8,61.729232554545234,11.953382492229316
2025010515_2351_56012_9,61.77831740362163,11.583646297199104
2025010515_238_44872_1,90.22630830951827,47.32914115833672
2025010515_238_44872_10,94.83008290333044,49.95667783888357
2025010515_238_44872_11,95.37984511972373,50.22159757781591
2025010515_238_44872_12,95.92597808980013,50.421718615898406
2025010515_238_44872_13,96.45489801378407,50.60027702940108
2025010515_238_44872_14,96.8579393510207,50.79330665012231
2025010515_238_44872_15,97.32945868362076,51.0177177842767
2025010515_238_44872_16,97.88958304957386,51.18001150041174
2025010515_238_44872_2,90.64626471629111,47.6098200711708
2025010515_238_44872_3,91.14825408081236,47.8481643236414
2025010515_238_44872_4,91.64723592487144,48.204811788251085
2025010515_238_44872_5,92.1446648687263,48.49522533841254
2025010515_238_44872_6,92.68796398787232,48.75813015752293
2025010515_238_44872_7,93.243376841545,49.07073542936305
2025010515_238_44872_8,93.67609801567072,49.30002046214628
2025010515_238_44872_9,94.2597367665758,49.63779927690664
2025010515_238_53518_1,89.38408666704626,47.67167066845172
2025010515_238_53518_10,95.09946018770552,50.5988065370246
2025010515_238_53518_11,95.80001309500214,50.82786144621934
2025010515_238_53518_12,96.44921215393936,51.00527846545667
2025010515_238_53518_13,97.06126545531056,51.25963886541377
2025010515_238_53518_14,97.4907079477072,51.56780433405676
2025010515_238_53518_15,97.91482140925692,51.80217443091242
2025010515_238_53518_16,98.58584015351866,51.9653218017476
2025010515_238_53518_2,89.92751346615795,48.02958634445866
2025010515_238_53518_3,90.54049587234071,48.37884408176721
2025010515_238_53518_4,91.20968130898936,48.70156797525477
2025010515_238_53518_5,91.85636022368897,49.08049151942111
2025010515_238_53518_6,92.4462670288878,49.34942067592146
2025010515_238_53518_7,93.11763586819409,49.62444597534428
2025010515_238_53518_8,93.77989037369412,50.00559549794085
2025010515_238_53518_9,94.472524107761,50.31218281395314
2025010515_238_57362_1,89.41587015729753,33.91280763987138
2025010515_238_57362_10,90.47028008002854,38.89830831656776
2025010515_238_57362_11,90.57835595901808,39.55487234991513
2025010515_238_57362_12,90.70204429927134,40.18099834178573
2025010515_238_57362_13,90.85488008790364,40.76865628874615
2025010515_238_57362_14,91.02305914705124,41.30207275436567
2025010515_238_57362_15,91.29333767474904,41.888860881262346
2025010515_238_57362_16,91.66072629553813,42.36859938468768
2025010515_238_57362_2,89.5205179882378,34.3488498076208
2025010515_238_57362_3,89.62015143713512,34.854503442640656
2025010515_238_57362_4,89.74538876069806,35.36220912904615
2025010515_238_57362_5,89.86923745741511,35.88193531860141
2025010515_238_57362_6,89.9605032914171,36.436996764939565
2025010515_238_57362_7,90.10489153072164,37.00476091879907
2025010515_238_57362_8,90.24593165229118,37.72332970708638
2025010515_238_57362_9,90.3758232406169,38.3274565409164
2025010515_2564_43366_1,62.53823022215072,31.125434508252084
2025010515_2564_43366_10,67.9855310439539,32.708613277345975
2025010515_2564_43366_11,68.58581823344637,33.11895776206483
2025010515_2564_43366_12,69.07537528475675,33.5053766655621
2025010515_2564_43366_13,69.48936858632824,33.95114109114134
2025010515_2564_43366_14,69.81330385545004,34.43991292718893
2025010515_2564_43366_15,70.05417976472785,35.04911385993518
2025010515_2564_43366_2,63.12125357206873,31.126984862474963
2025010515_2564_43366_3,63.734118912053255,31.163377539723854
2025010515_2564_43366_4,64.33511300903865,31.239752799095744
2025010515_2564_43366_5,64.9568435612225,31.348454183743176
2025010515_2564_43366_6,65.52051303896235,31.508805335707645
2025010515_2564_43366_7,66.15528581454801,31.722730207909027
2025010515_2564_43366_8,66.7908564886568,31.9666407402282
2025010515_2564_43366_9,67.42040278062915,32.30873996169782
2025010515_2564_44872_1,56.43810402562421,34.71452308832537
2025010515_2564_44872_10,63.635377872611,35.47119857186246
2025010515_2564_44872_11,64.31872572483401,35.61630258551885
2025010515_2564_44872_12,65.01162115660932,35.764919259690004
2025010515_2564_44872_13,65.64907184444425,35.83883421799688
2025010515_2564_44872_14,66.27414165523153,35.99952847828272
2025010515_2564_44872_15,66.657792895869,36.18918381005591
2025010515_2564_44872_2,57.20923273435602,34.70998531873236
2025010515_2564_44872_3,57.99476990647017,34.72608722242557
2025010515_2564_44872_4,58.77217735527509,34.77915482962528
2025010515_2564_44872_5,59.61587088041313,34.85982530308976
2025010515_2564_44872_6,60.321685975488045,34.92491674295646
2025010515_2564_44872_7,61.10218372246111,35.02529249826416
2025010515_2564_44872_8,61.97280475480479,35.149410377227085
2025010515_2564_44872_9,62.78741863727621,35.32250554941078
2025010515_2564_46142_1,51.13456631260095,33.5979897362581
2025010515_2564_46142_10,54.88738796692148,39.49074221307848
2025010515_2564_46142_11,55.25041998437324,40.25897812036485
2025010515_2564_46142_12,55.60191126920455,40.94801460186143
2025010515_2564_46142_13,56.00609441875848,41.56620542866296
2025010515_2564_46142_14,56.23751624548616,42.12799457950912
2025010515_2564_46142_15,56.57056467121448,42.66520107224655
2025010515_2564_46142_2,51.55855051282969,34.11267798515383
2025010515_2564_46142_3,51.97071433865501,34.67820338329925
2025010515_2564_46142_4,52.37340407047554,35.31574858792019
2025010515_2564_46142_5,52.77957397457193,35.92753616325376
2025010515_2564_46142_6,53.19816413989327,36.64975090561114
2025010515_2564_46142_7,53.59592105058676,37.32548835880321
2025010515_2564_46142_8,54.02333380495537,38.05989956352052
2025010515_2564_46142_9,54.51855636636029,38.731567859868576
2025010515_2564_57244_1,52.770090507337535,34.041134465506666
2025010515_2564_57244_10,56.1569089279266,40.3508927815144
2025010515_2564_57244_11,56.43487285925215,40.95748962997187
2025010515_2564_57244_12,56.68008895059686,41.58694293417112
2025010515_2564_57244_13,56.894441242465554,42.20877015557678
2025010515_2564_57244_14,57.11191695615003,42.726429008207134
2025010515_2564_57244_15,57.40340319749986,43.14553906251725
2025010515_2564_57244_2,53.196051115536086,34.67098975193414
2025010515_2564_57244_3,53.5997947967988,35.355210852029586
2025010515_2564_57244_4,53.96701172604024,36.06568122374403
2025010515_2564_57244_5,54.34185430894967,36.774014403756745
2025010515_2564_57244_6,54.734913259622616,37.55819415753419
2025010515_2564_57244_7,55.10278989222431,38.27051810442773
2025010515_2564_57244_8,55.48211019025452,38.968591751417065
2025010515_2564_57244_9,55.84648926387223,39.687167926502354
2025010515_2592_44872_1,47.2905982525108,43.526164162853725
2025010515_2592_44872_2,47.4390875318367,43.62025590297696
2025010515_2592_44872_3,47.57528501640471,43.73887867195166
2025010515_2592_44872_4,47.74172539327871,43.84165184989067
2025010515_2592_44872_5,47.89055208194167,43.98173784092139
2025010515_2592_44872_6,48.00211446937698,44.11960047107012
2025010515_2592_44872_7,48.06250461366727,44.23094913311719
2025010515_2592_44872_8,48.08804180610208,44.30113169614691
2025010515_2592_45719_1,41.74980691795034,38.31698759741987
2025010515_2592_45719_2,42.217789970436506,38.34945084144853
2025010515_2592_45719_3,42.68185843945811,38.33124109966952
2025010515_2592_45719_4,43.22744046061103,38.29410788626991
2025010515_2592_45719_5,43.69584942452664,38.22562525731848
2025010515_2592_45719_6,44.222991588859465,38.09395091520543
2025010515_2592_45719_7,44.66176749176095,37.996966695616045
2025010515_2592_45719_8,45.06220820530384,37.854674086255024
2025010515_2617_43366_1,82.3944120578086,33.434869624976926
2025010515_2617_43366_10,83.74307970524026,35.61430865553284
2025010515_2617_43366_11,83.69956347022723,35.793877323609
2025010515_2617_43366_12,83.64051653117316,35.966775957269995
2025010515_2617_43366_2,82.7331409060214,33.58041958106252
2025010515_2617_43366_3,83.05682329628345,33.78630360824869
2025010515_2617_43366_4,83.32083494585575,33.990677027768925
2025010515_2617_43366_5,83.55564295157023,34.23313291385624
2025010515_2617_43366_6,83.7234320767397,34.52570920991331
2025010515_2617_43366_7,83.81562135599584,34.77912496796132
2025010515_2617_43366_8,83.80508025152781,35.05229865773173
2025010515_2617_43366_9,83.77342798210228,35.360869420358306
2025010515_2617_46142_1,65.64573595940352,32.82069863481741
2025010515_2617_46142_10,68.6279197161073,32.542720869362746
2025010515_2617_46142_11,69.01891072917297,32.57757165055518
2025010515_2617_46142_12,69.45663687874762,32.62407251997364
2025010515_2617_46142_2,65.84971354624346,32.7233216788256
2025010515_2617_46142_3,66.09639386384188,32.6188246477498
2025010515_2617_46142_4,66.40770003030315,32.54261121136314
2025010515_2617_46142_5,66.75504219196982,32.505519258175646
2025010515_2617_46142_6,67.10717102272447,32.423723957942094
2025010515_2617_46142_7,67.46330437552805,32.39859828007806
2025010515_2617_46142_8,67.85853077602525,32.3931693705345
2025010515_2617_46142_9,68.23472785563816,32.43763433039581
2025010515_2617_54500_1,73.16699193365672,27.627348938597844
2025010515_2617_54500_10,76.61863761873978,33.251705206186365
2025010515_2617_54500_11,76.69767246819265,33.94372252450705
2025010515_2617_54500_12,76.79543423276245,34.62710033744557
2025010515_2617_54500_2,73.7069160492506,28.11712254263737
2025010515_2617_54500_3,74.24218720335253,28.66562524668077
2025010515_2617_54500_4,74.71633963886548,29.22260698970146
2025010515_2617_54500_5,75.17205167211424,29.813122205850508
2025010515_2617_54500_6,75.53740384678632,30.43655577246659
2025010515_2617_54500_7,75.88363568615446,31.121855995238366
2025010515_2617_54500_8,76.20742822922907,31.86684041525396
2025010515_2617_54500_9,76.49270377796199,32.586942313413154
2025010515_2617_54509_1,73.24579745849204,28.680200272373
2025010515_2617_54509_10,76.67253177059898,33.6415667234538
2025010515_2617_54509_11,76.79252929023947,34.17188236304834
2025010515_2617_54509_12,76.9172008092581,34.74099319023695
2025010515_2617_54509_2,73.76490147882333,29.11518180201985
2025010515_2617_54509_3,74.2689217327783,29.630532113300323
2025010515_2617_54509_4,74.70511231175942,30.147227662215037
2025010515_2617_54509_5,75.14255386448838,30.66706854806104
2025010515_2617_54509_6,75.49126480979274,31.211069158125028
2025010515_2617_54509_7,75.8781073948123,31.82521110150733
2025010515_2617_54509_8,76.19434383387383,32.41147829401289
2025010515_2617_54509_9,76.50066528627276,33.06226246736328
2025010515_2686_48555_1,94.15396793771151,32.776231275279955
2025010515_2686_48555_2,94.09954851482745,32.86436375206545
2025010515_2686_48555_3,94.0396331282168,32.93624653389129
2025010515_2686_48555_4,93.96611092573444,32.94539702627175
2025010515_2686_48555_5,93.9045841442185,32.90494227512583
2025010515_2686_48555_6,93.8353885407806,32.8184321392398
2025010515_2686_48555_7,93.81726881926755,32.757576098500465
2025010515_2686_48555_8,93.80672611611156,32.66996321128428
2025010515_2686_48555_9,93.77442371247294,32.34883321508303
2025010515_2686_54500_1,102.4554372346552,20.998056194900645
2025010515_2686_54500_2,103.1789297813146,21.094959712650788
2025010515_2686_54500_3,103.96992535311502,21.19223920817155
2025010515_2686_54500_4,104.744069462301,21.277039467490635
2025010515_2686_54500_5,105.53022161129157,21.34843244800567
2025010515_2686_54500_6,106.20376990707284,21.405531102859744
2025010515_2686_54500_7,106.98937748819796,21.44246169127629
2025010515_2686_54500_8,107.85330752897691,21.44084624754678
2025010515_2686_54500_9,108.72425056417164,21.56192203609473
2025010515_2686_54509_1,93.12111548083666,17.893970259142854
2025010515_2686_54509_2,93.32200211514684,18.56459599596081
2025010515_2686_54509_3,93.55925006234648,19.261087307705974
2025010515_2686_54509_4,93.82780448644316,19.993466406564984
2025010515_2686_54509_5,94.09261061349828,20.73973875886048
2025010515_2686_54509_6,94.38699305284077,21.474577344522764
2025010515_2686_54509_7,94.63420111126857,22.171878492068792
2025010515_2686_54509_8,94.84814470559812,22.857784343217105
2025010515_2686_54509_9,95.02417530953986,23.43690166942224
2025010515_2686_57267_1,93.94434549349002,16.82571007870698
2025010515_2686_57267_2,94.10418654339396,17.48412272201151
2025010515_2686_57267_3,94.25062706239208,18.168323172779523
2025010515_2686_57267_4,94.40742187789805,18.869632884050432
2025010515_2686_57267_5,94.55291610114324,19.62383405350533
2025010515_2686_57267_6,94.68225466360936,20.3736285225181
2025010515_2686_57267_7,94.77557216684612,21.130535938307386
2025010515_2686_57267_8,94.86312944057896,21.873858416158747
2025010515_2686_57267_9,94.9256549897258,22.603478587167388
2025010515_2813_39989_1,111.39600907812398,15.492930754885652
2025010515_2813_39989_10,113.82878613272496,9.730618631474748
2025010515_2813_39989_11,114.02629999235492,9.000930679697557
2025010515_2813_39989_12,114.17911956066057,8.312042836549029
2025010515_2813_39989_13,114.40091161319458,7.698550655692394
2025010515_2813_39989_14,114.5870034628804,7.07472625601747
2025010515_2813_39989_15,114.82718860384036,6.298536993834253
2025010515_2813_39989_16,115.29531588919022,5.551322663919489
2025010515_2813_39989_17,115.64415366138957,4.98811915065081
2025010515_2813_39989_18,115.73928901691562,4.185530256410607
2025010515_2813_39989_19,115.8695552706904,3.4836286345573733
2025010515_2813_39989_2,111.73059098798872,14.93836814666064
2025010515_2813_39989_3,112.06129108692996,14.34274243544198
2025010515_2813_39989_4,112.33441674393416,13.7361020100727
2025010515_2813_39989_5,112.6029677007408,13.119697865604024
2025010515_2813_39989_6,112.82383265200754,12.4707013925963
2025010515_2813_39989_7,113.06520461481196,11.828005041208597
2025010515_2813_39989_8,113.32391983089634,11.117179576554925
2025010515_2813_39989_9,113.57144705525808,10.448668529567108
2025010515_2813_54500_1,111.66895918029572,16.596360965630005
2025010515_2813_54500_10,114.06131045012296,11.289935533272535
2025010515_2813_54500_11,114.1849205136317,10.627581083076665
2025010515_2813_54500_12,114.36852249934664,9.922870074597228
2025010515_2813_54500_13,114.61742846879996,9.259415745515836
2025010515_2813_54500_14,114.77529604215412,8.589000594632658
2025010515_2813_54500_15,115.0085646685604,7.817519958684544
2025010515_2813_54500_16,115.50078770323854,7.12171936866773
2025010515_2813_54500_17,115.6784695418573,6.518887373261771
2025010515_2813_54500_18,115.80159100912168,5.788956233042706
2025010515_2813_54500_19,115.9924966805017,5.150249603558022
2025010515_2813_54500_2,111.89595948605036,16.129617241093698
2025010515_2813_54500_3,112.1420469941466,15.605994659655066
2025010515_2813_54500_4,112.38678197749606,15.066125441504774
2025010515_2813_54500_5,112.68590623149076,14.49286817215802
2025010515_2813_54500_6,112.89271358397916,13.894064606638898
2025010515_2813_54500_7,113.19876736642014,13.299387930218744
2025010515_2813_54500_8,113.5433823742335,12.555004987685365
2025010515_2813_54500_9,113.83952479251894,11.88658158124904
2025010515_2813_57267_1,110.2157097206575,12.00091336316795
2025010515_2813_57267_10,111.32025708734024,15.995870713000512
2025010515_2813_57267_11,111.45515895352992,16.254247323409523
2025010515_2813_57267_12,111.68300000486414,16.420365092543765
2025010515_2813_57267_13,111.88697417663812,16.61235472505725
2025010515_2813_57267_14,112.04864150910863,16.880389902581218
2025010515_2813_57267_15,112.41667857312773,16.973254372349338
2025010515_2813_57267_16,112.67915461188936,17.022587509050012
2025010515_2813_57267_17,112.94310862288955,16.852892426736997
2025010515_2813_57267_18,113.18396915327772,16.885133266388383
2025010515_2813_57267_19,113.49307342117888,16.919980101728477
2025010515_2813_57267_2,110.29005531882363,12.412694062398302
2025010515_2813_57267_3,110.35766862919829,12.914544629510544
2025010515_2813_57267_4,110.45078164618312,13.359220630361444
2025010515_2813_57267_5,110.57554092284694,13.831692799357192
2025010515_2813_57267_6,110.68877343410811,14.315115616269203
2025010515_2813_57267_7,110.83161618624332,14.741708632861087
2025010515_2813_57267_8,110.94917851824091,15.256284656316998
2025010515_2813_57267_9,111.13704842118554,15.649102365233016
2025010515_2994_46095_1,24.238407607351355,7.379656355264152
2025010515_2994_46095_10,31.86025110107559,4.4120170705998
2025010515_2994_46095_11,32.701943008898034,4.211774137248883
2025010515_2994_46095_12,33.61870165692092,3.966241742249806
2025010515_2994_46095_13,34.594867788154225,3.677820753772039
2025010515_2994_46095_14,35.42322304948142,3.503980561591561
2025010515_2994_46095_15,36.1847468744888,3.3260727359815903
2025010515_2994_46095_16,36.98043663217588,3.185475214617691
2025010515_2994_46095_17,37.74020917526203,3.065974248941383
2025010515_2994_46095_18,38.60449874212166,2.9464011506469934
2025010515_2994_46095_19,39.402938936948345,2.7903358905642524
2025010515_2994_46095_2,24.987953002737317,7.035370306442835
2025010515_2994_46095_20,40.12691592535317,2.667974461073685
2025010515_2994_46095_21,40.88270723907311,2.566109943387177
2025010515_2994_46095_22,41.683780380643086,2.3997026407592
2025010515_2994_46095_23,42.28040637219598,2.2243725357908097
2025010515_2994_46095_24,43.05256270545747,2.1051275094506936
2025010515_2994_46095_25,43.84631816590229,1.9441046215604996
2025010515_2994_46095_26,44.5813827600215,1.8183483806545693
2025010515_2994_46095_27,45.233517107521095,1.7005719883930608
2025010515_2994_46095_3,25.788737150645748,6.704576870762399
2025010515_2994_46095_4,26.64018977844356,6.365909650628583
2025010515_2994_46095_5,27.46202825496242,5.955966620603661
2025010515_2994_46095_6,28.337208922775915,5.612451350034998
2025010515_2994_46095_7,29.26316835625274,5.3539971750790345
2025010515_2994_46095_8,30.1187634865055,4.980067354175366
2025010515_2994_46095_9,31.041650215838352,4.698616328092795
2025010515_2994_46122_1,27.005679233381265,17.1221181739032
2025010515_2994_46122_10,29.83584933288004,14.077398649218166
2025010515_2994_46122_11,30.23517423903297,13.70772428317439
2025010515_2994_46122_12,30.82733597819445,13.394266179475958
2025010515_2994_46122_13,31.45579260415616,12.99219645273184
2025010515_2994_46122_14,31.985508881248908,12.635871185985806
2025010515_2994_46122_15,32.48052279271542,12.18610852031301
2025010515_2994_46122_16,33.131735288076044,11.712951080212871
2025010515_2994_46122_17,33.76984287956766,11.265858039647128
2025010515_2994_46122_18,34.23207223593409,10.778166763735433
2025010515_2994_46122_19,34.80525427140937,10.36695122645594
2025010515_2994_46122_2,27.191779346735174,16.837620214523273
2025010515_2994_46122_20,35.36397326706963,10.07972299614631
2025010515_2994_46122_21,36.02801639833438,9.689651886369974
2025010515_2994_46122_22,36.55209143352026,9.465268644374817
2025010515_2994_46122_23,37.2761753475784,9.11306933304408
2025010515_2994_46122_24,37.89858644105466,8.775194592701755
2025010515_2994_46122_25,38.49248467665443,8.393514734368324
2025010515_2994_46122_26,38.96826936401003,8.144984167713558
2025010515_2994_46122_27,39.41689555359787,7.862711097559508
2025010515_2994_46122_3,27.405807328930848,16.591657202536048
2025010515_2994_46122_4,27.652833950353955,16.298940457120537
2025010515_2994_46122_5,27.969794858929124,15.957466923273884
2025010515_2994_46122_6,28.214447669886425,15.617508328094043
2025010515_2994_46122_7,28.552342142984568,15.402374186050697
2025010515_2994_46122_8,28.960224865915304,14.9203744527689
2025010515_2994_46122_9,29.4526269007363,14.47557809844234
2025010515_2994_47788_1,22.607077516631207,10.92698379036647
2025010515_2994_47788_10,25.558461894872583,9.804726331691654
2025010515_2994_47788_11,26.035596298154253,9.70763344467397
2025010515_2994_47788_12,26.45966415965088,9.681299814283028
2025010515_2994_47788_13,26.87168820368068,9.576259352342015
2025010515_2994_47788_14,27.702104901648376,9.470420459331844
2025010515_2994_47788_15,28.342337016256685,9.354220461496045
2025010515_2994_47788_16,28.952408349581138,9.170714229705348
2025010515_2994_47788_17,29.464394424161757,9.02301226075988
2025010515_2994_47788_18,29.89803153462805,8.848196524485882
2025010515_2994_47788_19,30.551584961366032,8.701143631937656
2025010515_2994_47788_2,22.93747190908512,10.712026760218818
2025010515_2994_47788_20,31.34303490102372,8.535160180628562
2025010515_2994_47788_21,31.746306877627354,8.399176289436365
2025010515_2994_47788_22,32.28480288179292,8.263077423868985
2025010515_2994_47788_23,32.8551486679644,8.131340824718867
2025010515_2994_47788_24,33.46703602006831,7.989761155791815
2025010515_2994_47788_25,33.89301991493288,7.801343429690595
2025010515_2994_47788_26,34.4190162977482,7.62301171404458
2025010515_2994_47788_27,34.89360887763967,7.45244842629426
2025010515_2994_47788_3,23.28149545792601,10.571304237894422
2025010515_2994_47788_4,23.641888756296687,10.4178642992868
2025010515_2994_47788_5,23.971683620619288,10.32400238676333
2025010515_2994_47788_6,24.25906455176636,10.333595010674369
2025010515_2994_47788_7,24.596389307973585,10.306717438198422
2025010515_2994_47788_8,24.9064553190062,10.171460995078686
2025010515_2994_47788_9,25.229635686613957,9.977730464124296
2025010515_2994_48000_1,25.919350097916382,7.603213911546619
2025010515_2994_48000_10,31.668359552715984,5.590584345712346
2025010515_2994_48000_11,32.39554145480912,5.4103812663191935
2025010515_2994_48000_12,33.198185683883466,5.255696821162109
2025010515_2994_48000_13,33.92472013635195,4.995416084474651
2025010515_2994_48000_14,34.783184054095216,4.772720351006406
2025010515_2994_48000_15,35.5049000972133,4.527031634685976
2025010515_2994_48000_16,36.25084709690402,4.357103827817422
2025010515_2994_48000_17,36.87176199657383,4.246862549366017
2025010515_2994_48000_18,37.64285707023176,4.124302167299145
2025010515_2994_48000_19,38.46815998877255,3.9501488717959177
2025010515_2994_48000_2,26.453541046764865,7.403738895392996
2025010515_2994_48000_20,39.459436145803366,3.77940502807969
2025010515_2994_48000_21,40.158601105669376,3.5933422963172026
2025010515_2994_48000_22,40.74849465450055,3.4261606924454435
2025010515_2994_48000_23,41.3706492668083,3.2081709724537646
2025010515_2994_48000_24,42.07105369086894,3.0975282631464705
2025010515_2994_48000_25,42.61825294297149,2.881609016514915
2025010515_2994_48000_26,43.17061978690823,2.718700670500259
2025010515_2994_48000_27,43.7413934019449,2.55256641319359
2025010515_2994_48000_3,27.049731390262977,7.229991983328139
2025010515_2994_48000_4,27.664254711664267,7.001624243917589
2025010515_2994_48000_5,28.23597984297516,6.773104319672156
2025010515_2994_48000_6,28.8943252443304,6.564783235130086
2025010515_2994_48000_7,29.63341062839767,6.40195495930403
2025010515_2994_48000_8,30.313955991385452,6.087091368753843
2025010515_2994_48000_9,31.05146042321892,5.84559663630074
2025010515_2994_57199_1,34.205744282948245,31.963708859953787
2025010515_2994_57199_10,38.8312978389938,28.66887099137414
2025010515_2994_57199_11,39.3817101371511,28.11661928581345
2025010515_2994_57199_12,39.96546895258083,27.68925580019767
2025010515_2994_57199_13,40.56741287456854,27.117988557860976
2025010515_2994_57199_14,41.25887266997234,26.503476166279437
2025010515_2994_57199_15,41.87909489063825,26.000929238586405
2025010515_2994_57199_16,42.58148580228036,25.436295735448304
2025010515_2994_57199_17,43.1325809272975,24.81179477812032
2025010515_2994_57199_18,43.52934582839523,24.1475853610582
2025010515_2994_57199_19,43.94948163473156,23.44177488349439
2025010515_2994_57199_2,34.684787713908484,31.75371253785282
2025010515_2994_57199_20,44.41877468922432,22.75938438228423
2025010515_2994_57199_21,45.045270154988586,22.07148261566436
2025010515_2994_57199_22,45.775741544168014,21.431246829838987
2025010515_2994_57199_23,46.337753380035565,20.71749446553761
2025010515_2994_57199_24,46.890758246724985,20.25196504671314
2025010515_2994_57199_25,47.352107562702855,19.6078214813314
2025010515_2994_57199_26,47.74652982664077,19.08769472109107
2025010515_2994_57199_27,48.22873716791659,18.537455416258812
2025010515_2994_57199_3,35.17632911826291,31.508012096996687
2025010515_2994_57199_4,35.69202823094305,31.20412212501798
2025010515_2994_57199_5,36.158685559328696,30.842608081828555
2025010515_2994_57199_6,36.695274126922286,30.401312807758224
2025010515_2994_57199_7,37.29290681231428,30.11201509587789
2025010515_2994_57199_8,37.81777714453622,29.55595035525545
2025010515_2994_57199_9,38.34825543076953,29.146057610364124
2025010515_3171_42771_1,53.325990714076696,19.270220595833475
2025010515_3171_42771_10,56.00456492045583,19.88718334390381
2025010515_3171_42771_11,56.31340437154343,19.96850554443417
2025010515_3171_42771_12,56.65268632122277,19.976430659184583
2025010515_3171_42771_13,56.9823077781933,20.01207246525157
2025010515_3171_42771_14,57.45886622035,20.064254264351263
2025010515_3171_42771_15,57.94865295383808,20.0446705067439
2025010515_3171_42771_16,58.608521971129576,20.02877933524933
2025010515_3171_42771_17,58.96204178046367,19.96383760040453
2025010515_3171_42771_18,59.26064857547957,19.883611081533267
2025010515_3171_42771_19,59.63728571847284,19.83677956616911
2025010515_3171_42771_2,53.59635559130682,19.41833627205973
2025010515_3171_42771_20,59.99608381410689,19.80245657371764
2025010515_3171_42771_21,60.54234203692396,19.79549146890026
2025010515_3171_42771_22,61.12163124788152,19.75630824807573
2025010515_3171_42771_23,61.55656145814783,19.70404156972477
2025010515_3171_42771_24,61.95149099933221,19.699301039524894
2025010515_3171_42771_25,62.41969149593348,19.67957811291488
2025010515_3171_42771_26,62.94461974412428,19.675011354540047
2025010515_3171_42771_27,63.39720477829891,19.61905048792579
2025010515_3171_42771_28,63.70688499331326,19.56307174416434
2025010515_3171_42771_3,53.91542174216608,19.51181627232131
2025010515_3171_42771_4,54.25005884876691,19.64282914292507
2025010515_3171_42771_5,54.504033933344,19.731311401951864
2025010515_3171_42771_6,54.84296549153834,19.769595353526395
2025010515_3171_42771_7,55.16318737762399,19.793670536244377
2025010515_3171_42771_8,55.43265501387141,19.842288603805734
2025010515_3171_42771_9,55.74613100090998,19.917454741586127
2025010515_3171_46095_1,61.45810830304409,14.5108362673482
2025010515_3171_46095_10,69.05862792851974,16.605244508662587
2025010515_3171_46095_11,69.77720911194235,16.890709208058254
2025010515_3171_46095_12,70.50955908616365,17.091021453439023
2025010515_3171_46095_13,71.42797813612708,17.269313033795363
2025010515_3171_46095_14,72.22177559289916,17.49198028353138
2025010515_3171_46095_15,73.18728924787305,17.682938646698712
2025010515_3171_46095_16,74.16594375340401,17.810945393907655
2025010515_3171_46095_17,75.0914085813137,17.89803450233415
2025010515_3171_46095_18,75.99510316760637,18.04429781545397
2025010515_3171_46095_19,76.86306536425654,18.13015190596967
2025010515_3171_46095_2,62.215020010579885,14.62187066642141
2025010515_3171_46095_20,77.75802967111971,18.231338018427603
2025010515_3171_46095_21,78.72182578171973,18.331628002820388
2025010515_3171_46095_22,79.60787483954329,18.447708787396667
2025010515_3171_46095_23,80.42178049241836,18.619109584839663
2025010515_3171_46095_24,81.23270909531095,18.721611891901123
2025010515_3171_46095_25,82.00538180533579,18.803635676449534
2025010515_3171_46095_26,82.85105292836924,18.951907075767465
2025010515_3171_46095_27,83.76219734202722,19.044707381891428
2025010515_3171_46095_28,84.46316659791158,19.10366516309317
2025010515_3171_46095_3,63.059331415674016,14.807464089944832
2025010515_3171_46095_4,63.89721651662619,14.992497250205735
2025010515_3171_46095_5,64.69720858827361,15.265867999213397
2025010515_3171_46095_6,65.58189190447268,15.543191633969975
2025010515_3171_46095_7,66.49121819512868,15.8083865490266
2025010515_3171_46095_8,67.36274361436587,16.028321603660896
2025010515_3171_46095_9,68.23187046931534,16.319966532927854
2025010515_3171_48000_1,61.864991000665015,12.569048770557064
2025010515_3171_48000_10,69.23428069486603,14.170904025105909
2025010515_3171_48000_11,70.02961856692176,14.32180942236792
2025010515_3171_48000_12,70.92417554046027,14.46161197635141
2025010515_3171_48000_13,71.86502481747917,14.578970427992704
2025010515_3171_48000_14,72.72853910836567,14.698253991142476
2025010515_3171_48000_15,73.66997046120458,14.7491522629437
2025010515_3171_48000_16,74.50810113451782,14.845413233059476
2025010515_3171_48000_17,75.38688195843518,14.953559006490284
2025010515_3171_48000_18,76.26003945213621,15.090858750257777
2025010515_3171_48000_19,77.12315641991552,15.213894309421953
2025010515_3171_48000_2,62.57056349016596,12.76035388837179
2025010515_3171_48000_20,78.03177305470558,15.442504158137943
2025010515_3171_48000_21,78.9378651019512,15.556711872051832
2025010515_3171_48000_22,79.83610667261205,15.602720947881032
2025010515_3171_48000_23,80.64904432527787,15.692579543989424
2025010515_3171_48000_24,81.5212708382012,15.752048317134268
2025010515_3171_48000_25,82.38763910591248,15.825659626783322
2025010515_3171_48000_26,83.26501539852637,15.852059684416982
2025010515_3171_48000_27,84.07790028936843,15.869225715791607
2025010515_3171_48000_28,84.95497740005618,15.888255169595451
2025010515_3171_48000_3,63.36137383194687,12.90960657499028
2025010515_3171_48000_4,64.18966537238852,13.093309694178362
2025010515_3171_48000_5,64.97451710637829,13.259403910393669
2025010515_3171_48000_6,65.8368599772268,13.375413534293388
2025010515_3171_48000_7,66.7221759089355,13.479304679071802
2025010515_3171_48000_8,67.54785867666732,13.748326236110389
2025010515_3171_48000_9,68.43261186122947,13.94425906256078
2025010515_3171_54718_1,67.76924904811634,20.238328432621763
2025010515_3171_54718_10,72.63917129129705,18.811631559475344
2025010515_3171_54718_11,73.22167910231342,18.79062940198182
2025010515_3171_54718_12,73.8857940199612,18.772058417654343
2025010515_3171_54718_13,74.4475274967921,18.76458130649521
2025010515_3171_54718_14,75.45003659495463,18.72998816804831
2025010515_3171_54718_15,76.38607541122319,18.68004983868994
2025010515_3171_54718_16,77.37333775011457,18.6225519932632
2025010515_3171_54718_17,78.0730008809742,18.52530668745185
2025010515_3171_54718_18,78.74923245152334,18.3679241072882
2025010515_3171_54718_19,79.5455435594166,18.22578556648789
2025010515_3171_54718_2,68.24248984436618,20.0112954052322
2025010515_3171_54718_20,80.43851752688833,18.059341918452706
2025010515_3171_54718_21,81.19120648604826,17.997908473026282
2025010515_3171_54718_22,81.67947101359891,17.940483713035928
2025010515_3171_54718_23,82.15990264228506,17.824269208458634
2025010515_3171_54718_24,82.9780589570442,17.77189015081383
2025010515_3171_54718_25,83.53651420249221,17.678031874814828
2025010515_3171_54718_26,84.1925977424433,17.626484694772497
2025010515_3171_54718_27,84.92548172783816,17.578570389183774
2025010515_3171_54718_28,85.61874710258229,17.506662490503874
2025010515_3171_54718_3,68.74051098058024,19.829695262346306
2025010515_3171_54718_4,69.27068820966042,19.646451352559605
2025010515_3171_54718_5,69.74302180370493,19.432473891981356
2025010515_3171_54718_6,70.28656559703471,19.312646512308348
2025010515_3171_54718_7,70.83452898916063,19.252772560023462
2025010515_3171_54718_8,71.39566783045427,19.034495887747404
2025010515_3171_54718_9,72.0901984544534,18.902555488490847
2025010515_3237_46122_1,61.14350440512617,36.63460928692984
2025010515_3237_46122_10,62.60253319707451,40.39494421241847
2025010515_3237_46122_11,62.68909824056178,41.05725497381781
2025010515_3237_46122_12,62.76643315726865,41.709168981300415
2025010515_3237_46122_13,62.86817585067588,42.263544819096914
2025010515_3237_46122_14,62.96116546531314,43.00262061681028
2025010515_3237_46122_15,63.08731498206017,43.68587032796821
2025010515_3237_46122_16,63.42737503096488,44.41654685615465
2025010515_3237_46122_2,61.32251140622952,36.929366374804175
2025010515_3237_46122_3,61.54388263814755,37.22385358944538
2025010515_3237_46122_4,61.75370397914108,37.59763868802447
2025010515_3237_46122_5,61.95324775551644,38.02317386675048
2025010515_3237_46122_6,62.10139005806932,38.449321568453016
2025010515_3237_46122_7,62.18323196074977,38.81208232059374
2025010515_3237_46122_8,62.33004014266864,39.39977578499457
2025010515_3237_46122_9,62.485967985316925,39.88153825241469
2025010515_3237_47788_1,52.45357111996264,38.38055341076934
2025010515_3237_47788_10,54.04026843199379,43.01911428115566
2025010515_3237_47788_11,54.15351207191267,43.56166750396264
2025010515_3237_47788_12,54.35670836954859,44.1302525890529
2025010515_3237_47788_13,54.511645039186405,44.72115942620953
2025010515_3237_47788_14,54.67312473789743,45.29244984855727
2025010515_3237_47788_15,54.97264123999278,45.81131264214864
2025010515_3237_47788_16,55.441687731119536,46.231627295485154
2025010515_3237_47788_2,52.62404550592686,38.813154546343256
2025010515_3237_47788_3,52.80614879446143,39.25645217718624
2025010515_3237_47788_4,53.01545140361984,39.75969746854072
2025010515_3237_47788_5,53.22637663236677,40.23451986113712
2025010515_3237_47788_6,53.38375042531541,40.752693904414336
2025010515_3237_47788_7,53.54428390442029,41.23162948533394
2025010515_3237_47788_8,53.71648995263028,41.87348779011992
2025010515_3237_47788_9,53.88847569734075,42.45792639269773
2025010515_3237_48103_1,51.11000238970202,46.67505013057877
2025010515_3237_48103_10,52.42945675866154,47.80052956021982
2025010515_3237_48103_11,52.75842361342714,47.92616869584437
2025010515_3237_48103_12,53.13967180399608,48.02821667593769
2025010515_3237_48103_13,53.42305461690472,48.15238602634373
2025010515_3237_48103_14,53.77332600132178,48.24128560153125
2025010515_3237_48103_15,54.05998279248195,48.35749221398604
2025010515_3237_48103_16,54.326569197019296,48.41204227276229
2025010515_3237_48103_2,51.139023608771886,46.78299161135211
2025010515_3237_48103_3,51.1835235618289,46.89926653240794
2025010515_3237_48103_4,51.26132642242063,47.0029243545144
2025010515_3237_48103_5,51.36243147911195,47.085817799438914
2025010515_3237_48103_6,51.48873224038836,47.17851632505376
2025010515_3237_48103_7,51.67260845576428,47.27660147705556
2025010515_3237_48103_8,51.88499637791213,47.37612998616875
2025010515_3237_48103_9,52.13151619539663,47.592933624465495
2025010515_3237_53074_1,50.83933448394777,47.63228024613243
2025010515_3237_53074_10,56.45366147527941,50.7654353874842
2025010515_3237_53074_11,57.05635181225483,50.9823610877158
2025010515_3237_53074_12,57.66173830435586,51.18834653323154
2025010515_3237_53074_13,58.24571775021067,51.40827898558012
2025010515_3237_53074_14,58.71402172292792,51.613211783572
2025010515_3237_53074_15,59.22151645200381,51.747185003524166
2025010515_3237_53074_16,59.83228889774787,51.904680214722646
2025010515_3237_53074_2,51.431826542463526,48.03144508638494
2025010515_3237_53074_3,52.04514403455359,48.472748247533154
2025010515_3237_53074_4,52.65951827980956,48.82658988724886
2025010515_3237_53074_5,53.30314389476847,49.20530088657985
2025010515_3237_53074_6,53.8528796311037,49.50378671585659
2025010515_3237_53074_7,54.45258362567034,49.84117521261322
2025010515_3237_53074_8,55.12385116511249,50.2278745019907
2025010515_3237_53074_9,55.86475528773484,50.5153983360808
2025010515_3290_46122_1,80.28931139383249,32.64006285655157
2025010515_3290_46122_10,83.13785227026972,36.88346499800798
2025010515_3290_46122_11,83.33511658236407,37.61976967964917
2025010515_3290_46122_12,83.44405765833831,38.29518184489499
2025010515_3290_46122_13,83.54529499386521,39.02452289217542
2025010515_3290_46122_14,83.76712353833983,39.77090069302793
2025010515_3290_46122_15,83.8630835836629,40.51275276438601
2025010515_3290_46122_16,83.83671178835544,41.27492831952108
2025010515_3290_46122_17,83.84590927132669,42.01748331165332
2025010515_3290_46122_18,83.85048887052689,42.7339122748508
2025010515_3290_46122_2,80.68884973776632,32.94011865379196
2025010515_3290_46122_3,81.08512781499958,33.28953362180674
2025010515_3290_46122_4,81.44868290475578,33.715967259755224
2025010515_3290_46122_5,81.83274160124198,34.140956158318936
2025010515_3290_46122_6,82.15188687127734,34.65721841018593
2025010515_3290_46122_7,82.4535191899817,35.13949075750954
2025010515_3290_46122_8,82.67957186006801,35.77187270051659
2025010515_3290_46122_9,82.93726728897418,36.302042533355575
2025010515_3290_48103_1,67.24128821780192,42.67817519429656
2025010515_3290_48103_10,72.779224719025,46.10519775196199
2025010515_3290_48103_11,73.38655827796927,46.41109748604863
2025010515_3290_48103_12,74.04248133049369,46.67750057852527
2025010515_3290_48103_13,74.58918456480818,47.1140262049362
2025010515_3290_48103_14,75.26791795029027,47.62007967759931
2025010515_3290_48103_15,75.8714522400896,48.10103441896702
2025010515_3290_48103_16,76.36922855577873,48.46046723360404
2025010515_3290_48103_17,76.86412371073489,48.73233699386657
2025010515_3290_48103_18,77.41692451439806,49.1332103648657
2025010515_3290_48103_2,67.75367768975649,43.04162442622528
2025010515_3290_48103_3,68.29820993934955,43.44366861046838
2025010515_3290_48103_4,68.88249887244918,43.820838014677896
2025010515_3290_48103_5,69.5107844397321,44.1912244855678
2025010515_3290_48103_6,70.10399822095563,44.53794018867321
2025010515_3290_48103_7,70.80154453954012,44.84782598792469
2025010515_3290_48103_8,71.39433777400815,45.31189032961428
2025010515_3290_48103_9,72.08250141038198,45.72199911880932
2025010515_3290_53074_1,66.34998146506774,43.95621758112197
2025010515_3290_53074_10,71.78709852451256,48.02483002981749
2025010515_3290_53074_11,72.52394371071685,48.41617642293856
2025010515_3290_53074_12,73.22378268938843,48.71809684201661
2025010515_3290_53074_13,73.77046563689838,49.06565222299605
2025010515_3290_53074_14,74.48217308831332,49.40281640974874
2025010515_3290_53074_15,75.11480354306937,49.824777096106565
2025010515_3290_53074_16,75.89550190138382,50.106883397781125
2025010515_3290_53074_17,76.45454783213964,50.332049067658815
2025010515_3290_53074_18,77.15240013948822,50.65533352944576
2025010515_3290_53074_2,66.8862011370849,44.3851563341456
2025010515_3290_53074_3,67.44449997610829,44.84494940316237
2025010515_3290_53074_4,68.03353587832211,45.35442040658519
2025010515_3290_53074_5,68.66525376483833,45.79843148544104
2025010515_3290_53074_6,69.24289746615426,46.223490532301845
2025010515_3290_53074_7,69.90438859816366,46.57115859314583
2025010515_3290_53074_8,70.48866995878613,47.04867173748991
2025010515_3290_53074_9,71.11886820888718,47.52281315463961
2025010515_3504_47788_1,37.906133389677954,37.35466081017709
2025010515_3504_47788_10,40.73820775424962,40.3496732111989
2025010515_3504_47788_11,41.02087350026655,40.65123819610915
2025010515_3504_47788_12,41.37107565644001,40.91478765305758
2025010515_3504_47788_13,41.81479601077496,41.17831040998954
2025010515_3504_47788_14,42.17080172591908,41.51662215676067
2025010515_3504_47788_15,42.63847758707671,41.90215597080746
2025010515_3504_47788_16,43.17476259951974,42.24405107166514
2025010515_3504_47788_17,43.510309765927055,42.461552675049845
2025010515_3504_47788_18,43.86591442966448,42.7011872130312
2025010515_3504_47788_2,38.097221748183976,37.66319227477288
2025010515_3504_47788_3,38.35812074933612,37.92858332887225
2025010515_3504_47788_4,38.6325123925869,38.21595959935922
2025010515_3504_47788_5,38.969269050765625,38.52210257068645
2025010515_3504_47788_6,39.22619958632331,38.81727501810137
2025010515_3504_47788_7,39.54777495317602,39.05434061412543
2025010515_3504_47788_8,39.97314853273347,39.4473765714593
2025010515_3504_47788_9,40.429046783100766,39.96110992470028
2025010515_3504_48103_1,40.029568020450654,42.48665280363293
2025010515_3504_48103_10,45.784944448385176,45.50675410296844
2025010515_3504_48103_11,46.53259603117228,45.77497658589007
2025010515_3504_48103_12,47.23120149439743,46.08615898052784
2025010515_3504_48103_13,47.93785947642071,46.35608018317155
2025010515_3504_48103_14,48.74006152794115,46.6056091917302
2025010515_3504_48103_15,49.493809917198725,46.97768398627471
2025010515_3504_48103_16,50.13747711871035,47.23306782142265
2025010515_3504_48103_17,50.7720222978845,47.47075447119002
2025010515_3504_48103_18,51.54929166602863,47.73258510039064
2025010515_3504_48103_2,40.5783260913057,42.82696951110615
2025010515_3504_48103_3,41.16995534778964,43.125282658265625
2025010515_3504_48103_4,41.77921775489708,43.40548280370289
2025010515_3504_48103_5,42.37467487963947,43.748846022720215
2025010515_3504_48103_6,43.0111756506544,44.07842714302984
2025010515_3504_48103_7,43.76945294885343,44.31481194662669
2025010515_3504_48103_8,44.41151745620624,44.642828328982525
2025010515_3504_48103_9,45.0822966980025,45.11352918558861
2025010515_3504_54718_1,56.18899663544364,30.54857308535697
2025010515_3504_54718_10,59.20676014035062,32.23262334659872
2025010515_3504_54718_11,59.430149481577786,32.70279593431472
2025010515_3504_54718_12,59.61606478353929,33.16692858097641
2025010515_3504_54718_13,59.741582621267845,33.7031147895278
2025010515_3504_54718_14,59.96235436083638,34.23266429661082
2025010515_3504_54718_15,60.1187588040949,34.90240743470641
2025010515_3504_54718_16,60.34407051535995,35.538514540396186
2025010515_3504_54718_17,60.36728074931608,36.17116604239399
2025010515_3504_54718_18,60.48073064267606,36.82848993203259
2025010515_3504_54718_2,56.59810564899341,30.55685982787612
2025010515_3504_54718_3,56.98419332631925,30.56934347486452
2025010515_3504_54718_4,57.363794261802674,30.63125347796445
2025010515_3504_54718_5,57.74604107193502,30.739094018002447
2025010515_3504_54718_6,58.10886475740303,30.885882896640904
2025010515_3504_54718_7,58.45576385982305,31.13878419996984
2025010515_3504_54718_8,58.71910684976981,31.379771941740128
2025010515_3504_54718_9,58.969530657442434,31.790251962505256
2025010515_3504_55112_1,39.482193969332165,43.31358485449755
2025010515_3504_55112_10,45.944798139939394,46.35280508893191
2025010515_3504_55112_11,46.69474667488408,46.58313054857224
2025010515_3504_55112_12,47.4624035653726,46.87201690778204
2025010515_3504_55112_13,48.332211220178735,47.11170221743276
2025010515_3504_55112_14,48.916150466996456,47.339726280710174
2025010515_3504_55112_15,49.55920018909936,47.57359326539411
2025010515_3504_55112_16,50.07692793465972,47.82396992156104
2025010515_3504_55112_17,50.62522267067679,48.06010332194669
2025010515_3504_55112_18,51.36884776086442,48.29898347334223
2025010515_3504_55112_2,40.11468134212221,43.65115795867509
2025010515_3504_55112_3,40.80351507013079,43.96050251427115
2025010515_3504_55112_4,41.50783597793316,44.24439789396887
2025010515_3504_55112_5,42.208276670767006,44.58696904451106
2025010515_3504_55112_6,42.93304554691009,44.926286200421934
2025010515_3504_55112_7,43.76269932734196,45.16407521843155
2025010515_3504_55112_8,44.44999125713466,45.50321390670836
2025010515_3504_55112_9,45.22681829547939,46.03020729338348
2025010515_3527_46122_1,44.21340932480236,39.343499148585664
2025010515_3527_46122_10,44.50535389904324,43.1859008287741
2025010515_3527_46122_11,44.593547998898586,43.79136930966739
2025010515_3527_46122_12,44.78402748922392,44.316565192355554
2025010515_3527_46122_13,44.94120795382655,44.78444428074279
2025010515_3527_46122_14,45.11685652999165,45.42277523439937
2025010515_3527_46122_15,45.46577993911509,45.89790665074473
2025010515_3527_46122_16,45.69719094294501,46.397883097500326
2025010515_3527_46122_17,45.94039569112427,46.81938473640213
2025010515_3527_46122_2,44.22115511437433,39.64195376896012
2025010515_3527_46122_3,44.22447010606548,39.957190511973096
2025010515_3527_46122_4,44.23281205213287,40.3336237904696
2025010515_3527_46122_5,44.25497987227816,40.76705159390968
2025010515_3527_46122_6,44.27582167544428,41.22342020164679
2025010515_3527_46122_7,44.31831108409448,41.60229806045162
2025010515_3527_46122_8,44.35440185755594,42.21344965546745
2025010515_3527_46122_9,44.42823173822826,42.70078870138232
2025010515_3527_48103_1,45.84890766597315,42.054922470345616
2025010515_3527_48103_10,50.67126359436825,40.570475375109176
2025010515_3527_48103_11,51.07249706184599,40.54944190350136
2025010515_3527_48103_12,51.476487393744925,40.54656582248288
2025010515_3527_48103_13,51.91484649189941,40.5481935897167
2025010515_3527_48103_14,52.25790826024561,40.54308847273824
2025010515_3527_48103_15,52.49288019962625,40.56184156552364
2025010515_3527_48103_16,52.993494533885055,40.57711761571544
2025010515_3527_48103_17,53.40420225731789,40.68242233778261
2025010515_3527_48103_2,46.34398675513998,41.92655581808103
2025010515_3527_48103_3,46.87625306901421,41.75767472449167
2025010515_3527_48103_4,47.38013485205877,41.596066746529054
2025010515_3527_48103_5,47.92662206711473,41.38503815341672
2025010515_3527_48103_6,48.47588165295101,41.1545834595882
2025010515_3527_48103_7,49.01566313004695,40.98714640761364
2025010515_3527_48103_8,49.586985083599046,40.85537978978798
2025010515_3527_48103_9,50.17207709991156,40.71193786159677
2025010515_3527_56012_1,42.73545621635877,38.506463644428536
2025010515_3527_56012_10,43.92667331777221,43.58365828272024
2025010515_3527_56012_11,43.93193910009248,44.27497768713013
2025010515_3527_56012_12,43.90796769689668,44.971076493840265
2025010515_3527_56012_13,43.89839542466591,45.63868213808914
2025010515_3527_56012_14,43.91724387519773,46.36914886571322
2025010515_3527_56012_15,44.07268289103754,46.97576348492192
2025010515_3527_56012_16,44.42591466047784,47.63765555444348
2025010515_3527_56012_17,44.60017806961117,48.13328625769251
2025010515_3527_56012_2,43.01265589046958,38.93625099207805
2025010515_3527_56012_3,43.24261956420307,39.45524580448659
2025010515_3527_56012_4,43.38697200651858,39.9547585500117
2025010515_3527_56012_5,43.53483383546857,40.48877282288736
2025010515_3527_56012_6,43.60768992482138,41.07450296104734
2025010515_3527_56012_7,43.692916201387526,41.63895086677942
2025010515_3527_56012_8,43.75960647296701,42.38109612332226
2025010515_3527_56012_9,43.87509302823956,42.991116518338536
2025010515_358_43366_1,110.29243751545648,37.93467898113372
2025010515_358_43366_10,111.44191501477276,42.82317880682899
2025010515_358_43366_11,111.7463519700804,43.54174723763141
2025010515_358_43366_2,110.23558477752889,38.35864688720651
2025010515_358_43366_3,110.22209616194276,38.82950987126497
2025010515_358_43366_4,110.23382742424327,39.32578091395072
2025010515_358_43366_5,110.29914359483917,39.86937965514302
2025010515_358_43366_6,110.40573866034218,40.41648937885743
2025010515_358_43366_7,110.61054869276316,40.91284918854464
2025010515_358_43366_8,110.83918082585892,41.62473866562033
2025010515_358_43366_9,111.10864315758312,42.24068532317273
2025010515_358_44872_1,110.28306670630528,43.69906906008369
2025010515_358_44872_10,113.22624905568964,48.27301017253589
2025010515_358_44872_11,113.61905684003976,48.768494359637046
2025010515_358_44872_2,110.48400192943522,44.16692521755247
2025010515_358_44872_3,110.71763660789966,44.68027193593637
2025010515_358_44872_4,111.01382328117244,45.23177763437172
2025010515_358_44872_5,111.3279828085079,45.71978670440557
2025010515_358_44872_6,111.6933218247562,46.2516761975393
2025010515_358_44872_7,112.03442151668337,46.75557573203428
2025010515_358_44872_8,112.42074932321808,47.31812096570993
2025010515_358_44872_9,112.75680150010452,47.79196175095901
2025010515_358_53518_1,114.3487471871107,42.121300120038526
2025010515_358_53518_10,116.4552391366982,47.86309897476362
2025010515_358_53518_11,116.62615627370916,48.486416002552254
2025010515_358_53518_2,114.64553353005928,42.70728873203292
2025010515_358_53518_3,114.94256158397314,43.32972370501806
2025010515_358_53518_4,115.20339824952242,43.98454838871038
2025010515_358_53518_5,115.4489007563946,44.6189464299489
2025010515_358_53518_6,115.69997501418004,45.292694647973285
2025010515_358_53518_7,115.92151735364332,45.96983654793445
2025010515_358_53518_8,116.12651675618004,46.6569421684774
2025010515_358_53518_9,116.30314263267552,47.23989477192831
2025010515_3636_44872_1,55.77319463313202,32.08054133620153
2025010515_3636_44872_10,50.98661307149322,32.09449744725374
2025010515_3636_44872_11,50.57254044102035,32.17931610697958
2025010515_3636_44872_2,55.20222536031526,32.00034240571706
2025010515_3636_44872_3,54.63154750577007,31.914565856289645
2025010515_3636_44872_4,54.0421659273451,31.872309168977004
2025010515_3636_44872_5,53.44395927534543,31.832017464903945
2025010515_3636_44872_6,52.91545933541032,31.76154982638141
2025010515_3636_44872_7,52.3938570422614,31.753076255305903
2025010515_3636_44872_8,51.86901797588209,31.739078355027445
2025010515_3636_44872_9,51.31460376258665,31.878429582306477
2025010515_3636_54500_1,58.59465671721964,33.30790991843887
2025010515_3636_54500_10,57.96298195058275,38.58657357592888
2025010515_3636_54500_11,57.90697070578804,39.29169765813904
2025010515_3636_54500_2,58.51775940299672,33.75306819254983
2025010515_3636_54500_3,58.43741946399999,34.25258863992419
2025010515_3636_54500_4,58.35529249579814,34.74946223331493
2025010515_3636_54500_5,58.29378898116878,35.30697412666899
2025010515_3636_54500_6,58.20620512347776,35.90850615938753
2025010515_3636_54500_7,58.13614667891994,36.52523341372877
2025010515_3636_54500_8,58.09020920352772,37.25767508733624
2025010515_3636_54500_9,58.01042777659036,37.95886957164057
2025010515_3636_54509_1,59.3788088397387,33.897464805357224
2025010515_3636_54509_10,57.41997078659949,39.05254315911844
2025010515_3636_54509_11,57.28283224457711,39.73783412138984
2025010515_3636_54509_2,59.10527843038174,34.343415105087814
2025010515_3636_54509_3,58.81993955449122,34.86766583911842
2025010515_3636_54509_4,58.566212218221175,35.36899015660994
2025010515_3636_54509_5,58.32269067343189,35.89362137987509
2025010515_3636_54509_6,58.08594509781005,36.49073417772301
2025010515_3636_54509_7,57.888134536468776,37.090594134925546
2025010515_3636_54509_8,57.69014339620932,37.80802401796131
2025010515_3636_54509_9,57.55103045445559,38.449765997833744
2025010515_3711_42771_1,25.89190340739728,27.63901029738547
2025010515_3711_42771_2,26.11820060336862,27.569609499671863
2025010515_3711_42771_3,26.373647104722235,27.507143539007387
2025010515_3711_42771_4,26.62948359009405,27.49729127215971
2025010515_3711_42771_5,26.857303905406283,27.53789162233688
2025010515_3711_42771_6,27.11271710629331,27.583600547618456
2025010515_3711_42771_7,27.31609880005853,27.684235809832696
2025010515_3711_42771_8,27.457839142187456,27.784107630977623
2025010515_3711_42771_9,27.596766299859155,28.08356582686917
2025010515_3711_47788_1,21.91619471187383,38.795353511197554
2025010515_3711_47788_2,21.820222695296675,38.85863573799779
2025010515_3711_47788_3,21.684841304014835,38.90671841413988
2025010515_3711_47788_4,21.51777834073102,38.91398935267591
2025010515_3711_47788_5,21.37405225813321,38.84886236987435
2025010515_3711_47788_6,21.26966868501662,38.788684178434025
2025010515_3711_47788_7,21.15916144312837,38.71603180962598
2025010515_3711_47788_8,21.131582745495027,38.54521515401592
2025010515_3711_47788_9,21.121271514530594,38.36807979844213
2025010515_3711_48103_1,25.24612148916488,40.98259827323121
2025010515_3711_48103_2,25.783710538744437,40.84101772542103
2025010515_3711_48103_3,26.351367542216643,40.64628905247264
2025010515_3711_48103_4,26.870430782679712,40.43940924766039
2025010515_3711_48103_5,27.378769162931157,40.151076490119216
2025010515_3711_48103_6,27.767938198080905,39.82394494646712
2025010515_3711_48103_7,28.16819539347985,39.45423279848235
2025010515_3711_48103_8,28.554766844050235,39.08760660620205
2025010515_3711_48103_9,28.969381198265037,38.63528570436842
2025010515_3711_57791_1,24.52420627696431,39.72706111166245
2025010515_3711_57791_2,24.98155032385076,39.414463803878
2025010515_3711_57791_3,25.410322126700315,39.052405471308845
2025010515_3711_57791_4,25.81877963572613,38.6012520229891
2025010515_3711_57791_5,26.1527544241642,38.134181885737625
2025010515_3711_57791_6,26.44281929022389,37.671034168212536
2025010515_3711_57791_7,26.752019964346104,37.15865919695536
2025010515_3711_57791_8,26.99727916746003,36.70528715289744
2025010515_3711_57791_9,27.128355880506582,36.19467506737234
2025010515_3758_48103_1,39.43432019457737,46.4653420519598
2025010515_3758_48103_2,39.83014472823261,46.48364677253038
2025010515_3758_48103_3,40.23682585733397,46.494819535571885
2025010515_3758_48103_4,40.64978824543015,46.48690890447247
2025010515_3758_48103_5,41.038804880546,46.47262478132916
2025010515_3758_48103_6,41.49711637485368,46.43567142445044
2025010515_3758_48103_7,41.85010415269277,46.369239241527104
2025010515_3758_48103_8,42.07045863188517,46.32445774368921
2025010515_3758_48103_9,42.29373622791846,46.17600082994601
2025010515_3758_48364_1,41.06618527927272,36.156816276592366
2025010515_3758_48364_2,41.35916838071584,36.14462605993521
2025010515_3758_48364_3,41.64150746416263,36.131252972010266
2025010515_3758_48364_4,41.9232858209895,36.10044202309417
2025010515_3758_48364_5,42.14477065683691,36.06911041202569
2025010515_3758_48364_6,42.33625985220143,36.065266891528935
2025010515_3758_48364_7,42.47466076908942,36.07841098731502
2025010515_3758_48364_8,42.54881622852045,36.10146812342684
2025010515_3758_48364_9,42.59713934227537,36.04957828503943
2025010515_3758_53074_1,37.9699929111383,44.24799974971068
2025010515_3758_53074_2,38.15360956742607,43.9165570931425
2025010515_3758_53074_3,38.31621306852257,43.52605567573622
2025010515_3758_53074_4,38.43551234459567,43.05391012968869
2025010515_3758_53074_5,38.55224404519057,42.586314460395485
2025010515_3758_53074_6,38.68797389650279,42.07966693077509
2025010515_3758_53074_7,38.8029032039926,41.56846091849566
2025010515_3758_53074_8,38.83464628432714,41.13539555807277
2025010515_3758_53074_9,38.89036788833489,40.61706877593019
2025010515_3832_48103_1,51.89721595202707,45.38412206588305
2025010515_3832_48103_2,52.11271249314991,45.336929097393686
2025010515_3832_48103_3,52.36590263828755,45.284623191840886
2025010515_3832_48103_4,52.61682521126332,45.172091424325714
2025010515_3832_48103_5,52.81541366720493,45.059849981258594
2025010515_3832_48103_6,53.007114085248936,44.93597159384315
2025010515_3832_48103_7,53.11330756103727,44.73445254377513
2025010515_3832_48103_8,53.19195318255378,44.50601224339695
2025010515_3832_48364_1,52.70799425346799,32.679637126484565
2025010515_3832_48364_2,52.91668461127577,32.71424991426906
2025010515_3832_48364_3,53.12638570978385,32.74339103104147
2025010515_3832_48364_4,53.31404493301758,32.78011044748832
2025010515_3832_48364_5,53.44097673009818,32.80897431213712
2025010515_3832_48364_6,53.547662515869256,32.857110708463324
2025010515_3832_48364_7,53.58721058229749,32.87124532656945
2025010515_3832_48364_8,53.58459492399105,32.90765755834721
2025010515_3832_53074_1,49.71599353614853,42.087069363327984
2025010515_3832_53074_2,49.87401211399583,41.72435974062351
2025010515_3832_53074_3,49.99706237341245,41.28237490269475
2025010515_3832_53074_4,50.060176418629794,40.80797110636464
2025010515_3832_53074_5,50.12579421446314,40.3339228236276
2025010515_3832_53074_6,50.18640230335146,39.8288077880086
2025010515_3832_53074_7,50.20787700224965,39.272863442149216
2025010515_3832_53074_8,50.19491140552723,38.80942751505274
2025010515_3902_42771_1,74.59668920305916,27.354861548076
2025010515_3902_42771_10,75.06067627544725,31.499673468931512
2025010515_3902_42771_11,75.13594183224608,31.907502838070343
2025010515_3902_42771_12,75.21681406013285,32.171849595436186
2025010515_3902_42771_13,75.32246554798833,32.500449640599115
2025010515_3902_42771_14,75.50572095316879,32.98495993247378
2025010515_3902_42771_15,75.77754187698196,33.24454679823547
2025010515_3902_42771_16,76.11202989974255,33.460686686735905
2025010515_3902_42771_17,76.25236952773024,33.69638688805181
2025010515_3902_42771_18,76.51801290103325,33.94607294065116
2025010515_3902_42771_19,76.85614454030627,34.10649595006152
2025010515_3902_42771_2,74.64546684447396,27.75799604472864
2025010515_3902_42771_20,77.21874123496664,34.22568610205139
2025010515_3902_42771_21,77.40819030895865,34.37976952780658
2025010515_3902_42771_22,77.68384912868333,34.53967304236011
2025010515_3902_42771_23,77.95978714414086,34.77295051086666
2025010515_3902_42771_24,78.14989436264847,34.88418496362868
2025010515_3902_42771_25,78.36518079177341,35.019055716071804
2025010515_3902_42771_26,78.73236111479846,35.108241282120474
2025010515_3902_42771_27,78.98563301838111,35.24540201581242
2025010515_3902_42771_28,79.30662869425733,35.27906801377085
2025010515_3902_42771_29,79.49772921482115,35.33043246615908
2025010515_3902_42771_3,74.67091800638286,28.23104382294692
2025010515_3902_42771_30,79.82524582453533,35.34846874635624
2025010515_3902_42771_4,74.72622629969342,28.662887062000205
2025010515_3902_42771_5,74.76646315277988,29.11677752533109
2025010515_3902_42771_6,74.76951268129213,29.567906323420903
2025010515_3902_42771_7,74.8346996624344,29.99469547886218
2025010515_3902_42771_8,74.90566539525123,30.515253030237595
2025010515_3902_42771_9,74.98870115627251,31.05479489252218
2025010515_3902_46122_1,77.06978772670888,34.84113611986869
2025010515_3902_46122_10,77.86212452965268,36.43006815352013
2025010515_3902_46122_11,78.05499179815706,36.5061222841578
2025010515_3902_46122_12,78.22840979535344,36.57647958404692
2025010515_3902_46122_13,78.38180280035812,36.68866188616814
2025010515_3902_46122_14,78.66610517302847,36.841214034704585
2025010515_3902_46122_15,78.99517158095715,36.891617313949205
2025010515_3902_46122_16,79.32991285521842,36.931809140659794
2025010515_3902_46122_17,79.50755674004716,36.98790800379014
2025010515_3902_46122_18,79.79594612822926,37.00810193327196
2025010515_3902_46122_19,80.21626567558323,37.04481470204404
2025010515_3902_46122_2,77.13160459288731,35.11334194580965
2025010515_3902_46122_20,80.68204015878032,37.094096457638216
2025010515_3902_46122_21,80.93657887426868,37.14250786479477
2025010515_3902_46122_22,81.28148991350501,37.144348670640746
2025010515_3902_46122_23,81.5383378179321,37.16441029445188
2025010515_3902_46122_24,81.76619371156826,37.20970501468798
2025010515_3902_46122_25,82.07628223529161,37.21001358239945
2025010515_3902_46122_26,82.48789314682527,37.21891935692052
2025010515_3902_46122_27,82.83677853862389,37.26035296249516
2025010515_3902_46122_28,83.13950978791473,37.23086391922068
2025010515_3902_46122_29,83.32919466742062,37.2237411946539
2025010515_3902_46122_3,77.18286072289229,35.32453617164231
2025010515_3902_46122_30,83.65469589804017,37.1912943760429
2025010515_3902_46122_4,77.26278420652191,35.577713115213626
2025010515_3902_46122_5,77.34382715502414,35.80584889853493
2025010515_3902_46122_6,77.38095089123033,35.98273302218371
2025010515_3902_46122_7,77.50562627716619,36.107249325470434
2025010515_3902_46122_8,77.65726566271238,36.35062772415762
2025010515_3902_46122_9,77.76844965515892,36.418543294291766
2025010515_3902_47788_1,72.57307544041646,43.54814408405249
2025010515_3902_47788_10,71.86753376015079,42.0352842346955
2025010515_3902_47788_11,71.86159077878,41.86816554924212
2025010515_3902_47788_12,71.79111582805359,41.53860638429689
2025010515_3902_47788_13,71.77975659263691,41.22554580845782
2025010515_3902_47788_14,71.60537154329097,40.811604458505165
2025010515_3902_47788_15,71.74299604517316,40.51731242161992
2025010515_3902_47788_16,71.8210662394713,40.3170420025931
2025010515_3902_47788_17,71.80279579146844,40.19517855121472
2025010515_3902_47788_18,71.85889852666921,39.96101182603214
2025010515_3902_47788_19,71.97046404584017,39.67714482069587
2025010515_3902_47788_2,72.52513906837498,43.52889973103324
2025010515_3902_47788_20,72.09038456421503,39.41129932782295
2025010515_3902_47788_21,72.29015318826276,39.2277456476591
2025010515_3902_47788_22,72.25800183558063,38.94876352269149
2025010515_3902_47788_23,72.37675344773267,38.89182830862752
2025010515_3902_47788_24,72.48568637765285,38.799313453667104
2025010515_3902_47788_25,72.60974183605927,38.64942461858962
2025010515_3902_47788_26,72.80120461219425,38.37686288514927
2025010515_3902_47788_27,72.97414256777664,38.294083497319306
2025010515_3902_47788_28,73.07270889799399,38.18226371039296
2025010515_3902_47788_29,73.16284198474075,38.07446705175417
2025010515_3902_47788_3,72.43944579756634,43.4582997412158
2025010515_3902_47788_30,73.39295953437087,37.88262886324295
2025010515_3902_47788_4,72.32900939586074,43.32824989022057
2025010515_3902_47788_5,72.21733358559676,43.20785562418446
2025010515_3902_47788_6,72.1255601509997,43.0653664627852
2025010515_3902_47788_7,71.99578244824264,42.88869149679837
2025010515_3902_47788_8,71.94829894230183,42.56482608291228
2025010515_3902_47788_9,71.89414433733963,42.366360911047735
2025010515_3902_48000_1,80.86328130635775,13.627081545034327
2025010515_3902_48000_10,86.42668769688454,15.648941111794194
2025010515_3902_48000_11,87.11576471873042,16.089752499615813
2025010515_3902_48000_12,87.8119634550259,16.528897952640527
2025010515_3902_48000_13,88.49080447886077,16.980437021116074
2025010515_3902_48000_14,89.1409324877831,17.58157997103771
2025010515_3902_48000_15,89.78886564985922,18.025098092421228
2025010515_3902_48000_16,90.44134495719588,18.374611125100937
2025010515_3902_48000_17,91.04187831025564,18.64707319854609
2025010515_3902_48000_18,91.72935108612538,19.129352740587507
2025010515_3902_48000_19,92.1947198809593,19.542345179712093
2025010515_3902_48000_2,81.38668774633383,13.681299693196364
2025010515_3902_48000_20,92.73909036105918,19.90718454600741
2025010515_3902_48000_21,93.54736985879872,20.3295196246832
2025010515_3902_48000_22,94.47437055777132,20.80283039191349
2025010515_3902_48000_23,95.24867358987125,21.30894051479567
2025010515_3902_48000_24,95.89685742751612,21.538459559448757
2025010515_3902_48000_25,96.57891327760548,21.97730503646349
2025010515_3902_48000_26,97.24604970526693,22.40157107547546
2025010515_3902_48000_27,97.7971741709185,22.73684772916055
2025010515_3902_48000_28,98.39514847378626,23.04254791340616
2025010515_3902_48000_29,98.95898264100254,23.236064969419616
2025010515_3902_48000_3,82.01104981764976,13.80418698969744
2025010515_3902_48000_30,99.52120277952348,23.324579123744897
2025010515_3902_48000_4,82.61649396885495,13.999192457208828
2025010515_3902_48000_5,83.15810549020469,14.213237133535552
2025010515_3902_48000_6,83.81323633873126,14.429885645430645
2025010515_3902_48000_7,84.54183569832898,14.777868759148165
2025010515_3902_48000_8,85.14117768368223,15.140775564973628
2025010515_3902_48000_9,85.81907750714583,15.372372606768415
2025010515_3902_48103_1,82.32112525715316,39.76666756198346
2025010515_3902_48103_10,88.55412968009136,37.81835711550297
2025010515_3902_48103_11,89.36862734133803,37.72506077751553
2025010515_3902_48103_12,90.16129793092465,37.61161848560506
2025010515_3902_48103_13,91.03190707246786,37.52775759864616
2025010515_3902_48103_14,91.84923187403972,37.4226800868472
2025010515_3902_48103_15,92.64024779985031,37.15224621921887
2025010515_3902_48103_16,93.39240159239648,36.82076348164181
2025010515_3902_48103_17,94.0695574687745,36.44354868033534
2025010515_3902_48103_18,95.03567612973887,36.22026235871039
2025010515_3902_48103_19,95.7403031332896,36.03066987967809
2025010515_3902_48103_2,82.8792689131854,39.473860298906494
2025010515_3902_48103_20,96.50377736446674,35.85022059431863
2025010515_3902_48103_21,97.39902720905916,35.60317094896861
2025010515_3902_48103_22,98.35346207475708,35.419231177715616
2025010515_3902_48103_23,99.1765059452384,35.166182457936955
2025010515_3902_48103_24,99.85353858092589,34.989909055358744
2025010515_3902_48103_25,100.56054141807314,34.86288886112311
2025010515_3902_48103_26,101.3901572786956,34.72710522233262
2025010515_3902_48103_27,102.35564576858056,34.63362559726651
2025010515_3902_48103_28,103.24109798272671,34.51899872999052
2025010515_3902_48103_29,103.91935997430298,34.44181951866349
2025010515_3902_48103_3,83.53613101279711,39.238019728178685
2025010515_3902_48103_30,104.58289789887796,34.36113791967277
2025010515_3902_48103_4,84.1770267289735,39.015471361563584
2025010515_3902_48103_5,84.81025754108347,38.792939776886485
2025010515_3902_48103_6,85.55700074172618,38.63756743035313
2025010515_3902_48103_7,86.34375391622957,38.53992654811935
2025010515_3902_48103_8,87.02706599651411,38.27969126269684
2025010515_3902_48103_9,87.84809207887028,37.98922868283677
2025010515_3902_52991_1,73.00001932233917,18.995463388848385
2025010515_3902_52991_10,74.75185711316057,20.52918779334962
2025010515_3902_52991_11,74.93561559698419,20.61564718374334
2025010515_3902_52991_12,75.14556864793649,20.761870674612616
2025010515_3902_52991_13,75.32479350273127,20.80991249478017
2025010515_3902_52991_14,75.6516553233472,20.908962885289892
2025010515_3902_52991_15,75.98344424440147,21.102103239998605
2025010515_3902_52991_16,76.50105374092034,21.39706697327834
2025010515_3902_52991_17,76.91072619592252,21.663072470938552
2025010515_3902_52991_18,77.23062209081176,21.77905871571509
2025010515_3902_52991_19,77.45932535403826,21.89166010611809
2025010515_3902_52991_2,73.16389196630183,19.246440355927454
2025010515_3902_52991_20,77.64889588654316,22.06127651598964
2025010515_3902_52991_21,77.95094110483436,22.16698440674833
2025010515_3902_52991_22,78.41831027036139,22.314678611702067
2025010515_3902_52991_23,78.79019877419569,22.40809150956366
2025010515_3902_52991_24,79.13713130708214,22.555848880677072
2025010515_3902_52991_25,79.48989088522636,22.607375668648544
2025010515_3902_52991_26,79.85617848258244,22.590516426691437
2025010515_3902_52991_27,80.06106458360736,22.648247046302476
2025010515_3902_52991_28,80.29501595408155,22.702776079882888
2025010515_3902_52991_29,80.5108819294956,22.74628668791602
2025010515_3902_52991_3,73.33281120360563,19.436498294856246
2025010515_3902_52991_30,80.7850804850111,22.71972584926524
2025010515_3902_52991_4,73.48433700087537,19.62938460020156
2025010515_3902_52991_5,73.6647361602883,19.79045810085161
2025010515_3902_52991_6,73.79892958486036,19.904697088491652
2025010515_3902_52991_7,73.94924074124032,19.959445376740344
2025010515_3902_52991_8,74.2037546692606,20.08199244203457
2025010515_3902_52991_9,74.47958531904058,20.319607734931253
2025010515_3902_54718_1,91.49373328390357,27.05463819863675
2025010515_3902_54718_10,94.87168720677444,29.752732712156156
2025010515_3902_54718_11,95.28244386798988,29.8417540257215
2025010515_3902_54718_12,95.6562216406396,29.88704615672955
2025010515_3902_54718_13,95.9366566669792,29.99523800642197
2025010515_3902_54718_14,96.34820266092277,30.16663345360279
2025010515_3902_54718_15,96.8966674814263,30.25689389034828
2025010515_3902_54718_16,97.56027350587269,30.35421184516466
2025010515_3902_54718_17,98.06928822299214,30.44017802815598
2025010515_3902_54718_18,98.52167014621546,30.547171876466688
2025010515_3902_54718_19,98.82800567920384,30.61727834464289
2025010515_3902_54718_2,91.87152761978626,27.397425355954677
2025010515_3902_54718_20,99.07675937289422,30.63205680874652
2025010515_3902_54718_21,99.46831824109454,30.657735114156853
2025010515_3902_54718_22,99.98179899062288,30.75023544357072
2025010515_3902_54718_23,100.40466390409574,30.796245323381672
2025010515_3902_54718_24,100.89343326268198,30.83019462109187
2025010515_3902_54718_25,101.41348460559496,30.87126152914204
2025010515_3902_54718_26,101.80682012420768,30.901059207570096
2025010515_3902_54718_27,102.1589949655676,30.97846567894968
2025010515_3902_54718_28,102.48191590241066,30.99680069784451
2025010515_3902_54718_29,102.67228274799167,31.02538336043864
2025010515_3902_54718_3,92.23636721739692,27.753564099472577
2025010515_3902_54718_30,102.98119743383164,31.02050712027793
2025010515_3902_54718_4,92.578656316223,28.084484112446315
2025010515_3902_54718_5,92.94440459959677,28.424565508662088
2025010515_3902_54718_6,93.25061356633655,28.675487884301933
2025010515_3902_54718_7,93.58853080130991,28.920799027804517
2025010515_3902_54718_8,93.97622419722067,29.22941450692324
2025010515_3902_54718_9,94.41041855714973,29.534274587884145
2025010515_3902_55112_1,81.56262633366849,16.790869968894746
2025010515_3902_55112_10,87.86448524218939,20.88381894189412
2025010515_3902_55112_11,88.6118406078192,21.47174303346013
2025010515_3902_55112_12,89.25654479530175,22.015161689971684
2025010515_3902_55112_13,90.02199719733939,22.570968895402043
2025010515_3902_55112_14,90.6797878698727,23.02258404151683
2025010515_3902_55112_15,91.34219433318724,23.642579746416924
2025010515_3902_55112_16,92.11966631851207,24.188070923864384
2025010515_3902_55112_17,92.8365782480261,24.650097303936025
2025010515_3902_55112_18,93.64683546518312,24.96533222328932
2025010515_3902_55112_19,94.34487029481954,25.33038987401933
2025010515_3902_55112_2,82.21253788686069,17.06681154953587
2025010515_3902_55112_20,95.04185498013064,25.783237513958294
2025010515_3902_55112_21,95.87938496004172,26.12960300875408
2025010515_3902_55112_22,96.8324171521179,26.510380882224084
2025010515_3902_55112_23,97.63815680644356,26.86833672382569
2025010515_3902_55112_24,98.40190079387916,27.190577476663957
2025010515_3902_55112_25,99.12587432300892,27.485654435456027
2025010515_3902_55112_26,99.98197654984476,27.84179225563309
2025010515_3902_55112_27,100.7634189724096,28.1819107940896
2025010515_3902_55112_28,101.55208846763264,28.433425560157005
2025010515_3902_55112_29,102.08451956602195,28.70584922011986
2025010515_3902_55112_3,82.90883756459732,17.406845162935806
2025010515_3902_55112_30,102.63382702407613,28.75927112289688
2025010515_3902_55112_4,83.63725738027775,17.813177534351077
2025010515_3902_55112_5,84.33569802021839,18.23980907821262
2025010515_3902_55112_6,85.08554026247542,18.717004438166
2025010515_3902_55112_7,85.84341044786595,19.139137305126837
2025010515_3902_55112_8,86.48271553886569,19.722633872690096
2025010515_3902_55112_9,87.20012251785985,20.280784710280837
2025010515_524_44872_1,31.929748574168364,37.65488211634539
2025010515_524_44872_10,32.207484254809486,35.71569261251074
2025010515_524_44872_2,32.0829251310122,37.35435265458881
2025010515_524_44872_3,32.204908606408424,37.10155792243864
2025010515_524_44872_4,32.27890187427888,36.82938405992789
2025010515_524_44872_5,32.3006179144206,36.52327736832324
2025010515_524_44872_6,32.319622037113255,36.25986910271115
2025010515_524_44872_7,32.287519709610855,36.10630213309687
2025010515_524_44872_8,32.2502444068886,35.88985695449238
2025010515_524_44872_9,32.24079238332387,35.79449784565428
2025010515_524_54572_1,27.710739708682368,40.65239858562561
2025010515_524_54572_10,30.06973784326565,46.22044605403289
2025010515_524_54572_2,28.001658089434365,41.2192259706065
2025010515_524_54572_3,28.342321802094567,41.80583155043594
2025010515_524_54572_4,28.648264891822837,42.41658216739959
2025010515_524_54572_5,28.93908872938851,43.04929246562328
2025010515_524_54572_6,29.239816938547133,43.71758838757017
2025010515_524_54572_7,29.47770064614463,44.34757028855466
2025010515_524_54572_8,29.693417032368,45.0082466911098
2025010515_524_54572_9,29.92033073487149,45.5995913646704
2025010515_524_57362_1,29.65531818889136,39.00240225263274
2025010515_524_57362_10,29.43654352257292,45.29574746281556
2025010515_524_57362_2,29.618116750354865,39.6258261727175
2025010515_524_57362_3,29.58864011197561,40.27110526129543
2025010515_524_57362_4,29.56974822188276,40.93155798254082
2025010515_524_57362_5,29.529024752213324,41.59592158024988
2025010515_524_57362_6,29.497761090690005,42.3442086035103
2025010515_524_57362_7,29.48044318988101,43.07669672778651
2025010515_524_57362_8,29.459027535313957,43.85484850474854
2025010515_524_57362_9,29.44078209390769,44.57048188394575
2025010515_578_44872_1,32.85814332884973,43.06998682558409
2025010515_578_44872_10,31.59871172264768,47.22384306018248
2025010515_578_44872_2,32.95595199094763,43.43926195327668
2025010515_578_44872_3,32.957939187558814,43.84632284984095
2025010515_578_44872_4,32.92780820838486,44.30665881671271
2025010515_578_44872_5,32.82621751106294,44.77740367173675
2025010515_578_44872_6,32.69094860895305,45.24304989375396
2025010515_578_44872_7,32.50888442244348,45.76494600547936
2025010515_578_44872_8,32.22159873350011,46.23366599527289
2025010515_578_44872_9,31.94109716512861,46.779065563529386
2025010515_578_53518_1,27.431281329489423,42.32255286699454
2025010515_578_53518_10,28.142118075665405,47.78929007294138
2025010515_578_53518_2,27.68508499456484,42.84639075266501
2025010515_578_53518_3,27.90624161772764,43.42771934047134
2025010515_578_53518_4,28.06866093116623,44.04261601858856
2025010515_578_53518_5,28.15904843890566,44.64536016553033
2025010515_578_53518_6,28.221512886659603,45.23169130185667
2025010515_578_53518_7,28.22223418326475,45.98889037373333
2025010515_578_53518_8,28.216286326041143,46.61579396154615
2025010515_578_53518_9,28.19607138946473,47.24448596126829
2025010515_578_57362_1,25.864703795689916,37.86410070747212
2025010515_578_57362_10,26.59282331090545,40.80432108607127
2025010515_578_57362_2,25.95429429265017,38.21096979043835
2025010515_578_57362_3,26.04131180852547,38.49078390060456
2025010515_578_57362_4,26.12465448949113,38.76183381993697
2025010515_578_57362_5,26.221865630494083,39.03601761282705
2025010515_578_57362_6,26.331749004381777,39.34870086544935
2025010515_578_57362_7,26.42299938307259,39.63625529437327
2025010515_578_57362_8,26.48488918709803,40.03629113894914
2025010515_578_57362_9,26.547565765196225,40.45306784872663
2025010515_603_44872_1,36.976125245467095,50.42031994945504
2025010515_603_44872_10,39.79463852129437,52.39850426237052
2025010515_603_44872_11,39.81782024978183,52.55672227624724
2025010515_603_44872_12,39.828974303842855,52.67251370810023
2025010515_603_44872_13,39.845566720709705,52.80719616542778
2025010515_603_44872_2,37.48770423495021,50.64987896918896
2025010515_603_44872_3,37.983442396024486,50.87038975927653
2025010515_603_44872_4,38.44268481832872,51.10757380961032
2025010515_603_44872_5,38.8104886451638,51.3453818425961
2025010515_603_44872_6,39.18233385404358,51.574135983111255
2025010515_603_44872_7,39.4405495274463,51.8112397468725
2025010515_603_44872_8,39.62420317064195,51.97440793027185
2025010515_603_44872_9,39.70838334393359,52.25065939195703
2025010515_603_47849_1,36.50297714678732,51.45148028210561
2025010515_603_47849_10,39.20136094801406,52.57613475333662
2025010515_603_47849_11,39.24742126840636,52.64202622692344
2025010515_603_47849_12,39.29029691879053,52.67975042099951
2025010515_603_47849_13,39.38132540784965,52.72362203994772
2025010515_603_47849_2,36.98724431146594,51.6320857893668
2025010515_603_47849_3,37.42753734995724,51.784629858727584
2025010515_603_47849_4,37.84178731886685,51.87774406300125
2025010515_603_47849_5,38.16978558077927,52.00372473092868
2025010515_603_47849_6,38.51507676811058,52.07077088268972
2025010515_603_47849_7,38.78442766585536,52.16419128589614
2025010515_603_47849_8,38.92786206692303,52.23523101386477
2025010515_603_47849_9,39.08592687870888,52.43570407580312
2025010515_603_57362_1,36.17176539419308,37.62599897798488
2025010515_603_57362_10,37.09215705919155,43.65895924243563
2025010515_603_57362_11,37.16824327382504,44.393013854354415
2025010515_603_57362_12,37.25677093839019,45.0728211796845
2025010515_603_57362_13,37.34125291531208,45.739819028521104
2025010515_603_57362_2,36.27326673200312,38.206565868882194
2025010515_603_57362_3,36.36158711515132,38.8314640296003
2025010515_603_57362_4,36.48136210350156,39.48363255402154
2025010515_603_57362_5,36.58033703060846,40.11873724358156
2025010515_603_57362_6,36.69091022510416,40.8143546994159
2025010515_603_57362_7,36.798859288162,41.48501472206537
2025010515_603_57362_8,36.92132466019386,42.19555817971276
2025010515_603_57362_9,36.99477069413105,42.90228777770221
2025010515_704_45719_1,39.7293439871409,20.407015902675436
2025010515_704_45719_2,39.80107615452268,19.88260073451791
2025010515_704_45719_3,39.8442916874253,19.314812253456918
2025010515_704_45719_4,39.86129913278004,18.75095212541374
2025010515_704_45719_5,39.876033713422125,18.17597692503321
2025010515_704_45719_6,39.89613929171592,17.66480607630495
2025010515_704_45719_7,39.91252812288507,17.08184954396815
2025010515_797_43383_1,78.67395991168189,26.941423124829097
2025010515_797_43383_2,78.4928379977908,26.353776994220546
2025010515_797_43383_3,78.32871804739052,25.702786827361862
2025010515_797_43383_4,78.2166932998087,25.061483340866893
2025010515_797_43383_5,78.08471128981851,24.41346468192232
2025010515_797_43383_6,77.98934416755192,23.778034872663326
2025010515_797_43383_7,77.9186076477662,23.000429110739603
2025010515_797_47788_1,76.71911351455472,29.68935739714467
2025010515_797_47788_2,76.62307614112734,29.20267235383196
2025010515_797_47788_3,76.50034233627436,28.64164682827
2025010515_797_47788_4,76.33868756088732,28.070250333132616
2025010515_797_47788_5,76.19840095390843,27.509582472011022
2025010515_797_47788_6,76.10204035083072,26.896801509817923
2025010515_797_47788_7,76.00366691880667,26.210877655335867
2025010515_797_48268_1,75.61873878281261,29.70121901407976
2025010515_797_48268_2,75.60626050450196,29.540685311901456
2025010515_797_48268_3,75.58657852816951,29.285078062356227
2025010515_797_48268_4,75.58102342270998,28.99322769009298
2025010515_797_48268_5,75.57772939809159,28.634275233098545
2025010515_797_48268_6,75.5712068524641,28.23680997836244
2025010515_797_48268_7,75.56761274445711,27.786817533190405
2025010515_886_52991_1,60.73746272040166,17.678282112216138
2025010515_886_52991_10,61.52440955088152,16.323321872990423
2025010515_886_52991_11,61.52726755838576,16.102829577825087
2025010515_886_52991_12,61.57279968237376,15.830866874399533
2025010515_886_52991_13,61.62613552640538,15.502466002675249
2025010515_886_52991_14,61.68966113180692,15.232368983603262
2025010515_886_52991_15,61.89714473273287,14.880916699536517
2025010515_886_52991_16,62.20722264045229,14.458272479037724
2025010515_886_52991_17,62.37293701808143,14.0881852946438
2025010515_886_52991_18,62.54799716356951,13.664314994244531
2025010515_886_52991_2,60.89343035674205,17.624248727177047
2025010515_886_52991_3,61.064092511077945,17.55008092619307
2025010515_886_52991_4,61.18295141249607,17.462857722533393
2025010515_886_52991_5,61.282078575548056,17.37095925329322
2025010515_886_52991_6,61.3284772292602,17.219698398561167
2025010515_886_52991_7,61.38338019642808,17.02045448333518
2025010515_886_52991_8,61.440457139508,16.85746997368606
2025010515_886_52991_9,61.47585406056016,16.562993082319664
2025010515_886_53074_1,64.56025844398125,14.077325242026316
2025010515_886_53074_10,67.61177522014107,8.925748634092812
2025010515_886_53074_11,67.66784487496406,8.225692983832175
2025010515_886_53074_12,67.74361281119259,7.54856605021572
2025010515_886_53074_13,67.79011088547641,6.8392887844411625
2025010515_886_53074_14,67.79862019201634,6.091077013212198
2025010515_886_53074_15,67.88252472886482,5.478565398810694
2025010515_886_53074_16,67.93102689411947,4.905577809077915
2025010515_886_53074_17,68.13849426969803,4.397329676870797
2025010515_886_53074_18,68.23287226013859,4.062376736387609
2025010515_886_53074_2,65.06295969586147,13.64626870524246
2025010515_886_53074_3,65.56311168633695,13.1415932375649
2025010515_886_53074_4,65.99232566370155,12.649431208200308
2025010515_886_53074_5,66.41804707917396,12.070443011886711
2025010515_886_53074_6,66.73158603037993,11.494610310507197
2025010515_886_53074_7,67.02731929604292,10.90505833812644
2025010515_886_53074_8,67.29330523659402,10.206832476576524
2025010515_886_53074_9,67.5114877339918,9.53542353258606
2025010515_886_54468_1,57.9843623336148,11.89468554504426
2025010515_886_54468_10,58.974086826569845,15.972920386913854
2025010515_886_54468_11,59.08030176132737,16.252530143340092
2025010515_886_54468_12,59.155534774333255,16.455487346472466
2025010515_886_54468_13,59.283175012407,16.679764647221596
2025010515_886_54468_14,59.4160413291668,16.904483937892916
2025010515_886_54468_15,59.52688568478445,17.012494429697426
2025010515_886_54468_16,59.69336965435457,17.045463590190305
2025010515_886_54468_17,59.811142387419295,17.087372757081127
2025010515_886_54468_18,60.103005322187975,17.110410791957104
2025010515_886_54468_2,58.15250642565502,12.340910951633775
2025010515_886_54468_3,58.307176680537246,12.831635953766376
2025010515_886_54468_4,58.44851688380189,13.321411539910493
2025010515_886_54468_5,58.56962803663352,13.776790861531849
2025010515_886_54468_6,58.652342534198254,14.239341092454588
2025010515_886_54468_7,58.7105743874119,14.657586106054238
2025010515_886_54468_8,58.791327266409766,15.13878028292117
2025010515_886_54468_9,58.86410703379153,15.540028717226452
2025010515_886_57199_1,71.43600867238398,14.112851237298177
2025010515_886_57199_10,70.9454418692901,9.079374450188617
2025010515_886_57199_11,70.77290437921663,8.367105746060776
2025010515_886_57199_12,70.69446691385143,7.680311204850641
2025010515_886_57199_13,70.48741411294876,7.070340660717892
2025010515_886_57199_14,70.32951078995869,6.367264144603579
2025010515_886_57199_15,70.20234202648176,5.821985682719808
2025010515_886_57199_16,70.10302401569913,5.257607956668727
2025010515_886_57199_17,69.91606412956136,4.790950665570733
2025010515_886_57199_18,69.63484617343455,4.365258810492295
2025010515_886_57199_2,71.52081925720607,13.645096105382953
2025010515_886_57199_3,71.54632925170203,13.120434298937944
2025010515_886_57199_4,71.55140182462276,12.601361523973546
2025010515_886_57199_5,71.52026783968847,12.06311573592036
2025010515_886_57199_6,71.46551083217203,11.47757251116372
2025010515_886_57199_7,71.38495200513282,10.942569071547066
2025010515_886_57199_8,71.25377392471502,10.255871703008776
2025010515_886_57199_9,71.11491463340457,9.649800410110116
2025010515_92_53518_1,55.95813728297851,16.435191574144675
2025010515_92_53518_10,56.17224209484512,11.47153397536636
2025010515_92_53518_11,56.108097084046165,10.951034301905404
2025010515_92_53518_2,56.09824180385158,15.99377288945253
2025010515_92_53518_3,56.18215311145076,15.470458880029778
2025010515_92_53518_4,56.2298837121232,14.901706625818392
2025010515_92_53518_5,56.26846237303744,14.349708682263648
2025010515_92_53518_6,56.31644233405551,13.748024981118174
2025010515_92_53518_7,56.33290776072236,13.116057404548574
2025010515_92_53518_8,56.2852924247997,12.617109376078956
2025010515_92_53518_9,56.23559731577614,12.02292351344239
2025010515_92_57267_1,57.90360528482804,8.25599871591681
2025010515_92_57267_10,58.62772761650793,8.323109710296114
2025010515_92_57267_11,58.54058659557376,8.42794644735404
2025010515_92_57267_2,58.169175684116375,8.225913230115067
2025010515_92_57267_3,58.39460166775129,8.184654650043147
2025010515_92_57267_4,58.5492751754064,8.154430674505377
2025010515_92_57267_5,58.65964401174546,8.13860201826229
2025010515_92_57267_6,58.72640357507956,8.137041401883547
2025010515_92_57267_7,58.77415248639125,8.13542581781106
2025010515_92_57267_8,58.73695398738094,8.15890133775404
2025010515_92_57267_9,58.71032773541983,8.185044034049659
2025010515_92_57362_1,57.448946549334906,21.275134521349436
2025010515_92_57362_10,57.89625237208656,16.388129965489384
2025010515_92_57362_11,57.880848833357504,15.854070573851516
2025010515_92_57362_2,57.54168852091331,20.80542489502633
2025010515_92_57362_3,57.63447587352484,20.32142360764861
2025010515_92_57362_4,57.72771439399559,19.79364811498719
2025010515_92_57362_5,57.8092918634501,19.2886546821475
2025010515_92_57362_6,57.85455472874511,18.826225044975747
2025010515_92_57362_7,57.86863092656106,18.36310321545909
2025010515_92_57362_8,57.91411227968197,17.660183607956572
2025010515_92_57362_9,57.928368988016686,17.00434788214563
