id,x,y
2024120805_1201_47877_1,43.78615378514975,11.10640728691788
2024120805_1201_47877_10,41.012968519279774,8.942077708417592
2024120805_1201_47877_11,41.05142925186685,8.888574387303526
2024120805_1201_47877_12,41.06292181995421,8.872941316779649
2024120805_1201_47877_13,41.142634949555735,8.768681693081103
2024120805_1201_47877_14,41.10210303224025,8.820808599080056
2024120805_1201_47877_15,41.08129414012453,8.848275448350018
2024120805_1201_47877_16,41.063432664078555,8.872250102831837
2024120805_1201_47877_17,41.068023746386785,8.866051899427173
2024120805_1201_47877_18,41.05459389453595,8.88425372137348
2024120805_1201_47877_19,41.05675944127918,8.881304092835657
2024120805_1201_47877_2,43.343784067509326,10.765294048728254
2024120805_1201_47877_20,41.048005522319585,8.893262488896289
2024120805_1201_47877_21,41.03579971333051,8.910093057411554
2024120805_1201_47877_22,41.02670356552029,8.922756499761654
2024120805_1201_47877_23,41.03518090676331,8.910951250579284
2024120805_1201_47877_24,41.0378609126408,8.907237925392838
2024120805_1201_47877_3,42.868271464220626,10.487165349218616
2024120805_1201_47877_4,42.37962035041049,10.191059195475292
2024120805_1201_47877_5,41.93189627584902,9.910727893245483
2024120805_1201_47877_6,41.529783441159594,9.671769445854196
2024120805_1201_47877_7,41.10944241295369,9.427879242842293
2024120805_1201_47877_8,40.89118993705655,9.124919682154758
2024120805_1201_47877_9,40.94204567238421,9.04589907065238
2024120805_1201_52453_1,30.39126182994235,17.209670913996796
2024120805_1201_52453_10,27.705993799322187,14.839429271631623
2024120805_1201_52453_11,27.82325704213112,14.700560126278898
2024120805_1201_52453_12,27.972428445129655,14.540847772032768
2024120805_1201_52453_13,28.078237393649566,14.437485998245078
2024120805_1201_52453_14,28.22340502739461,14.307354021868399
2024120805_1201_52453_15,28.362688507521685,14.193796548234893
2024120805_1201_52453_16,28.41115505043538,14.156652851793748
2024120805_1201_52453_17,28.55918918346775,14.050191755290806
2024120805_1201_52453_18,28.645378968497155,13.992765517670014
2024120805_1201_52453_19,28.70902705705101,13.95238418385226
2024120805_1201_52453_2,29.983279380878336,17.03007948415368
2024120805_1201_52453_20,28.731530204679764,13.938505618642317
2024120805_1201_52453_21,28.804332585907986,13.894991334921489
2024120805_1201_52453_22,28.862243622282996,13.861850065506303
2024120805_1201_52453_23,28.896657918102882,13.842756746958711
2024120805_1201_52453_24,28.957840836168028,13.809892198172971
2024120805_1201_52453_3,29.56705524837514,16.896168336372792
2024120805_1201_52453_4,29.17548015632066,16.661861784010178
2024120805_1201_52453_5,28.82618033397192,16.460885364690412
2024120805_1201_52453_6,28.496001253497997,16.209181657112445
2024120805_1201_52453_7,28.170953767961045,15.907200429697543
2024120805_1201_52453_8,27.857626924041263,15.512577920017575
2024120805_1201_52453_9,27.581526923703716,15.076067201339052
2024120805_1201_54831_1,43.300709697768355,24.615831122504392
2024120805_1201_54831_10,39.94347234769304,24.546633503071345
2024120805_1201_54831_11,39.942282871733845,24.515121287617614
2024120805_1201_54831_12,39.94042930748949,24.438602692864787
2024120805_1201_54831_13,39.94007059830414,24.403765130948468
2024120805_1201_54831_14,39.94054813894853,24.313782093570392
2024120805_1201_54831_15,39.94151064296325,24.270077929132157
2024120805_1201_54831_16,39.942838920513736,24.229323841832166
2024120805_1201_54831_17,39.94730432423883,24.13837789679326
2024120805_1201_54831_18,39.95519715394563,24.031652073241393
2024120805_1201_54831_19,39.96546729179196,23.929345197091507
2024120805_1201_54831_2,42.744043296549755,24.716589056649667
2024120805_1201_54831_20,39.97658693108968,23.84022519029612
2024120805_1201_54831_21,39.99563386105816,23.715187423427434
2024120805_1201_54831_22,40.015146791311906,23.608295853159504
2024120805_1201_54831_23,40.04350125727331,23.47595489718192
2024120805_1201_54831_24,40.06841191731641,23.374611658102992
2024120805_1201_54831_3,42.064377745712854,24.78089135595331
2024120805_1201_54831_4,41.34278140556797,24.846454470617324
2024120805_1201_54831_5,40.642719236681806,24.872461972576772
2024120805_1201_54831_6,39.97327217719818,24.89484986142561
2024120805_1201_54831_7,39.96104130351865,24.7897410056309
2024120805_1201_54831_8,39.955172850780805,24.728069807431844
2024120805_1201_54831_9,39.94793112681466,24.631765986075827
2024120805_1201_55965_1,39.53459497449073,14.694673886112245
2024120805_1201_55965_10,37.08833540876153,12.399718993154275
2024120805_1201_55965_11,37.15964352201548,12.310374665628983
2024120805_1201_55965_12,37.207009698286335,12.253808554116901
2024120805_1201_55965_13,37.28063778186261,12.169908953505832
2024120805_1201_55965_14,37.29217338655011,12.157183310218171
2024120805_1201_55965_15,37.35735529734548,12.08728274624334
2024120805_1201_55965_16,37.39807866556266,12.045263880116146
2024120805_1201_55965_17,37.42327886625077,12.019867912620425
2024120805_1201_55965_18,37.439018284650146,12.004234409518448
2024120805_1201_55965_19,37.46785962002573,11.976031505719552
2024120805_1201_55965_2,38.87695107261985,14.26057668164119
2024120805_1201_55965_20,37.496802020029605,11.948293453312875
2024120805_1201_55965_21,37.48980089156307,11.954952352415598
2024120805_1201_55965_22,37.52627471197614,11.920610890410874
2024120805_1201_55965_23,37.53571332473099,11.911863201881653
2024120805_1201_55965_24,37.54225682788375,11.905831711016196
2024120805_1201_55965_3,38.17767217097975,13.841372808312991
2024120805_1201_55965_4,37.43747712630928,13.369410679936612
2024120805_1201_55965_5,36.78112942517116,12.85828291791062
2024120805_1201_55965_6,36.84308519616513,12.75406786383462
2024120805_1201_55965_7,36.90986696228616,12.649202124143951
2024120805_1201_55965_8,36.993539417074054,12.527186087554666
2024120805_1201_55965_9,37.03907336991317,12.464638355259474
2024120805_1201_56540_1,48.283220643610264,17.240972409106384
2024120805_1201_56540_10,47.767875446396594,13.668676039628775
2024120805_1201_56540_11,47.7604396060849,13.669853963406737
2024120805_1201_56540_12,47.721266778814325,13.676296679657225
2024120805_1201_56540_13,47.693178865890474,13.681162569100078
2024120805_1201_56540_14,47.59430420306367,13.699940281228123
2024120805_1201_56540_15,47.50713985012672,13.718646650742114
2024120805_1201_56540_16,47.41653103348591,13.740263131186087
2024120805_1201_56540_17,47.35122036525265,13.757237145457392
2024120805_1201_56540_18,47.30234098309999,13.770714629576538
2024120805_1201_56540_19,47.26987798685379,13.780035589271005
2024120805_1201_56540_2,48.12258072885388,16.698309853094585
2024120805_1201_56540_20,47.20777588991003,13.798698369204287
2024120805_1201_56540_21,47.14512181292224,13.81864783276556
2024120805_1201_56540_22,47.11604453941769,13.828293592002076
2024120805_1201_56540_23,47.022489388600476,13.86102211662403
2024120805_1201_56540_24,46.944619165842504,13.890271558913415
2024120805_1201_56540_3,48.023596347360794,16.125364187169588
2024120805_1201_56540_4,47.939288125987666,15.540491786129138
2024120805_1201_56540_5,47.853785534521336,14.973236696607064
2024120805_1201_56540_6,47.80436167721677,14.329864718543194
2024120805_1201_56540_7,47.74598587239802,13.696250403081788
2024120805_1201_56540_8,47.78053317262452,13.666703883298286
2024120805_1201_56540_9,47.77710734554513,13.6672335517874
2024120805_1231_54622_1,46.83627489989606,37.7175919910277
2024120805_1231_54622_2,46.48492742399964,37.532888462218764
2024120805_1231_54622_3,46.11733662849102,37.296828363378985
2024120805_1231_54622_4,45.71894182763447,37.01809225553981
2024120805_1231_54622_5,45.38066582933281,36.71193319456049
2024120805_1231_54622_6,44.97585416309223,36.3656224549747
2024120805_1231_54622_7,44.57629095370097,35.97014500225128
2024120805_1231_54622_8,44.20150819029922,35.57451162235356
2024120805_1231_54622_9,44.078638331024464,35.27615263692686
2024120805_1231_56540_1,49.72768174952474,35.1473510406401
2024120805_1231_56540_2,49.78759440738196,35.66483880598796
2024120805_1231_56540_3,49.8453347095052,36.20772301684666
2024120805_1231_56540_4,49.94395291752907,36.699540757500635
2024120805_1231_56540_5,50.01877678162647,37.26373757151768
2024120805_1231_56540_6,50.10111005741212,37.80403810444797
2024120805_1231_56540_7,50.15476456019094,38.2842189641024
2024120805_1231_56540_8,50.18669343318294,38.643722686043205
2024120805_1231_56540_9,50.162514630525855,38.64735728804253
2024120805_1231_57134_1,47.97364815325626,36.97554373018611
2024120805_1231_57134_2,47.446437157097904,36.83792527167455
2024120805_1231_57134_3,46.87152491595418,36.63773306950482
2024120805_1231_57134_4,46.30710988643264,36.380959391675
2024120805_1231_57134_5,45.77903949627039,36.10028494939581
2024120805_1231_57134_6,45.27973879268684,35.81455334731329
2024120805_1231_57134_7,44.90665453903015,35.486796562544086
2024120805_1231_57134_8,44.96523633177149,35.357258448318845
2024120805_1231_57134_9,45.03207709658458,35.222774222943954
2024120805_1303_47890_1,33.45798276865902,36.46135554763545
2024120805_1303_47890_10,31.280618246466325,39.1763073436772
2024120805_1303_47890_11,31.203646356227452,39.36933503171862
2024120805_1303_47890_12,31.23089541514625,39.39119120554143
2024120805_1303_47890_13,31.27570348090493,39.426293499778524
2024120805_1303_47890_14,31.28308057948378,39.431974737905534
2024120805_1303_47890_15,31.311510415321706,39.45361518040232
2024120805_1303_47890_2,33.236300553313846,36.67818959288025
2024120805_1303_47890_3,33.034494347412604,36.88218236258746
2024120805_1303_47890_4,32.8024946878053,37.15917202493381
2024120805_1303_47890_5,32.5904172581005,37.43588550830836
2024120805_1303_47890_6,32.34417747586343,37.714869389805436
2024120805_1303_47890_7,32.06851385829059,38.04319965653389
2024120805_1303_47890_8,31.81988616134658,38.46921058115531
2024120805_1303_47890_9,31.59778553381871,38.803130486701576
2024120805_1303_52453_1,35.97879008352824,46.489290903414904
2024120805_1303_52453_10,33.151996647906955,48.63310951008869
2024120805_1303_52453_11,33.02828241846416,48.46944902711579
2024120805_1303_52453_12,32.94404916022048,48.34713207456516
2024120805_1303_52453_13,32.85838721840452,48.21185085679989
2024120805_1303_52453_14,32.78261757882131,48.08121513491686
2024120805_1303_52453_15,32.71023534395997,47.944655174953766
2024120805_1303_52453_2,35.80861998011671,46.862933226389515
2024120805_1303_52453_3,35.61544122893964,47.2111333374744
2024120805_1303_52453_4,35.366051093733795,47.550465034789354
2024120805_1303_52453_5,35.059500861351694,47.813418981710534
2024120805_1303_52453_6,34.734301891984366,48.048922575265564
2024120805_1303_52453_7,34.36616241582177,48.282831668509075
2024120805_1303_52453_8,33.88320970641339,48.54892596349649
2024120805_1303_52453_9,33.47630571441975,48.65771857460558
2024120805_1303_54622_1,26.93562165677453,40.90499644421103
2024120805_1303_54622_10,23.632778483512134,41.31947547395097
2024120805_1303_54622_11,23.648225240755895,41.474347195450164
2024120805_1303_54622_12,23.658592262117857,41.5543002203206
2024120805_1303_54622_13,23.6781207168827,41.67940247080109
2024120805_1303_54622_14,23.69214912398938,41.756298549398714
2024120805_1303_54622_15,23.72393505721766,41.905912778153855
2024120805_1303_54622_2,26.340942335729576,40.79651820406974
2024120805_1303_54622_3,25.686916713762603,40.734164795332745
2024120805_1303_54622_4,25.007203908383346,40.70533719745841
2024120805_1303_54622_5,24.340669082703144,40.705962611253305
2024120805_1303_54622_6,23.626681771388547,40.76889499131459
2024120805_1303_54622_7,23.621824877655193,40.87918737208768
2024120805_1303_54622_8,23.62001124105563,40.990516945710034
2024120805_1303_54622_9,23.622904043452913,41.15239394395753
2024120805_1303_55900_1,29.065170069404214,38.294503818798034
2024120805_1303_55900_10,26.94001380924579,40.87635256997474
2024120805_1303_55900_11,27.03093992386304,40.962130536646974
2024120805_1303_55900_12,27.1157735206732,41.03751051439737
2024120805_1303_55900_13,27.197709805096313,41.10636986950762
2024120805_1303_55900_14,27.25360957026182,41.15125618813575
2024120805_1303_55900_15,27.318455089005038,41.2013086880235
2024120805_1303_55900_2,28.511836046441406,38.702040869688815
2024120805_1303_55900_3,27.926539554514232,39.15457736551149
2024120805_1303_55900_4,27.398616299734435,39.61777191995006
2024120805_1303_55900_5,26.832588481787788,40.17381677306712
2024120805_1303_55900_6,26.62091613340322,40.526663964550615
2024120805_1303_55900_7,26.68656641050577,40.6056717793932
2024120805_1303_55900_8,26.804816265866524,40.73824121396201
2024120805_1303_55900_9,26.892490557378967,40.82931554868136
2024120805_1303_56543_1,19.027167479490547,31.679072543436735
2024120805_1303_56543_10,17.57490026043762,34.959487833855526
2024120805_1303_56543_11,17.659686332751694,34.99995123654004
2024120805_1303_56543_12,17.767479552460806,35.04793140801608
2024120805_1303_56543_13,17.854603555656794,35.08397326365344
2024120805_1303_56543_14,17.883792901964448,35.09551484866601
2024120805_1303_56543_15,17.959961275501833,35.12439650528357
2024120805_1303_56543_2,18.78644606612814,32.11401902050778
2024120805_1303_56543_3,18.539004679408293,32.573604625311845
2024120805_1303_56543_4,18.232487510739837,33.02599178687833
2024120805_1303_56543_5,17.986438694438895,33.50227512628832
2024120805_1303_56543_6,17.76502111527416,34.07666307110482
2024120805_1303_56543_7,17.485216229296594,34.6299534658263
2024120805_1303_56543_8,17.44476745781173,34.89251240040835
2024120805_1303_56543_9,17.497544862697744,34.92040266266075
2024120805_143_41233_1,65.26985972431783,12.629798581115042
2024120805_143_41233_10,65.67067266033843,13.888601751814214
2024120805_143_41233_2,65.09414583407595,12.756612132742717
2024120805_143_41233_3,64.95946579881871,12.883449252153014
2024120805_143_41233_4,64.86468231775461,13.021458826333179
2024120805_143_41233_5,64.91118970419109,13.134970473507629
2024120805_143_41233_6,65.00187475784372,13.279071261833698
2024120805_143_41233_7,65.12595791854265,13.386302611775463
2024120805_143_41233_8,65.27034716031457,13.465005402003031
2024120805_143_41233_9,65.45623898943,13.698934143929808
2024120805_143_57233_1,64.74024726435688,12.160747407460804
2024120805_143_57233_10,64.82810710326665,13.399885857685677
2024120805_143_57233_2,64.54423006272823,12.301371542973564
2024120805_143_57233_3,64.42425865251033,12.42364852444248
2024120805_143_57233_4,64.3267751055483,12.541550219721096
2024120805_143_57233_5,64.32478468094934,12.695906460165315
2024120805_143_57233_6,64.35724789493368,12.787241246384927
2024120805_143_57233_7,64.41485273499946,12.945951735215067
2024120805_143_57233_8,64.5359897093066,13.103421327728071
2024120805_143_57233_9,64.6636291125528,13.219585855171495
2024120805_1524_52518_1,27.392854023695104,40.59509781262654
2024120805_1524_52518_2,27.057842786485217,40.3631415676163
2024120805_1524_52518_3,26.704694446396353,40.16816696465255
2024120805_1524_52518_4,26.299159158946956,39.96931214099309
2024120805_1524_52518_5,25.929844861630855,39.71652008753066
2024120805_1524_52518_6,25.51675097919449,39.501400649826294
2024120805_1524_52518_7,25.110777714640207,39.22260653958068
2024120805_1524_52518_8,24.688646228441584,38.893162430356426
2024120805_1524_53472_1,24.51313429707146,35.320747603884435
2024120805_1524_53472_2,24.295723354751978,35.292791296186486
2024120805_1524_53472_3,23.97258285705438,35.254449432277156
2024120805_1524_53472_4,23.580193505342855,35.240728467428724
2024120805_1524_53472_5,23.193337201088962,35.191912495108255
2024120805_1524_53472_6,22.775476164064578,35.14228802994404
2024120805_1524_53472_7,22.36060418263603,35.10669525976784
2024120805_1524_53472_8,21.928183099159888,35.07415888582702
2024120805_1524_56663_1,20.883553207341308,34.20248048061274
2024120805_1524_56663_2,20.845818294602555,34.23353970109672
2024120805_1524_56663_3,20.752288160503824,34.31621837962353
2024120805_1524_56663_4,20.662523554382883,34.40738525009526
2024120805_1524_56663_5,20.548648106647807,34.524191423472615
2024120805_1524_56663_6,20.46222936089537,34.67929180996669
2024120805_1524_56663_7,20.37116670364846,34.858226932986305
2024120805_1524_56663_8,20.27381170954473,35.02860469489706
2024120805_1603_47877_1,57.38337763800453,13.863362193109642
2024120805_1603_47877_2,57.13937408644919,14.446750239713946
2024120805_1603_47877_3,56.8466913002203,15.077356489020678
2024120805_1603_47877_4,56.53196369095275,15.72289479806176
2024120805_1603_47877_5,56.31020911912666,16.384220404973544
2024120805_1603_47877_6,56.114759083239775,17.06778854801629
2024120805_1603_47877_7,56.17998663479418,17.094024835231416
2024120805_1603_47877_8,56.25142469563498,17.12124760901058
2024120805_1603_47877_9,56.32968796838431,17.149296545628985
2024120805_1603_55965_1,58.02143337981687,14.387958935462596
2024120805_1603_55965_2,57.78127462401027,15.02296977720001
2024120805_1603_55965_3,57.54711789946207,15.638501893510965
2024120805_1603_55965_4,57.25269182524359,16.28106841046431
2024120805_1603_55965_5,57.04160745296493,16.93844351716918
2024120805_1603_55965_6,56.819161310098956,17.579409219008454
2024120805_1603_55965_7,56.868977294715926,17.645260903465974
2024120805_1603_55965_8,56.9264830466214,17.666787348091663
2024120805_1603_55965_9,56.981050202125765,17.686290697322907
2024120805_1603_56540_1,56.233291229095876,14.227003013700392
2024120805_1603_56540_2,56.141129833682385,13.618106119581665
2024120805_1603_56540_3,55.99398811616175,12.993140759875498
2024120805_1603_56540_4,55.86449703188213,12.416512919449502
2024120805_1603_56540_5,55.69308304237517,11.805866986560012
2024120805_1603_56540_6,55.52851006506906,11.212606046020952
2024120805_1603_56540_7,55.47535048973425,10.900728822393583
2024120805_1603_56540_8,55.51108625530281,10.892314266183782
2024120805_1603_56540_9,55.49116229451125,10.896962975905293
2024120805_1682_47877_1,16.915818387213054,13.809047197404615
2024120805_1682_47877_2,16.724811189356156,13.758324760758503
2024120805_1682_47877_3,16.544877572541367,13.676606260241124
2024120805_1682_47877_4,16.353728965748505,13.566813919014757
2024120805_1682_47877_5,16.223877012763484,13.455429143735588
2024120805_1682_47877_6,16.111396649932868,13.31408485417641
2024120805_1682_47877_7,16.085405470114708,13.067691796883299
2024120805_1682_47877_8,16.089000172358134,12.855408184557396
2024120805_1682_47877_9,16.14074156271102,12.596310590906125
2024120805_1682_55097_1,27.98541034424703,12.846323617290508
2024120805_1682_55097_2,27.763828099270057,12.193471688771021
2024120805_1682_55097_3,27.500816461073537,11.514822210809394
2024120805_1682_55097_4,27.15030404225181,10.844180984598886
2024120805_1682_55097_5,26.826598875871326,10.15468030907811
2024120805_1682_55097_6,26.640046272005474,9.790972235500787
2024120805_1682_55097_7,26.585386348338673,9.814780378303427
2024120805_1682_55097_8,26.542585334179975,9.834105566410338
2024120805_1682_55097_9,26.537700117441407,9.836349892629382
2024120805_1682_57178_1,23.40929145232251,15.13444768423244
2024120805_1682_57178_2,23.30695688134241,14.592565943347847
2024120805_1682_57178_3,23.139868060282843,13.993026257157155
2024120805_1682_57178_4,23.02318013683168,13.401978772794664
2024120805_1682_57178_5,22.861113621543698,12.833410940142858
2024120805_1682_57178_6,22.720059448195805,12.195046745915674
2024120805_1682_57178_7,22.63955234097031,11.694559323906105
2024120805_1682_57178_8,22.71462520158021,11.676960291991444
2024120805_1682_57178_9,22.783194058919484,11.662211826369733
2024120805_1822_43329_1,57.71414987498198,25.41102637215551
2024120805_1822_43329_10,57.44601173282267,28.73315032159113
2024120805_1822_43329_11,57.42382474404566,28.731788350881935
2024120805_1822_43329_2,57.70587074129122,26.150291946478443
2024120805_1822_43329_3,57.66655241692408,26.86958498613983
2024120805_1822_43329_4,57.63265621339003,27.57611530102696
2024120805_1822_43329_5,57.60548690150854,28.286211706977593
2024120805_1822_43329_6,57.59876295454444,28.739174982724016
2024120805_1822_43329_7,57.53590967652045,28.737403904871204
2024120805_1822_43329_8,57.48225923624919,28.735109333967124
2024120805_1822_43329_9,57.44898423090632,28.733323392167236
2024120805_1822_52428_1,50.94943809180389,37.812151845095784
2024120805_1822_52428_10,53.25778798017087,34.9969418319992
2024120805_1822_52428_11,53.267139220125415,35.00500705744934
2024120805_1822_52428_2,51.210177290274416,37.41249045091761
2024120805_1822_52428_3,51.49188754712989,37.051345354289644
2024120805_1822_52428_4,51.81430316998654,36.64069485214839
2024120805_1822_52428_5,52.14009613977931,36.21773186371131
2024120805_1822_52428_6,52.52095126896629,35.834239192031504
2024120805_1822_52428_7,52.89924593870895,35.43073864353686
2024120805_1822_52428_8,53.25476176806224,35.010678213878194
2024120805_1822_52428_9,53.24132125091992,34.982861313538415
2024120805_1822_53472_1,53.538122232241214,23.08497202336757
2024120805_1822_53472_10,55.322677911942684,26.15715039523855
2024120805_1822_53472_11,55.276236197752205,26.184676771403332
2024120805_1822_53472_2,53.71524006313535,23.495874066460544
2024120805_1822_53472_3,53.95653099604768,23.94641580016014
2024120805_1822_53472_4,54.20059018858722,24.376464869391974
2024120805_1822_53472_5,54.44765060240009,24.801948586692266
2024120805_1822_53472_6,54.76993273190333,25.26345810930992
2024120805_1822_53472_7,55.086124518660164,25.697933735486977
2024120805_1822_53472_8,55.31029840471117,26.164570781282404
2024120805_1822_53472_9,55.341122966743015,26.14598114709299
2024120805_1822_55100_1,69.29165912067809,26.301302682271782
2024120805_1822_55100_10,72.43094732143093,27.35764699204467
2024120805_1822_55100_11,72.40045938436417,27.477307663332375
2024120805_1822_55100_2,69.8539187403987,26.186483145174737
2024120805_1822_55100_3,70.33986016291516,26.154944610176152
2024120805_1822_55100_4,70.874650803604,26.141523855804433
2024120805_1822_55100_5,71.33360679909366,26.194579969421618
2024120805_1822_55100_6,71.7893317057312,26.304367275582496
2024120805_1822_55100_7,72.25324908766841,26.419696823431874
2024120805_1822_55100_8,72.5335669109578,26.656767122182636
2024120805_1822_55100_9,72.49522382033126,27.026828728434054
2024120805_1822_56068_1,49.87412794671599,25.931159446565996
2024120805_1822_56068_10,52.136136790481956,26.442446281392947
2024120805_1822_56068_11,52.46298515876053,26.593041215889933
2024120805_1822_56068_2,49.943163489286725,25.723195251805752
2024120805_1822_56068_3,50.064764523066835,25.593430802783004
2024120805_1822_56068_4,50.26694388822036,25.50600272744526
2024120805_1822_56068_5,50.50327492707122,25.563664775455564
2024120805_1822_56068_6,50.753699462740144,25.669049667894647
2024120805_1822_56068_7,51.07218871030148,25.80013896366039
2024120805_1822_56068_8,51.42361713611127,26.06539881917015
2024120805_1822_56068_9,51.758504947517906,26.1849018299426
2024120805_1822_57233_1,59.83160944567303,42.129467755812065
2024120805_1822_57233_10,57.66475038421992,45.04577033513736
2024120805_1822_57233_11,57.63456223189256,45.02341659780998
2024120805_1822_57233_2,59.68475580833375,42.56660621404031
2024120805_1822_57233_3,59.459331450531785,43.01394059401169
2024120805_1822_57233_4,59.183808046354194,43.447265429561114
2024120805_1822_57233_5,58.85674934757612,43.86855070212741
2024120805_1822_57233_6,58.53287738313135,44.27130546757787
2024120805_1822_57233_7,58.18461169299456,44.642162927478836
2024120805_1822_57233_8,57.854227358125016,45.0221635017906
2024120805_1822_57233_9,57.70642879622266,45.07592027865805
2024120805_1847_52518_1,72.61178680192643,20.46525088506435
2024120805_1847_52518_2,72.50189898924954,20.751509967751378
2024120805_1847_52518_3,72.32717086272116,20.979437649774404
2024120805_1847_52518_4,72.15999394286882,21.12326658676571
2024120805_1847_52518_5,71.91831307490068,21.27465927515741
2024120805_1847_52518_6,71.63105135043712,21.36750965574172
2024120805_1847_52518_7,71.38503467553664,21.428335804835818
2024120805_1847_52518_8,71.19666278373224,21.380712135873083
2024120805_1847_57213_1,67.93674901075308,12.736083048398871
2024120805_1847_57213_2,68.00231575182687,13.152995240720214
2024120805_1847_57213_3,68.09973787618618,13.63238602622195
2024120805_1847_57213_4,68.17933016844957,14.09432266920373
2024120805_1847_57213_5,68.2873008967696,14.522581617893747
2024120805_1847_57213_6,68.41567663464197,14.990415019744892
2024120805_1847_57213_7,68.53468131607283,15.448234310459117
2024120805_1847_57213_8,68.6661546425378,15.813795738980005
2024120805_1947_41233_1,70.10557061545143,14.242377069731532
2024120805_1947_41233_10,69.58204309616401,13.84999818929692
2024120805_1947_41233_11,69.25137860891392,13.774311578251549
2024120805_1947_41233_2,70.2816806517249,14.254331864396873
2024120805_1947_41233_3,70.41847811495072,14.232989772240838
2024120805_1947_41233_4,70.52562219720905,14.194053727189074
2024120805_1947_41233_5,70.4839675022205,14.176841287252058
2024120805_1947_41233_6,70.36237419461617,14.122745279450005
2024120805_1947_41233_7,70.22547377878324,14.068459563804913
2024120805_1947_41233_8,70.05349088706173,13.955648949324212
2024120805_1947_41233_9,69.82852609241127,13.910424369023003
2024120805_1947_52518_1,71.3477849721844,20.07302327124757
2024120805_1947_52518_10,71.46663807028182,17.38192714405594
2024120805_1947_52518_11,71.28078589628066,16.93720347245919
2024120805_1947_52518_2,71.52687978290442,19.934560485634744
2024120805_1947_52518_3,71.71909043764403,19.762258387059564
2024120805_1947_52518_4,71.86144677046566,19.52936169519757
2024120805_1947_52518_5,71.91246881464959,19.269986457040844
2024120805_1947_52518_6,71.87031144245843,18.977956296638904
2024120805_1947_52518_7,71.81995201890508,18.592569686602317
2024120805_1947_52518_8,71.71064505324777,18.15894701974811
2024120805_1947_52518_9,71.56962507810829,17.853373571350204
2024120805_1947_54586_1,71.6009649903002,9.878661669354761
2024120805_1947_54586_10,71.94275199604273,12.377982653234085
2024120805_1947_54586_11,71.67680257275276,12.754814542026693
2024120805_1947_54586_2,71.92274554483456,10.04473603319164
2024120805_1947_54586_3,72.15541508486973,10.224619148723567
2024120805_1947_54586_4,72.38611843124822,10.435531581124268
2024120805_1947_54586_5,72.5040212624045,10.697829584139521
2024120805_1947_54586_6,72.50042772467026,11.015949890246764
2024120805_1947_54586_7,72.44634352447372,11.328504656307452
2024120805_1947_54586_8,72.33218479760079,11.66220637020889
2024120805_1947_54586_9,72.14810525554545,12.010422378040957
2024120805_1947_55100_1,70.53846551547468,25.65950454796952
2024120805_1947_55100_10,73.24205106424928,24.88415947913327
2024120805_1947_55100_11,73.40951154961849,24.824244999550082
2024120805_1947_55100_2,70.8063622768029,25.60226568141039
2024120805_1947_55100_3,71.14591934312315,25.538945880745914
2024120805_1947_55100_4,71.52811961808041,25.4805880449761
2024120805_1947_55100_5,71.83075169832631,25.41533027569582
2024120805_1947_55100_6,72.17877272579048,25.337067739765892
2024120805_1947_55100_7,72.45599628928856,25.21836543752131
2024120805_1947_55100_8,72.74374544367004,25.121288580360968
2024120805_1947_55100_9,72.96602562498673,24.94894347027396
2024120805_1947_57801_1,78.74512800953227,16.010369503138882
2024120805_1947_57801_10,79.565778661818,18.605267763592106
2024120805_1947_57801_11,79.44802680043568,18.821751790552185
2024120805_1947_57801_2,79.02630340932738,16.28085845108811
2024120805_1947_57801_3,79.26812274004116,16.577911016818305
2024120805_1947_57801_4,79.50418979677808,16.90151627184215
2024120805_1947_57801_5,79.63791102150154,17.200983161344734
2024120805_1947_57801_6,79.76169938352551,17.5600549029029
2024120805_1947_57801_7,79.81695826288457,17.8724940643627
2024120805_1947_57801_8,79.7366769766774,18.158661834850854
2024120805_1947_57801_9,79.64753469949851,18.337605863972588
2024120805_2274_47890_1,68.88659450000178,20.186215418784453
2024120805_2274_47890_10,68.2952409270099,18.749911391155244
2024120805_2274_47890_2,68.95623951942196,20.217155500937164
2024120805_2274_47890_3,68.99619448964137,20.217488761436506
2024120805_2274_47890_4,68.95926963391044,20.186452412839497
2024120805_2274_47890_5,68.92709893744801,20.093530692566755
2024120805_2274_47890_6,68.84770170606946,19.975263693129335
2024120805_2274_47890_7,68.74288235263363,19.78763307554621
2024120805_2274_47890_8,68.6038852887618,19.551965873517243
2024120805_2274_47890_9,68.44283961993973,19.091691270419464
2024120805_2274_54622_1,67.39348648521592,14.538448790855945
2024120805_2274_54622_10,68.5954834157889,12.029761726121931
2024120805_2274_54622_2,67.69542387573388,14.40564637264551
2024120805_2274_54622_3,67.98001893875065,14.237939771744307
2024120805_2274_54622_4,68.2801039919715,14.026340024610835
2024120805_2274_54622_5,68.45175902845402,13.765477911553141
2024120805_2274_54622_6,68.6145622201295,13.508382621071059
2024120805_2274_54622_7,68.72375168985052,13.178818621124087
2024120805_2274_54622_8,68.72200570682833,12.85147998347883
2024120805_2274_54622_9,68.65917083194422,12.411549729655171
2024120805_2274_55900_1,63.37872195056258,20.351203214843885
2024120805_2274_55900_10,63.39243542978471,16.97158052799245
2024120805_2274_55900_2,63.42800142885176,19.644411490484558
2024120805_2274_55900_3,63.484295526724,18.962678278163228
2024120805_2274_55900_4,63.49398789469631,18.270212916669962
2024120805_2274_55900_5,63.52941423138529,17.572284269610172
2024120805_2274_55900_6,63.54424456091636,16.97873769190421
2024120805_2274_55900_7,63.52262584847121,16.977365193552803
2024120805_2274_55900_8,63.45817983782344,16.97397047741221
2024120805_2274_55900_9,63.420566818630746,16.97247064182137
2024120805_2343_38588_1,75.38465985877176,19.690967259076587
2024120805_2343_38588_10,76.05160249627032,16.19667057055635
2024120805_2343_38588_2,75.47129075869836,19.40172943819746
2024120805_2343_38588_3,75.60212957635464,19.118512894174255
2024120805_2343_38588_4,75.69227112038806,18.78737918396395
2024120805_2343_38588_5,75.8121500204821,18.4640630506974
2024120805_2343_38588_6,75.94396582564387,18.075404421250404
2024120805_2343_38588_7,76.01116983245103,17.648865184012656
2024120805_2343_38588_8,76.01617824935317,17.114850151667024
2024120805_2343_38588_9,76.02782470681552,16.700263283854966
2024120805_2343_48097_1,71.57072045350908,10.665727242573572
2024120805_2343_48097_10,73.86571003487924,8.168912708225896
2024120805_2343_48097_2,72.0001751659044,10.256022826921681
2024120805_2343_48097_3,72.49158875677674,9.81367991115628
2024120805_2343_48097_4,72.98730981532125,9.347726282374829
2024120805_2343_48097_5,73.46573565434197,8.90890746790188
2024120805_2343_48097_6,73.91810178854,8.424548107778191
2024120805_2343_48097_7,73.95666780764856,8.26204034673369
2024120805_2343_48097_8,73.93405137938512,8.238313213751095
2024120805_2343_48097_9,73.89241228546695,8.195627530083028
2024120805_2343_56543_1,79.31486947946108,13.723893132197444
2024120805_2343_56543_10,78.59620588802618,10.284381005254179
2024120805_2343_56543_2,79.25116300277276,13.165824367474222
2024120805_2343_56543_3,79.10384711101571,12.583549497334534
2024120805_2343_56543_4,79.03895137534955,11.97555881371703
2024120805_2343_56543_5,78.91697722009073,11.417780956413557
2024120805_2343_56543_6,78.72825721234453,10.72523860629987
2024120805_2343_56543_7,78.62193021154938,10.278780365450395
2024120805_2343_56543_8,78.62124778218563,10.278926654086948
2024120805_2343_56543_9,78.6373528459289,10.275507483734483
2024120805_2524_38588_1,100.1534521462367,20.575977758046882
2024120805_2524_38588_2,100.3600476554529,20.093466685068446
2024120805_2524_38588_3,100.59484930286679,19.577367621707616
2024120805_2524_38588_4,100.83587413255907,19.10139093889327
2024120805_2524_38588_5,101.04748592968743,18.607072698148137
2024120805_2524_38588_6,101.26747518900257,18.059793814201708
2024120805_2524_38588_7,101.44163758334196,17.575476629721184
2024120805_2524_55900_1,95.02286387969224,30.04821808639967
2024120805_2524_55900_2,95.16994005103268,29.319613838018476
2024120805_2524_55900_3,95.34472052027006,28.59915282170358
2024120805_2524_55900_4,95.47597836036365,27.85071196834661
2024120805_2524_55900_5,95.60341749883247,27.134710912679754
2024120805_2524_55900_6,95.61037684478934,26.793626786269602
2024120805_2524_55900_7,95.57097042735504,26.785155487454386
2024120805_2524_57210_1,97.11309872106419,30.310907291148684
2024120805_2524_57210_2,97.15478523201494,29.741815250442613
2024120805_2524_57210_3,97.18020675014782,29.163257811900554
2024120805_2524_57210_4,97.19274047751948,28.53453244457848
2024120805_2524_57210_5,97.16842659421818,27.977173353746913
2024120805_2524_57210_6,97.12757899815477,27.303064359708518
2024120805_2524_57210_7,97.07887116742374,26.80000983721353
2024120805_2549_38588_1,109.75991393192454,33.760693410102164
2024120805_2549_38588_10,111.38601273019916,36.698952365149594
2024120805_2549_38588_2,110.07741697464155,34.326416557050784
2024120805_2549_38588_3,110.38866544296667,34.88075983706804
2024120805_2549_38588_4,110.75249628696177,35.450291227072015
2024120805_2549_38588_5,111.05092356449862,35.92059422292596
2024120805_2549_38588_6,111.39116284631818,36.41910839666094
2024120805_2549_38588_7,111.52807274843903,36.61146702460042
2024120805_2549_38588_8,111.50203879030036,36.62811631251036
2024120805_2549_38588_9,111.42935621686969,36.673122090680195
2024120805_2549_56543_1,111.97531746562363,30.94871253903175
2024120805_2549_56543_10,111.7987471993055,33.37166591609821
2024120805_2549_56543_2,112.04664518335106,31.15827344293162
2024120805_2549_56543_3,112.11171739744921,31.327007659707565
2024120805_2549_56543_4,112.11780782424024,31.521828621250755
2024120805_2549_56543_5,112.10911966830359,31.773561138251065
2024120805_2549_56543_6,112.11409782081952,31.998184134670897
2024120805_2549_56543_7,112.06061340659554,32.311544728435024
2024120805_2549_56543_8,112.02690166521413,32.68046807899383
2024120805_2549_56543_9,111.92860014965576,33.033013075944545
2024120805_2549_57134_1,104.17773280433353,38.811213756200566
2024120805_2549_57134_10,103.71850798624219,39.26447824981071
2024120805_2549_57134_2,104.23566315187553,39.06035527535564
2024120805_2549_57134_3,104.26313512688999,39.27929945041138
2024120805_2549_57134_4,104.24652512814633,39.446341294185224
2024120805_2549_57134_5,104.1913475834903,39.50220119714377
2024120805_2549_57134_6,104.17766244515232,39.531058451065164
2024120805_2549_57134_7,104.09774053493408,39.50558802944884
2024120805_2549_57134_8,103.99608809397053,39.43231754963571
2024120805_2549_57134_9,103.84248764527497,39.34110701798399
2024120805_2549_57210_1,104.57905852480783,38.337657451356066
2024120805_2549_57210_10,104.27384217292256,40.12158377213486
2024120805_2549_57210_2,104.55114684259274,38.64583435281575
2024120805_2549_57210_3,104.52380679955562,38.94400232506588
2024120805_2549_57210_4,104.4892263762645,39.18725621223128
2024120805_2549_57210_5,104.41921012085044,39.473222184341964
2024120805_2549_57210_6,104.41659103737376,39.70530199114831
2024120805_2549_57210_7,104.39265495170694,39.966000060139855
2024120805_2549_57210_8,104.36059380117267,40.06188813271697
2024120805_2549_57210_9,104.31178913255947,40.06597953425659
2024120805_2656_46902_1,79.8352997885204,29.191615782954166
2024120805_2656_46902_2,79.59240540390964,29.262671641599656
2024120805_2656_46902_3,79.35082527831568,29.328622368952928
2024120805_2656_46902_4,79.10153459686109,29.35760796255556
2024120805_2656_46902_5,78.9814975668765,29.344444707188757
2024120805_2656_46902_6,78.85998157365451,29.283165268308753
2024120805_2656_46902_7,78.7985740223777,29.259431239127622
2024120805_2656_52428_1,85.31692287380511,21.86509816328674
2024120805_2656_52428_2,85.07986651952756,22.22085574831601
2024120805_2656_52428_3,84.81338375658214,22.526402599381086
2024120805_2656_52428_4,84.53897047929495,22.88804489031219
2024120805_2656_52428_5,84.36433018144706,23.213318725339224
2024120805_2656_52428_6,84.23076860512565,23.579156006970354
2024120805_2656_52428_7,84.14743151603028,23.914721026938597
2024120805_2656_54571_1,85.44353572750167,26.986489792900528
2024120805_2656_54571_2,85.23843989322584,26.879065136411146
2024120805_2656_54571_3,85.02872046395586,26.77479364700051
2024120805_2656_54571_4,84.85415118372404,26.713985067614978
2024120805_2656_54571_5,84.738305366894,26.603305960311168
2024120805_2656_54571_6,84.62213084167013,26.45394320502489
2024120805_2656_54571_7,84.54426509974729,26.40312992160653
2024120805_2802_54622_1,75.81608562232114,12.389462772211207
2024120805_2802_54622_10,76.62955264545444,15.224835504241042
2024120805_2802_54622_11,76.43950619826332,15.52052991230271
2024120805_2802_54622_12,76.25276874613579,15.757951380596424
2024120805_2802_54622_13,76.06244399810353,16.04691062061413
2024120805_2802_54622_14,75.9804886945559,16.12765497175951
2024120805_2802_54622_15,75.81307499193927,16.148613961046532
2024120805_2802_54622_16,75.88061470137681,16.141021217372234
2024120805_2802_54622_2,76.12625312832785,12.699315040965182
2024120805_2802_54622_3,76.37080239828255,12.991279229703016
2024120805_2802_54622_4,76.59356975699043,13.336307306416725
2024120805_2802_54622_5,76.70193773780292,13.69873631847655
2024120805_2802_54622_6,76.80371272226155,14.082139659235988
2024120805_2802_54622_7,76.8423084162189,14.418619508767964
2024120805_2802_54622_8,76.82453876911165,14.845228186130123
2024120805_2802_54622_9,76.69983440755786,14.951178259799796
2024120805_2802_54831_1,65.12438278931805,23.045051702169268
2024120805_2802_54831_10,63.77999612593952,19.630536268707345
2024120805_2802_54831_11,63.75243044590491,19.641120491882724
2024120805_2802_54831_12,63.72301290654746,19.652674465993783
2024120805_2802_54831_13,63.68200172314749,19.669232345651405
2024120805_2802_54831_14,63.67392588946976,19.672555232438313
2024120805_2802_54831_15,63.557268885802536,19.722886828401464
2024120805_2802_54831_16,63.38555213477742,19.80520281861798
2024120805_2802_54831_2,65.11644012792773,22.61587323830826
2024120805_2802_54831_3,64.98577109177883,22.198278461309574
2024120805_2802_54831_4,64.84595345080126,21.785291028447197
2024120805_2802_54831_5,64.65874160383446,21.32610603905406
2024120805_2802_54831_6,64.44669800846873,20.87714569622322
2024120805_2802_54831_7,64.16429568980095,20.454883161907674
2024120805_2802_54831_8,63.89201279397856,19.878154845134215
2024120805_2802_54831_9,63.750849165524336,19.6417347386568
2024120805_2802_55965_1,52.52802033046813,20.255540067033998
2024120805_2802_55965_10,54.431009158847544,17.28661755877123
2024120805_2802_55965_11,54.393351965131195,17.26194383077645
2024120805_2802_55965_12,54.37224742823939,17.24837857883823
2024120805_2802_55965_13,54.32869594685171,17.220970520320375
2024120805_2802_55965_14,54.31715565898184,17.213838209655854
2024120805_2802_55965_15,54.31249780631929,17.210974782940298
2024120805_2802_55965_16,54.330337747881245,17.22198961304302
2024120805_2802_55965_2,52.7718341296062,19.789578539032345
2024120805_2802_55965_3,53.04838611208659,19.316827975395928
2024120805_2802_55965_4,53.3646096855179,18.920140230550633
2024120805_2802_55965_5,53.66709984366528,18.503305225341354
2024120805_2802_55965_6,53.978059045697684,18.06980997383325
2024120805_2802_55965_7,54.300127009700425,17.63440607566732
2024120805_2802_55965_8,54.481674551234605,17.320783695436482
2024120805_2802_55965_9,54.46621417522709,17.31023839544162
2024120805_2802_56543_1,67.03254370423242,13.59488126534331
2024120805_2802_56543_10,64.07770278240935,11.649549844106922
2024120805_2802_56543_11,63.99153597017429,11.777278351843727
2024120805_2802_56543_12,63.938420472232586,11.86166929685016
2024120805_2802_56543_13,63.894247357497875,11.935608361355808
2024120805_2802_56543_14,63.81202034585324,12.08380066261838
2024120805_2802_56543_15,63.77157550088308,12.1625778047367
2024120805_2802_56543_16,63.74640481271862,12.213883147307609
2024120805_2802_56543_2,66.78316181511798,13.221277459574406
2024120805_2802_56543_3,66.43408593676392,12.87835874144924
2024120805_2802_56543_4,65.98173842620892,12.55283596502179
2024120805_2802_56543_5,65.5121538329286,12.246580751421428
2024120805_2802_56543_6,65.08215928907902,11.959654502679744
2024120805_2802_56543_7,64.56216498749403,11.704748684118645
2024120805_2802_56543_8,64.18540755886887,11.503501546794729
2024120805_2802_56543_9,64.14313563997801,11.559179852765826
2024120805_2870_47890_1,66.99697698066609,13.51381614302801
2024120805_2870_47890_10,70.18021605317924,15.183420317613278
2024120805_2870_47890_11,70.15891669243851,15.224421798837398
2024120805_2870_47890_12,70.1579956423429,15.226169026311045
2024120805_2870_47890_2,67.33494632162177,13.629022375177572
2024120805_2870_47890_3,67.70544505216934,13.78816076480588
2024120805_2870_47890_4,68.14897473094133,14.019111531237257
2024120805_2870_47890_5,68.51675982603666,14.230181557848525
2024120805_2870_47890_6,68.98437025810087,14.441647983649194
2024120805_2870_47890_7,69.36864290230938,14.674076898453988
2024120805_2870_47890_8,69.76850107207056,14.857244219169031
2024120805_2870_47890_9,70.01406161872129,15.111478014811778
2024120805_2870_48097_1,69.68323302845242,1.90329256782318
2024120805_2870_48097_10,68.09079523589797,1.2789333965658811
2024120805_2870_48097_11,67.74127388865439,1.3082262543747936
2024120805_2870_48097_12,67.38625378217871,1.3698242122513464
2024120805_2870_48097_2,69.73810275150574,1.6763836765312243
2024120805_2870_48097_3,69.76209962308404,1.5311396718034755
2024120805_2870_48097_4,69.65686838284324,1.4567501497717958
2024120805_2870_48097_5,69.5113998458165,1.3721862970315657
2024120805_2870_48097_6,69.31201191742257,1.3493864859609475
2024120805_2870_48097_7,69.09248304622491,1.3390850086824995
2024120805_2870_48097_8,68.80889457319014,1.3219471980831536
2024120805_2870_48097_9,68.44628834005287,1.314266029008183
2024120805_2870_57210_1,70.91676071961164,2.4518843756338593
2024120805_2870_57210_10,70.70204108866373,1.9659548238968847
2024120805_2870_57210_11,70.29140007904911,1.9943466329646724
2024120805_2870_57210_12,69.88452496830061,1.9825584186896528
2024120805_2870_57210_2,71.14383225088245,2.3131016880980786
2024120805_2870_57210_3,71.32076754719161,2.185719617892471
2024120805_2870_57210_4,71.48864892229366,2.124907332266986
2024120805_2870_57210_5,71.5057113280306,2.0640741031883962
2024120805_2870_57210_6,71.49444870372204,2.025400387242431
2024120805_2870_57210_7,71.40348759668332,2.0078955507652614
2024120805_2870_57210_8,71.20769730998762,1.9930284875179214
2024120805_2870_57210_9,70.9449629258752,1.9718619980605947
2024120805_2968_43329_1,75.2952379732727,17.116335814394276
2024120805_2968_43329_2,75.36926349993351,16.418124355081112
2024120805_2968_43329_3,75.46719803909131,15.757749756021132
2024120805_2968_43329_4,75.56089336740756,15.134881674201296
2024120805_2968_43329_5,75.68751015412965,14.509646547709554
2024120805_2968_43329_6,75.79075504971408,13.968024559648104
2024120805_2968_43329_7,75.80847593584133,13.801285211698426
2024120805_2968_43329_8,75.79206062862458,13.79866597535526
2024120805_2968_43329_9,75.7821369621157,13.797116452561273
2024120805_2968_57233_1,77.74497882795434,7.948436892896553
2024120805_2968_57233_2,77.75653712065797,7.936646855238191
2024120805_2968_57233_3,77.77337026009245,7.972979400528913
2024120805_2968_57233_4,77.78946493200115,8.051299566260298
2024120805_2968_57233_5,77.78471128316286,8.175626051273396
2024120805_2968_57233_6,77.80839396193355,8.391066797654746
2024120805_2968_57233_7,77.81538641523632,8.62075205941034
2024120805_2968_57233_8,77.80960771203362,8.919135641971462
2024120805_2968_57233_9,77.8192679311463,9.247782634435685
2024120805_3013_41233_1,60.462756153474714,42.00425439119783
2024120805_3013_41233_10,61.10660776335995,45.70601558457918
2024120805_3013_41233_11,60.863819547816924,45.76245164615959
2024120805_3013_41233_12,60.690322780685854,45.793164062289335
2024120805_3013_41233_13,60.57335366121178,45.80945867404725
2024120805_3013_41233_2,60.788867970265635,42.356165120342226
2024120805_3013_41233_3,61.04484361798842,42.77090220450215
2024120805_3013_41233_4,61.262259664000396,43.230432756270815
2024120805_3013_41233_5,61.388863542499564,43.71602648984501
2024120805_3013_41233_6,61.44200534343913,44.20212475979922
2024120805_3013_41233_7,61.49578398250394,44.67879708276684
2024120805_3013_41233_8,61.45146349314183,45.21953470698041
2024120805_3013_41233_9,61.29477080516558,45.65108014753264
2024120805_3013_53472_1,52.17750425403527,37.318659174419146
2024120805_3013_53472_10,52.825675297179345,40.269721254293344
2024120805_3013_53472_11,52.917704387567774,40.59348047639906
2024120805_3013_53472_12,52.924145527755215,41.05331520586098
2024120805_3013_53472_13,52.938091547528074,41.050165817399204
2024120805_3013_53472_2,52.268329798788805,37.58471487866948
2024120805_3013_53472_3,52.38369853607687,37.7957263461267
2024120805_3013_53472_4,52.425847825174074,38.11567798671644
2024120805_3013_53472_5,52.488228910548735,38.400532848794015
2024120805_3013_53472_6,52.59623012887357,38.682033195018846
2024120805_3013_53472_7,52.68354760082748,39.05269162915393
2024120805_3013_53472_8,52.721566288423666,39.38811065682076
2024120805_3013_53472_9,52.744888021750945,39.83870733647806
2024120805_3013_57233_1,62.821502720307954,42.782843718155476
2024120805_3013_57233_10,63.51941552210931,44.72105058639113
2024120805_3013_57233_11,63.29472253799705,45.23160280623709
2024120805_3013_57233_12,63.045347788402744,45.58846732080716
2024120805_3013_57233_13,62.805275792235726,46.07271653843566
2024120805_3013_57233_2,63.1099488843462,42.877947526175376
2024120805_3013_57233_3,63.36824680802268,42.985657811538125
2024120805_3013_57233_4,63.59678862313371,43.113264480898785
2024120805_3013_57233_5,63.73539310950961,43.275063897279445
2024120805_3013_57233_6,63.80730216622943,43.45678965031612
2024120805_3013_57233_7,63.82934066621645,43.76758699719697
2024120805_3013_57233_8,63.78795087082556,44.1467359561038
2024120805_3013_57233_9,63.66967085522789,44.38095013925828
2024120805_3068_43329_1,60.32843212862021,31.729299133819758
2024120805_3068_43329_10,60.45220313924824,35.22169822567567
2024120805_3068_43329_11,60.34330555412007,35.23065208632463
2024120805_3068_43329_2,60.47968824941592,32.238666747725375
2024120805_3068_43329_3,60.629571107572694,32.74519218961177
2024120805_3068_43329_4,60.71966765970698,33.17673374838834
2024120805_3068_43329_5,60.72227935654432,33.62739319399071
2024120805_3068_43329_6,60.69882595644004,34.02979087332934
2024120805_3068_43329_7,60.68095934111555,34.478082776718566
2024120805_3068_43329_8,60.63512245051511,34.74582940696721
2024120805_3068_43329_9,60.508903102249995,34.969653137514165
2024120805_3068_46902_1,63.2919529778896,24.924408598806554
2024120805_3068_46902_10,65.69806700161583,25.148861749478883
2024120805_3068_46902_11,65.76859918462638,25.290493914028847
2024120805_3068_46902_2,63.70056401258793,24.885147882555064
2024120805_3068_46902_3,64.08776572814136,24.825590796414687
2024120805_3068_46902_4,64.43954549728032,24.805351904424437
2024120805_3068_46902_5,64.7484473868913,24.82607931071041
2024120805_3068_46902_6,65.03294141821101,24.815775362480924
2024120805_3068_46902_7,65.24807479978412,24.86825137377979
2024120805_3068_46902_8,65.44537378903124,24.893067941467894
2024120805_3068_46902_9,65.6065362994895,24.96975854024688
2024120805_3068_53472_1,65.38642941455835,35.492314109925566
2024120805_3068_53472_10,62.74258234934745,37.71946758597774
2024120805_3068_53472_11,62.39641292968363,37.77568906579087
2024120805_3068_53472_2,65.37630429957586,35.75658071732155
2024120805_3068_53472_3,65.23181938860523,36.0427799716474
2024120805_3068_53472_4,65.05346208660164,36.33423715354626
2024120805_3068_53472_5,64.80228498030418,36.62821094146529
2024120805_3068_53472_6,64.51484303671153,36.936743201062484
2024120805_3068_53472_7,64.13126950181027,37.13887620659036
2024120805_3068_53472_8,63.71372109947542,37.28708526299632
2024120805_3068_53472_9,63.21254660220016,37.5167273028425
2024120805_3068_53509_1,53.90466174384673,25.483634988253407
2024120805_3068_53509_10,54.25566354541477,26.976695283712118
2024120805_3068_53509_11,54.37459447623398,27.267162950178186
2024120805_3068_53509_2,53.88989991352669,25.394101483008065
2024120805_3068_53509_3,53.86732712050351,25.372679389410255
2024120805_3068_53509_4,53.878930884092945,25.41045611048368
2024120805_3068_53509_5,53.89291327606294,25.53472837080357
2024120805_3068_53509_6,53.925793849141556,25.697699604971206
2024120805_3068_53509_7,53.957440245113176,25.88772387353537
2024120805_3068_53509_8,54.048811796560635,26.186222043844268
2024120805_3068_53509_9,54.1674931419405,26.564661012218995
2024120805_3068_57233_1,56.67987961393716,43.15479744048398
2024120805_3068_57233_10,57.32657098135553,42.799712183232685
2024120805_3068_57233_11,57.370438821526605,42.683141758505336
2024120805_3068_57233_2,56.730767702511386,43.150727139294624
2024120805_3068_57233_3,56.802267763763204,43.12943713891535
2024120805_3068_57233_4,56.860406960490394,43.1149220786007
2024120805_3068_57233_5,56.927609602756164,43.08332066757183
2024120805_3068_57233_6,56.99691495346974,43.05598173511484
2024120805_3068_57233_7,57.06681978014319,42.997191217645124
2024120805_3068_57233_8,57.15051012180332,42.910036958046305
2024120805_3068_57233_9,57.194093455804065,42.820677031289634
2024120805_312_41233_1,45.90067527998499,38.513333474259845
2024120805_312_41233_10,46.63955026121401,41.99356468790715
2024120805_312_41233_11,46.77673320915165,41.96780315090637
2024120805_312_41233_2,45.85530634972239,39.05914697074575
2024120805_312_41233_3,45.85622342074272,39.62803304887613
2024120805_312_41233_4,45.93817687541471,40.18316589698412
2024120805_312_41233_5,46.0302942148029,40.76763534093349
2024120805_312_41233_6,46.117888249166576,41.31078699237396
2024120805_312_41233_7,46.256670576395365,41.889119679470454
2024120805_312_41233_8,46.38140730266793,42.02878675368654
2024120805_312_41233_9,46.523237220303955,42.011556332815466
2024120805_312_54586_1,38.66556672737317,46.6730294050391
2024120805_312_54586_10,35.72934295405382,47.87241711907246
2024120805_312_54586_11,35.714568318894564,47.83657759729133
2024120805_312_54586_2,38.08878411417825,47.01301857668864
2024120805_312_54586_3,37.43979303393767,47.28789298278233
2024120805_312_54586_4,36.77997592722424,47.563171495773595
2024120805_312_54586_5,36.073927916609755,47.8483026970517
2024120805_312_54586_6,35.77703517777602,47.98191019853943
2024120805_312_54586_7,35.75769500741386,47.938577676482744
2024120805_312_54586_8,35.734120128103655,47.883798432857155
2024120805_312_54586_9,35.72487712539866,47.8616876122754
2024120805_312_57801_1,42.56944958314346,38.26192263795741
2024120805_312_57801_10,43.94482182970249,41.461213474017306
2024120805_312_57801_11,44.02259737628759,41.42717340681974
2024120805_312_57801_2,42.65331012953665,38.842069465804315
2024120805_312_57801_3,42.80468268621555,39.43726010624096
2024120805_312_57801_4,43.00424974713161,40.05706321514733
2024120805_312_57801_5,43.20754305205578,40.64930908503814
2024120805_312_57801_6,43.45976163941773,41.22051881964911
2024120805_312_57801_7,43.66687671662132,41.56734053343741
2024120805_312_57801_8,43.791136578639666,41.522818931824666
2024120805_312_57801_9,43.8711293642642,41.491675257754785
2024120805_3169_48097_1,87.02402720824877,40.84630826982863
2024120805_3169_48097_2,86.7697467169025,40.35990158096158
2024120805_3169_48097_3,86.48271316003786,39.822385393256035
2024120805_3169_48097_4,86.10879849763616,39.27126724728698
2024120805_3169_48097_5,85.80802891619737,38.695594145996736
2024120805_3169_48097_6,85.48071034790996,38.15769715308467
2024120805_3169_48097_7,85.2612095443153,37.780512886803386
2024120805_3169_48097_8,85.27225521677748,37.773906098083906
2024120805_3169_48097_9,85.35037094816226,37.728540335124244
2024120805_3169_54622_1,86.64356843832947,41.66810946005553
2024120805_3169_54622_2,86.42107595533716,41.24929673867329
2024120805_3169_54622_3,86.1490913740186,40.788511938892704
2024120805_3169_54622_4,85.76019812507576,40.27424088213365
2024120805_3169_54622_5,85.46497669467975,39.721467318621336
2024120805_3169_54622_6,85.15458510012036,39.16636448659393
2024120805_3169_54622_7,84.83991870967448,38.60530825189675
2024120805_3169_54622_8,84.80734483339253,38.54683720645237
2024120805_3169_54622_9,84.91792532681445,38.483094802004025
2024120805_3169_57210_1,87.34830649423911,30.74161919707907
2024120805_3169_57210_2,87.15875693800066,30.262239336193918
2024120805_3169_57210_3,86.89237927248593,29.715452071508892
2024120805_3169_57210_4,86.55484878033347,29.23862266773718
2024120805_3169_57210_5,86.26046216880434,28.714454385115186
2024120805_3169_57210_6,85.94107017844199,28.193403708098757
2024120805_3169_57210_7,85.6553871876268,27.72638773842071
2024120805_3169_57210_8,85.6603089475596,27.71624595010845
2024120805_3169_57210_9,85.67608859765218,27.70760151122299
2024120805_3249_46902_1,32.976779964148555,41.52170467754869
2024120805_3249_46902_10,31.87131032422314,44.27786121716818
2024120805_3249_46902_11,31.955941884225503,44.44177557858719
2024120805_3249_46902_2,32.71387615925989,41.91609655587692
2024120805_3249_46902_3,32.423245028154376,42.27489818658887
2024120805_3249_46902_4,32.19491089639497,42.67928100016621
2024120805_3249_46902_5,32.0464447501792,43.01788627652089
2024120805_3249_46902_6,31.932049257093976,43.32100531711713
2024120805_3249_46902_7,31.889898787753616,43.64630287343271
2024120805_3249_46902_8,31.81243833113657,44.12488973796741
2024120805_3249_46902_9,31.853431835532533,44.13408517215791
2024120805_3249_53472_1,40.663644987472715,30.555816088596483
2024120805_3249_53472_10,43.89465183801072,30.05727239573115
2024120805_3249_53472_11,43.898630970202845,30.07776419922801
2024120805_3249_53472_2,41.24859681613351,30.37129465458228
2024120805_3249_53472_3,41.86649114660715,30.22264212992252
2024120805_3249_53472_4,42.572277691063576,30.133532625865367
2024120805_3249_53472_5,43.21366413041825,29.971852803537008
2024120805_3249_53472_6,43.84854097515646,29.85177717056268
2024120805_3249_53472_7,43.859020380382766,29.894307485886813
2024120805_3249_53472_8,43.867221582892476,29.92907606656441
2024120805_3249_53472_9,43.89008955023627,30.034451184320908
2024120805_3249_55100_1,36.37475078841352,36.34253942697262
2024120805_3249_55100_10,38.40407092627251,37.034829525324554
2024120805_3249_55100_11,38.77399627385978,37.07517420229119
2024120805_3249_55100_2,36.401426536827124,36.50209099049904
2024120805_3249_55100_3,36.520370226081084,36.63911367456569
2024120805_3249_55100_4,36.71825924056179,36.74015271602536
2024120805_3249_55100_5,36.91542904131666,36.80970956536564
2024120805_3249_55100_6,37.135616163315035,36.82787097824654
2024120805_3249_55100_7,37.445832951163894,36.86310710646672
2024120805_3249_55100_8,37.756027718595064,36.87711373052574
2024120805_3249_55100_9,38.082974025799075,36.982492573472236
2024120805_3249_57213_1,42.893016552696885,40.14548464135859
2024120805_3249_57213_10,45.888826704887485,38.517259156644904
2024120805_3249_57213_11,45.74263630207656,38.23245218928269
2024120805_3249_57213_2,43.406506076177,40.07936244667446
2024120805_3249_57213_3,43.91514487913831,39.98128238309801
2024120805_3249_57213_4,44.42328524726894,39.850152011575446
2024120805_3249_57213_5,44.9219963538715,39.66594048497908
2024120805_3249_57213_6,45.309959853991025,39.4821096386569
2024120805_3249_57213_7,45.6609936275865,39.24118053204522
2024120805_3249_57213_8,45.846515832997454,38.93486051359832
2024120805_3249_57213_9,45.92467667454352,38.75852903237427
2024120805_3249_57233_1,46.49047905574154,41.1052387300769
2024120805_3249_57233_10,48.21689472358925,38.65740692310313
2024120805_3249_57233_11,48.21633321549271,38.21628590993359
2024120805_3249_57233_2,46.77275234042443,40.99828454722155
2024120805_3249_57233_3,47.07738895960103,40.863438597055044
2024120805_3249_57233_4,47.419816131988014,40.677685216370875
2024120805_3249_57233_5,47.61131378895436,40.4366064732506
2024120805_3249_57233_6,47.845561858394646,40.13091750329627
2024120805_3249_57233_7,47.99885815783706,39.711780926191736
2024120805_3249_57233_8,48.14719291924993,39.33424900136707
2024120805_3249_57233_9,48.19011489275517,39.059545110425574
2024120805_3272_41233_1,45.85737358830532,33.8466503075456
2024120805_3272_41233_10,46.22027971856286,30.528272015408465
2024120805_3272_41233_11,46.16746797513181,30.519521049267063
2024120805_3272_41233_2,46.03099821842321,33.10462253128891
2024120805_3272_41233_3,46.200517736603416,32.39365999060229
2024120805_3272_41233_4,46.355395446613386,31.658602644252685
2024120805_3272_41233_5,46.46595970846433,30.917643223139333
2024120805_3272_41233_6,46.46025977637912,30.57729888843509
2024120805_3272_41233_7,46.41745534643442,30.567427500351382
2024120805_3272_41233_8,46.33454725400296,30.549707324553896
2024120805_3272_41233_9,46.267447234974576,30.53670360634647
2024120805_3272_46902_1,43.06492743793516,29.747687236472288
2024120805_3272_46902_10,43.231234409949735,28.197442184802018
2024120805_3272_46902_11,43.30275501213545,27.845447324355245
2024120805_3272_46902_2,43.07710983466556,29.769224193612548
2024120805_3272_46902_3,43.09037367016803,29.763951008911025
2024120805_3272_46902_4,43.07592152436995,29.715069563308646
2024120805_3272_46902_5,43.10330799386216,29.570685342891025
2024120805_3272_46902_6,43.11478799658431,29.38850466988091
2024120805_3272_46902_7,43.12229683883586,29.1515106153229
2024120805_3272_46902_8,43.151315303195304,28.868300505840363
2024120805_3272_46902_9,43.17460094162493,28.564949577921873
2024120805_3272_52518_1,46.89398734775475,27.28142415846171
2024120805_3272_52518_10,46.816309815286026,23.975324010621556
2024120805_3272_52518_11,46.70528873332147,23.97113515390905
2024120805_3272_52518_2,47.12537383273121,26.568779165299258
2024120805_3272_52518_3,47.30542224620183,25.832856397708273
2024120805_3272_52518_4,47.451731310948745,25.129182824979893
2024120805_3272_52518_5,47.478255939530946,24.36948474879719
2024120805_3272_52518_6,47.36287004254051,24.041490524506138
2024120805_3272_52518_7,47.21210151089887,24.015575418525053
2024120805_3272_52518_8,47.079042941474285,23.997595348022415
2024120805_3272_52518_9,46.90891722905749,23.98118457556976
2024120805_3272_57233_1,46.86957285898904,36.751878745052835
2024120805_3272_57233_10,46.76809733416584,33.320040939397494
2024120805_3272_57233_11,46.747248685209335,33.320000946216744
2024120805_3272_57233_2,46.93631515644411,36.04363311230007
2024120805_3272_57233_3,47.001471422259144,35.33883646162403
2024120805_3272_57233_4,46.99136877910654,34.62998320642576
2024120805_3272_57233_5,46.97627396297177,33.87577538052266
2024120805_3272_57233_6,46.98851721260625,33.327117640188916
2024120805_3272_57233_7,46.90183941647508,33.32288293996729
2024120805_3272_57233_8,46.85074063086257,33.32126878556542
2024120805_3272_57233_9,46.805807619914226,33.32038933025232
2024120805_3419_53488_1,71.79415358311205,16.538467919782438
2024120805_3419_53488_2,71.71681983161248,16.89700207559797
2024120805_3419_53488_3,71.64131358151565,17.204186676085616
2024120805_3419_53488_4,71.63463464559096,17.519656894965657
2024120805_3419_53488_5,71.61064911134045,17.806093605486154
2024120805_3419_53488_6,71.5844948756866,18.053767531862228
2024120805_3419_53488_7,71.58254204476479,18.31014737624069
2024120805_3419_53488_8,71.59633141747736,18.543071124190107
2024120805_3419_55947_1,69.78431052986308,21.70546174282569
2024120805_3419_55947_2,69.42727586060447,21.532758219828484
2024120805_3419_55947_3,69.01843393186101,21.371027435069355
2024120805_3419_55947_4,68.65051926850107,21.250933236672477
2024120805_3419_55947_5,68.29632731138273,21.08193781684865
2024120805_3419_55947_6,67.86653476863799,20.906169767624284
2024120805_3419_55947_7,67.55521774117304,20.684885734623595
2024120805_3419_55947_8,67.31448264117319,20.515577679119257
2024120805_3419_57210_1,71.47101074912746,15.452475725247043
2024120805_3419_57210_2,71.51289214828932,15.18487904885364
2024120805_3419_57210_3,71.58022839734645,14.949310472711815
2024120805_3419_57210_4,71.6276104570443,14.759007138759841
2024120805_3419_57210_5,71.67981632963821,14.536263283390046
2024120805_3419_57210_6,71.74050923799996,14.383282483653819
2024120805_3419_57210_7,71.77944522614244,14.250161435894386
2024120805_3419_57210_8,71.77545611446793,14.110035399624486
2024120805_3444_47890_1,60.22831236000987,31.970142440971173
2024120805_3444_47890_10,57.49209272665825,34.30811683214053
2024120805_3444_47890_11,57.536494718034646,34.36195166894139
2024120805_3444_47890_12,57.58030186899442,34.41324669019164
2024120805_3444_47890_13,57.61638382370039,34.45421367621354
2024120805_3444_47890_14,57.658948199116715,34.501127865763834
2024120805_3444_47890_15,57.66746672848349,34.51033979705636
2024120805_3444_47890_16,57.662565073077005,34.505046233509276
2024120805_3444_47890_17,57.67763379971192,34.52125901214327
2024120805_3444_47890_18,57.714631738531835,34.560315865693326
2024120805_3444_47890_19,57.72495000634242,34.57102274963179
2024120805_3444_47890_2,59.85691551739921,32.1998552009539
2024120805_3444_47890_20,57.70546262180796,34.550734207823915
2024120805_3444_47890_3,59.454133690394364,32.39744511226168
2024120805_3444_47890_4,59.11457077212456,32.656844249274926
2024120805_3444_47890_5,58.7469695756096,32.95840304040613
2024120805_3444_47890_6,58.394544759570024,33.22730188575729
2024120805_3444_47890_7,57.974972555860816,33.493017058956475
2024120805_3444_47890_8,57.675789470452706,33.946280817616
2024120805_3444_47890_9,57.434752614927284,34.235651036286725
2024120805_3444_48097_1,58.07377312775667,32.654138869318686
2024120805_3444_48097_10,55.455092256455806,34.822737106171836
2024120805_3444_48097_11,55.52470136212418,34.91558470167392
2024120805_3444_48097_12,55.60206894413638,35.012573852267224
2024120805_3444_48097_13,55.64383940534873,35.06247095096432
2024120805_3444_48097_14,55.692405964147135,35.11847692008432
2024120805_3444_48097_15,55.754146103824155,35.18675576751189
2024120805_3444_48097_16,55.77465261210819,35.208749643160616
2024120805_3444_48097_17,55.806631101920914,35.24239676049267
2024120805_3444_48097_18,55.840174431847394,35.27686555273025
2024120805_3444_48097_19,55.86620748160993,35.303054149338536
2024120805_3444_48097_2,57.525874643645444,32.9533127174453
2024120805_3444_48097_20,55.882599632312036,35.319298716439796
2024120805_3444_48097_3,56.941062371166126,33.28365848269349
2024120805_3444_48097_4,56.35360588305527,33.68290485353816
2024120805_3444_48097_5,55.77023432957569,34.09353194511815
2024120805_3444_48097_6,55.24017354956775,34.49452400872354
2024120805_3444_48097_7,55.278613154718876,34.55864544426356
2024120805_3444_48097_8,55.35265172283113,34.67501847540514
2024120805_3444_48097_9,55.40476991802339,34.75194288019573
2024120805_3444_54622_1,50.084337799213934,38.42931604127095
2024120805_3444_54622_10,46.8642501176218,39.36918272824457
2024120805_3444_54622_11,46.924478686996395,39.588497618206894
2024120805_3444_54622_12,46.97047750013869,39.7296601364637
2024120805_3444_54622_13,47.02675846679478,39.88200974190177
2024120805_3444_54622_14,47.07396536820827,39.996949392297616
2024120805_3444_54622_15,47.126896888956985,40.11502915808266
2024120805_3444_54622_16,47.2033181173621,40.26960742412224
2024120805_3444_54622_17,47.26769388171817,40.38813213443025
2024120805_3444_54622_18,47.31490355991069,40.469417587336885
2024120805_3444_54622_19,47.33452262114522,40.50194963304382
2024120805_3444_54622_2,49.573448633296046,38.38880034653242
2024120805_3444_54622_20,47.34865786292302,40.524963578436605
2024120805_3444_54622_3,48.988227961035044,38.393568908064346
2024120805_3444_54622_4,48.42791729956711,38.42571190745987
2024120805_3444_54622_5,47.9074949585094,38.524111715872934
2024120805_3444_54622_6,47.40027673343347,38.64657524762035
2024120805_3444_54622_7,46.993227896723525,38.765305449070766
2024120805_3444_54622_8,46.79055712990043,38.98816560826723
2024120805_3444_54622_9,46.82409378816523,39.18632918245174
2024120805_3444_54831_1,55.59211804321781,28.54035366881892
2024120805_3444_54831_10,52.640590663275816,30.337558849183065
2024120805_3444_54831_11,52.69246570450385,30.42842482763791
2024120805_3444_54831_12,52.739040665860486,30.50558201158951
2024120805_3444_54831_13,52.79066126103671,30.58676244975987
2024120805_3444_54831_14,52.81578791491274,30.624772800391042
2024120805_3444_54831_15,52.875180321279785,30.71105007852301
2024120805_3444_54831_16,52.9328413202662,30.790425318433552
2024120805_3444_54831_17,52.9858914110017,30.859999798538034
2024120805_3444_54831_18,53.01555588381829,30.897568610640647
2024120805_3444_54831_19,53.04613631659778,30.935351555213767
2024120805_3444_54831_2,55.07742524567619,28.73621209470001
2024120805_3444_54831_20,53.04411949998159,30.932888455815956
2024120805_3444_54831_3,54.49930324475749,28.956495539749785
2024120805_3444_54831_4,53.91962760837904,29.201465569183327
2024120805_3444_54831_5,53.39280431611644,29.435877087669958
2024120805_3444_54831_6,52.87629490529227,29.75088021951008
2024120805_3444_54831_7,52.472449024314415,29.99658067154395
2024120805_3444_54831_8,52.54259489234028,30.148907227780754
2024120805_3444_54831_9,52.57944222529826,30.22275295446503
2024120805_3444_56540_1,48.65610340064952,23.26300781343306
2024120805_3444_56540_10,45.757461140300876,24.482289991866658
2024120805_3444_56540_11,45.46526091073068,24.835442537455165
2024120805_3444_56540_12,45.420864508610435,25.065343437441467
2024120805_3444_56540_13,45.515068663064426,25.247551899007384
2024120805_3444_56540_14,45.597041754193164,25.38962722427566
2024120805_3444_56540_15,45.63739574113375,25.454944595978986
2024120805_3444_56540_16,45.716066861359884,25.574778440422836
2024120805_3444_56540_17,45.83075201399704,25.734269513491824
2024120805_3444_56540_18,45.90154098680125,25.825037601114897
2024120805_3444_56540_19,45.97066524630461,25.90873667256936
2024120805_3444_56540_2,48.34166198764806,23.17783127616088
2024120805_3444_56540_20,46.04642744918011,25.99541889897834
2024120805_3444_56540_3,48.02632327283654,23.137689729015893
2024120805_3444_56540_4,47.68732951738661,23.104669220298366
2024120805_3444_56540_5,47.384564951152754,23.160211301558437
2024120805_3444_56540_6,47.05102785829059,23.313355195180385
2024120805_3444_56540_7,46.686659862253876,23.461889329504007
2024120805_3444_56540_8,46.316106446194865,23.787476002225137
2024120805_3444_56540_9,46.07258081558588,24.111516297573885
2024120805_3444_57210_1,61.088836127030966,41.28807902364823
2024120805_3444_57210_10,58.22648803267719,43.1058185467513
2024120805_3444_57210_11,58.15349201907672,42.99275496343625
2024120805_3444_57210_12,58.08328085369168,42.87545943597442
2024120805_3444_57210_13,58.062037410337375,42.83809013406279
2024120805_3444_57210_14,57.998427528462884,42.720199168410794
2024120805_3444_57210_15,57.951699799812474,42.627064872673714
2024120805_3444_57210_16,57.913053217667205,42.545118044608
2024120805_3444_57210_17,57.88424222592095,42.480693581476174
2024120805_3444_57210_18,57.86072960084022,42.42573086980997
2024120805_3444_57210_19,57.84906333636377,42.39758617934968
2024120805_3444_57210_2,60.7642037524123,41.74414077395004
2024120805_3444_57210_20,57.82426293842363,42.335638467476144
2024120805_3444_57210_3,60.3194202777413,42.2156356944841
2024120805_3444_57210_4,59.787718795217366,42.655045079875904
2024120805_3444_57210_5,59.281579830238385,43.03704277664614
2024120805_3444_57210_6,58.66791848816808,43.40345215278001
2024120805_3444_57210_7,58.46673268195521,43.42822735356893
2024120805_3444_57210_8,58.37704571680977,43.315643881355555
2024120805_3444_57210_9,58.31942235724239,43.23867931141872
2024120805_3523_47877_1,65.27517569595258,21.582158995381246
2024120805_3523_47877_10,65.1665481490577,24.95964284650903
2024120805_3523_47877_2,65.2920653752087,22.315902579553754
2024120805_3523_47877_3,65.3255591706772,23.039041596052098
2024120805_3523_47877_4,65.3182556029603,23.760094645540548
2024120805_3523_47877_5,65.28410165898126,24.5315955450263
2024120805_3523_47877_6,65.28507670789946,24.959470592727115
2024120805_3523_47877_7,65.26812809414962,24.959710450339315
2024120805_3523_47877_8,65.24773363598212,24.95990385452391
2024120805_3523_47877_9,65.22250232156892,24.959999217298268
2024120805_3523_54831_1,64.93502351937902,26.928958042019683
2024120805_3523_54831_10,62.09903603181491,25.094137894871523
2024120805_3523_54831_2,64.64285930094582,26.972908262896993
2024120805_3523_54831_3,64.3049225219063,26.917182547902012
2024120805_3523_54831_4,63.97048703234019,26.862502144443393
2024120805_3523_54831_5,63.65174433584981,26.707988423468738
2024120805_3523_54831_6,63.315526483262786,26.496019401785755
2024120805_3523_54831_7,62.98057742330497,26.231419266944478
2024120805_3523_54831_8,62.67210601704443,25.89697655813174
2024120805_3523_54831_9,62.3729851350464,25.551504931097483
2024120805_3523_56543_1,52.064941122998796,29.328691502922453
2024120805_3523_56543_10,51.47733345756244,25.685511558331815
2024120805_3523_56543_2,51.876376412543266,28.92579947237587
2024120805_3523_56543_3,51.70910152028098,28.495569285442112
2024120805_3523_56543_4,51.526203550562144,28.034162864991103
2024120805_3523_56543_5,51.41001060800545,27.519014767670384
2024120805_3523_56543_6,51.31685059491549,26.968272204593248
2024120805_3523_56543_7,51.25559455206374,26.39654739178969
2024120805_3523_56543_8,51.252865889892675,25.866056867747247
2024120805_3523_56543_9,51.33594891719916,25.7179122228174
2024120805_3523_57134_1,61.435710719757374,28.9729065124164
2024120805_3523_57134_10,59.72142831186751,26.179343783077517
2024120805_3523_57134_2,60.907955035490154,28.467026380057067
2024120805_3523_57134_3,60.37007916850809,27.8984166394319
2024120805_3523_57134_4,59.88610955718098,27.32157040084019
2024120805_3523_57134_5,59.44407397383455,26.72839156627968
2024120805_3523_57134_6,59.400474261647936,26.440127642892907
2024120805_3523_57134_7,59.46699192438937,26.38143783342761
2024120805_3523_57134_8,59.5563283652815,26.306601624006795
2024120805_3523_57134_9,59.65421153821525,26.229504702303114
2024120805_3553_38588_1,33.70045895629912,21.07050934825613
2024120805_3553_38588_2,33.385078661269674,20.91008843446227
2024120805_3553_38588_3,33.072304439387366,20.769100114406758
2024120805_3553_38588_4,32.76546487158129,20.638702548959454
2024120805_3553_38588_5,32.50311796842884,20.535031649127696
2024120805_3553_38588_6,32.2451563242132,20.477366912125103
2024120805_3553_38588_7,32.04522146873282,20.411403211511246
2024120805_3553_38588_8,31.836125532727532,20.30677656315521
2024120805_3553_47877_1,35.44676047991643,10.136031828305477
2024120805_3553_47877_2,35.434577972681105,10.05479147764748
2024120805_3553_47877_3,35.48418970377703,9.991839587281863
2024120805_3553_47877_4,35.574216785550526,9.923195421764397
2024120805_3553_47877_5,35.70231308948716,9.860072748048012
2024120805_3553_47877_6,35.831066431050125,9.789409185000748
2024120805_3553_47877_7,36.03710371972271,9.775757505287244
2024120805_3553_47877_8,36.33967358650868,9.717524275584118
2024120805_3553_55900_1,41.03857375476643,21.428441476105192
2024120805_3553_55900_2,40.89128978620635,20.731964821815822
2024120805_3553_55900_3,40.747033537698506,20.015189647641193
2024120805_3553_55900_4,40.615684009735595,19.28853683036426
2024120805_3553_55900_5,40.50951327841792,18.55274601973149
2024120805_3553_55900_6,40.48927658820592,18.11300370629811
2024120805_3553_55900_7,40.54217245566688,18.103125583983743
2024120805_3553_55900_8,40.60772614337525,18.091901179922623
2024120805_3578_54831_1,34.58130185963649,25.954256902547137
2024120805_3578_54831_2,34.605920629285976,26.39853100668419
2024120805_3578_54831_3,34.62780774083533,26.93969720404296
2024120805_3578_54831_4,34.68415096541849,27.484096921885353
2024120805_3578_54831_5,34.75221005574131,28.042847168961316
2024120805_3578_54831_6,34.83681047923779,28.66379258331388
2024120805_3578_54831_7,34.93471192133223,29.24484465473816
2024120805_3578_54831_8,35.08242498363814,29.577370482837576
2024120805_3578_55965_1,38.018326136922234,27.948859615203197
2024120805_3578_55965_2,38.006756873957535,28.76604726097493
2024120805_3578_55965_3,38.0067960137516,29.584353632994514
2024120805_3578_55965_4,38.0283904547277,30.40353599498132
2024120805_3578_55965_5,38.03477950550886,31.23997269568392
2024120805_3578_55965_6,38.06523317992429,31.239744236752387
2024120805_3578_55965_7,38.08233265843498,31.239514300473548
2024120805_3578_55965_8,38.07640426553632,31.239602300083007
2024120805_3578_56543_1,31.508940767498142,33.12638488437363
2024120805_3578_56543_2,31.766571669004826,33.523984055971965
2024120805_3578_56543_3,32.13794041824509,33.960302885916455
2024120805_3578_56543_4,32.55462173762734,34.36252119469301
2024120805_3578_56543_5,32.93553321439224,34.860088506873296
2024120805_3578_56543_6,33.37835181943877,35.30512542132852
2024120805_3578_56543_7,33.833361626451165,35.75396236255283
2024120805_3578_56543_8,33.86931284108161,35.75905504421063
2024120805_3632_47877_1,33.49696813592424,13.235371034892903
2024120805_3632_47877_10,34.12354210923408,9.608836442761628
2024120805_3632_47877_11,34.172205872083005,9.617586674713968
2024120805_3632_47877_2,33.48610579015671,12.772123078087446
2024120805_3632_47877_3,33.516438002289114,12.253020141474357
2024120805_3632_47877_4,33.57169168782585,11.71362165118125
2024120805_3632_47877_5,33.65610947685515,11.173784075041576
2024120805_3632_47877_6,33.753201670323904,10.548186136908871
2024120805_3632_47877_7,33.836315545216564,9.924578630060546
2024120805_3632_47877_8,33.97695020509949,9.586203274984499
2024120805_3632_47877_9,34.04529066286797,9.596062315432267
2024120805_3632_48097_1,35.060666943339186,13.542633639445626
2024120805_3632_48097_10,34.7757985529977,10.035831888779104
2024120805_3632_48097_11,34.9230614631672,10.018759167205067
2024120805_3632_48097_2,34.84270035809967,12.920621700654404
2024120805_3632_48097_3,34.650007001469326,12.245757385019738
2024120805_3632_48097_4,34.450961854339255,11.584482520503222
2024120805_3632_48097_5,34.394625301698554,10.945131426420623
2024120805_3632_48097_6,34.33258547745338,10.27468310755361
2024120805_3632_48097_7,34.439924794943884,10.095775475520579
2024120805_3632_48097_8,34.55383440678229,10.072123525919674
2024120805_3632_48097_9,34.66487239345791,10.052366484680057
2024120805_3632_57210_1,29.38744797073855,18.05042181549008
2024120805_3632_57210_10,26.914532137440244,15.778875379000766
2024120805_3632_57210_11,27.01409051719432,15.660964535823956
2024120805_3632_57210_2,28.926343319189705,17.673066705506017
2024120805_3632_57210_3,28.400250873252755,17.28168692897771
2024120805_3632_57210_4,27.83022479977658,16.897212220400093
2024120805_3632_57210_5,27.231095787459985,16.509870427836802
2024120805_3632_57210_6,26.708822645544487,16.055873326360345
2024120805_3632_57210_7,26.74575279801854,16.00232611967743
2024120805_3632_57210_8,26.815463121752245,15.906061112736973
2024120805_3632_57210_9,26.85202487062154,15.857883381236777
2024120805_3701_42397_1,19.721224399668152,35.29160413480374
2024120805_3701_42397_2,19.71221791800465,35.95521897959864
2024120805_3701_42397_3,19.65268451329151,36.62305555142827
2024120805_3701_42397_4,19.6193077182929,37.23881684011743
2024120805_3701_42397_5,19.530032993165644,37.879889477565555
2024120805_3701_42397_6,19.464007533334776,38.500966543739345
2024120805_3701_42397_7,19.41420530136298,38.66588031937329
2024120805_3701_56540_1,11.844069845407281,37.44455956038667
2024120805_3701_56540_2,12.14852953722448,37.78777438184733
2024120805_3701_56540_3,12.569783617469499,38.13094459337036
2024120805_3701_56540_4,13.065544215262097,38.46312961849886
2024120805_3701_56540_5,13.527894387402545,38.81330385055393
2024120805_3701_56540_6,14.064858270523306,39.11279537640364
2024120805_3701_56540_7,14.532926521615913,39.41539297584034
2024120805_3790_46902_1,31.923825302397322,39.614079937379316
2024120805_3790_46902_10,32.749129813727784,42.968833401340945
2024120805_3790_46902_11,32.886363161518375,42.9364787776537
2024120805_3790_46902_2,31.92715157897222,40.258623332393064
2024120805_3790_46902_3,32.01661137407253,40.91746882994406
2024120805_3790_46902_4,32.12988013580565,41.57642284757336
2024120805_3790_46902_5,32.23554921058033,42.260760651091175
2024120805_3790_46902_6,32.36475622926203,42.90062331263252
2024120805_3790_46902_7,32.460499360350106,43.02053537631557
2024120805_3790_46902_8,32.54389103926934,43.0078353979806
2024120805_3790_46902_9,32.67247204693134,42.984702146241126
2024120805_3790_54571_1,41.52809139302376,37.040093973297886
2024120805_3790_54571_10,42.13308893603772,40.4795801849397
2024120805_3790_54571_11,42.03121241563564,40.504828870899395
2024120805_3790_54571_2,41.80507165790723,37.61068146772747
2024120805_3790_54571_3,42.04210406200336,38.22588085078382
2024120805_3790_54571_4,42.309580290608054,38.85836023339746
2024120805_3790_54571_5,42.45134272067834,39.51217016455189
2024120805_3790_54571_6,42.599625639439,40.14162936563535
2024120805_3790_54571_7,42.531268589013486,40.35276915794494
2024120805_3790_54571_8,42.38086670755789,40.40607891722131
2024120805_3790_54571_9,42.24885006856522,40.447407656569766
2024120805_3790_54586_1,48.5097796945523,38.35195824017863
2024120805_3790_54586_10,51.04952419301521,36.21293883347968
2024120805_3790_54586_11,51.0554796253454,36.220760541717844
2024120805_3790_54586_2,48.977682685749635,37.95105071410139
2024120805_3790_54586_3,49.44156717936472,37.60378480589818
2024120805_3790_54586_4,49.938878826068915,37.24562916280899
2024120805_3790_54586_5,50.39647460378435,36.810938010805984
2024120805_3790_54586_6,50.91692726691413,36.39271671604001
2024120805_3790_54586_7,51.06142876197868,36.22861399663696
2024120805_3790_54586_8,51.06250897248542,36.230044303187285
2024120805_3790_54586_9,51.06917412988388,36.23889923437569
2024120805_3790_55100_1,43.19547172809357,34.96164672904291
2024120805_3790_55100_10,44.47852539329547,38.386703774098685
2024120805_3790_55100_11,44.36683503313631,38.433397579608
2024120805_3790_55100_2,43.487117450311445,35.394670705754415
2024120805_3790_55100_3,43.78859458835222,35.83191277851934
2024120805_3790_55100_4,44.11957841905974,36.34555957728259
2024120805_3790_55100_5,44.35344947223459,36.91786476109767
2024120805_3790_55100_6,44.63369746973119,37.48140910087583
2024120805_3790_55100_7,44.85167871784744,38.04480074516657
2024120805_3790_55100_8,44.82340665410156,38.21616512436037
2024120805_3790_55100_9,44.641645623026875,38.31118430310535
2024120805_388_53916_1,24.762666425306385,37.750110734165354
2024120805_388_53916_10,22.39894751134528,38.70453100128719
2024120805_388_53916_11,21.985233735556648,38.809116708897506
2024120805_388_53916_12,21.51836871854541,38.87447280942034
2024120805_388_53916_13,21.126543227775922,38.97726807036256
2024120805_388_53916_14,20.98547598767985,39.01399716027586
2024120805_388_53916_15,21.00115892271326,39.057886601916195
2024120805_388_53916_16,21.00143008204143,39.05863149599039
2024120805_388_53916_17,20.99421736893154,39.03865902864405
2024120805_388_53916_18,21.005352379999543,39.06935537466778
2024120805_388_53916_2,24.727331768678052,37.8855701807075
2024120805_388_53916_3,24.634445750907012,37.975802667042856
2024120805_388_53916_4,24.442850007639528,38.13437647537398
2024120805_388_53916_5,24.174642010458353,38.21208961033427
2024120805_388_53916_6,23.924564142199113,38.318702217785805
2024120805_388_53916_7,23.598438678333004,38.380345413948724
2024120805_388_53916_8,23.26893385307316,38.4864991758388
2024120805_388_53916_9,22.772600469529362,38.57587714541879
2024120805_388_54586_1,20.474257266594215,42.14337891722023
2024120805_388_54586_10,17.490243302125865,44.08464286368548
2024120805_388_54586_11,17.47985388221782,44.06683552978238
2024120805_388_54586_12,17.460559842034673,44.033194411896154
2024120805_388_54586_13,17.47644459191503,44.060945760165765
2024120805_388_54586_14,17.47816245668227,44.06391637142767
2024120805_388_54586_15,17.46262778962237,44.0368364905812
2024120805_388_54586_16,17.43823845599435,43.99330444806895
2024120805_388_54586_17,17.44389334681469,44.00351183931393
2024120805_388_54586_18,17.46147827458292,44.034813055912224
2024120805_388_54586_2,20.104714038575104,42.366479707785075
2024120805_388_54586_3,19.641011459729146,42.6006954208488
2024120805_388_54586_4,19.051687322087112,42.91455688155161
2024120805_388_54586_5,18.444496226794605,43.25525979920633
2024120805_388_54586_6,17.811971268182063,43.59710840497783
2024120805_388_54586_7,17.390630029593503,43.90444376796273
2024120805_388_54586_8,17.424129177721134,43.967525192768925
2024120805_388_54586_9,17.44112884216871,43.99853053132942
2024120805_388_55100_1,11.899062616579124,37.86365688252702
2024120805_388_55100_10,10.49141114837055,41.16101967585011
2024120805_388_55100_11,10.5099811698646,41.16899998274263
2024120805_388_55100_12,10.562840842005118,41.191111736939625
2024120805_388_55100_13,10.605080685794832,41.2081464490502
2024120805_388_55100_14,10.598432457775752,41.20550233721197
2024120805_388_55100_15,10.54688381764955,41.184530385775055
2024120805_388_55100_16,10.506425018340538,41.167480357132504
2024120805_388_55100_17,10.491897019386922,41.161229892415875
2024120805_388_55100_18,10.471719497148634,41.15243550443529
2024120805_388_55100_2,11.69096224682631,38.31827595886442
2024120805_388_55100_3,11.5083758639062,38.822509488818305
2024120805_388_55100_4,11.266531770723105,39.337934170944145
2024120805_388_55100_5,11.006773090772828,39.85272795905082
2024120805_388_55100_6,10.737766024104218,40.47602745442976
2024120805_388_55100_7,10.443551428483172,41.08722870656437
2024120805_388_55100_8,10.428489470708529,41.13314602666973
2024120805_388_55100_9,10.469363674233513,41.1514000909654
2024120805_388_57213_1,19.371735911091374,44.67453780665595
2024120805_388_57213_10,16.44839667418296,46.12490942875985
2024120805_388_57213_11,16.445662885940973,46.118880529053556
2024120805_388_57213_12,16.44645805649026,46.12063687886987
2024120805_388_57213_13,16.432817162216665,46.09018939973789
2024120805_388_57213_14,16.4240981004656,46.07036347839797
2024120805_388_57213_15,16.420594558680506,46.06231394744092
2024120805_388_57213_16,16.417630991777777,46.05546708179291
2024120805_388_57213_17,16.410565945559103,46.0390012871316
2024120805_388_57213_18,16.412544174994693,46.043632312560504
2024120805_388_57213_2,18.823201005910892,44.99989416324219
2024120805_388_57213_3,18.1809946995098,45.304285910916846
2024120805_388_57213_4,17.3798947504297,45.66661472336263
2024120805_388_57213_5,16.61298121923756,46.00744026918958
2024120805_388_57213_6,16.425741556894685,46.074122832619565
2024120805_388_57213_7,16.40608229161987,46.02844483953822
2024120805_388_57213_8,16.427702477141924,46.07859468296634
2024120805_388_57213_9,16.445134199725103,46.11771153360849
2024120805_3948_46672_1,67.71869567914877,18.78207165808178
2024120805_3948_46672_2,67.9757402176702,18.627887779829816
2024120805_3948_46672_3,68.35520452890357,18.48893181872071
2024120805_3948_46672_4,68.79846276609442,18.37702588566377
2024120805_3948_46672_5,69.24682536575784,18.283750306822753
2024120805_3948_46672_6,69.75223397355695,18.177106476744193
2024120805_3948_46672_7,70.27580280904674,18.06397053562591
2024120805_3948_46672_8,70.76583273978058,17.95640707304835
2024120805_3948_46672_9,71.2139164661435,17.809349075907242
2024120805_3948_55900_1,74.78726371337272,23.879374116304966
2024120805_3948_55900_2,74.66818523677523,23.30824094966195
2024120805_3948_55900_3,74.54499596072291,22.737669689262773
2024120805_3948_55900_4,74.46761818802176,22.21277050836185
2024120805_3948_55900_5,74.39350239560741,21.694112057029013
2024120805_3948_55900_6,74.3505608106064,21.144867926685702
2024120805_3948_55900_7,74.31256389522215,20.6042996266258
2024120805_3948_55900_8,74.34370562851959,20.522557336022125
2024120805_3948_55900_9,74.38473982869493,20.51605764773539
2024120805_3973_48097_1,69.75385580948573,26.513651625345418
2024120805_3973_48097_2,69.70825026185726,27.103547758474523
2024120805_3973_48097_3,69.65518218128531,27.671535491157428
2024120805_3973_48097_4,69.65481604526315,28.224820986599017
2024120805_3973_48097_5,69.66103800220165,28.74808662924366
2024120805_3973_48097_6,69.63647780792431,29.265660533500963
2024120805_3973_48097_7,69.63823439502342,29.764310743306034
2024120805_3973_48097_8,69.67003422173669,29.94680008879411
2024120805_3973_48097_9,69.71371389374178,29.948309335393063
2024120805_3973_56543_1,64.30298441157929,32.85614918815297
2024120805_3973_56543_2,64.33456628682032,32.74660110862639
2024120805_3973_56543_3,64.38546001999943,32.620454028971075
2024120805_3973_56543_4,64.45646035526592,32.43874499905569
2024120805_3973_56543_5,64.55574170740336,32.246743754345935
2024120805_3973_56543_6,64.64262751296802,32.0242532488976
2024120805_3973_56543_7,64.7513364416726,31.794358235562818
2024120805_3973_56543_8,64.86963239410512,31.517313651848244
2024120805_3973_56543_9,65.01235731151155,31.20673522031533
2024120805_3998_38588_1,61.49450594116786,42.11134125197849
2024120805_3998_38588_2,61.42468945469245,42.1609362792405
2024120805_3998_38588_3,61.346477636473615,42.13832342216904
2024120805_3998_38588_4,61.33090291469384,42.098761714951934
2024120805_3998_38588_5,61.2988357736233,41.917311815437245
2024120805_3998_38588_6,61.22443296648133,41.743047948850354
2024120805_3998_38588_7,61.197596398397266,41.5657425724113
2024120805_3998_38588_8,61.20670258438413,41.348476147186375
2024120805_3998_55900_1,70.89059167581377,38.13641648899622
2024120805_3998_55900_2,70.5994118803865,38.02338632284028
2024120805_3998_55900_3,70.19967946816614,37.879624373999235
2024120805_3998_55900_4,69.75514769055137,37.69030203971751
2024120805_3998_55900_5,69.36423686446975,37.47592486551874
2024120805_3998_55900_6,68.94566718681058,37.25921943919965
2024120805_3998_55900_7,68.5727832363238,37.06906002028461
2024120805_3998_55900_8,68.25707282183097,36.869694339366525
2024120805_4033_38588_1,62.43425365110281,40.82226926421048
2024120805_4033_38588_2,62.41298559546124,40.93549058094627
2024120805_4033_38588_3,62.42772444926265,40.971431096191495
2024120805_4033_38588_4,62.46742493445192,40.95810581421676
2024120805_4033_38588_5,62.520314877159514,40.83925364016398
2024120805_4033_38588_6,62.61206652896614,40.72612327669272
2024120805_4033_38588_7,62.68658373159657,40.54508448949757
2024120805_4033_55900_1,64.80982200170467,30.756523459597545
2024120805_4033_55900_2,64.733514522001,31.23009737223814
2024120805_4033_55900_3,64.6393554108654,31.681055763216445
2024120805_4033_55900_4,64.59081504530843,32.104706494549546
2024120805_4033_55900_5,64.52800026896607,32.544249714728025
2024120805_4033_55900_6,64.47117422051156,32.942624188452
2024120805_4033_55900_7,64.42818511682508,33.351829913001296
2024120805_4058_57134_1,55.58466527662497,16.357557432955772
2024120805_4058_57134_2,55.52244546132625,15.86576755174434
2024120805_4058_57134_3,55.47350069745035,15.30228963227992
2024120805_4058_57134_4,55.49597098854359,14.734292180446289
2024120805_4058_57134_5,55.54663708675985,14.198495354726056
2024120805_4058_57134_6,55.580942707434396,13.645265404523784
2024120805_4058_57134_7,55.64765483530097,13.08582336211813
2024120805_4058_57134_8,55.72351721097955,12.8002367254613
2024120805_4058_57210_1,54.7675536557699,16.085312594595
2024120805_4058_57210_2,54.79408374245304,15.624278674696226
2024120805_4058_57210_3,54.866357942497466,15.151359912971914
2024120805_4058_57210_4,54.9612110295094,14.659589086438917
2024120805_4058_57210_5,55.066350875030544,14.183989308466963
2024120805_4058_57210_6,55.19658646435129,13.644300528639764
2024120805_4058_57210_7,55.341728462528856,13.153920389986801
2024120805_4058_57210_8,55.56133167435097,12.71658594026691
2024120805_4081_55900_1,55.70676709087298,26.27026834740274
2024120805_4081_55900_2,55.52995343660811,26.409713830050915
2024120805_4081_55900_3,55.351720792531324,26.50126061330158
2024120805_4081_55900_4,55.16977608057437,26.595335069614435
2024120805_4081_55900_5,55.068423271011426,26.697003789225544
2024120805_4081_55900_6,54.95883516410048,26.708858147903303
2024120805_4081_55900_7,54.906025709153,26.74287518704444
2024120805_4081_56543_1,50.07541795449777,31.749800752449335
2024120805_4081_56543_2,50.325973159413856,31.42338977957059
2024120805_4081_56543_3,50.63481966318572,31.102267893354682
2024120805_4081_56543_4,51.02751188900354,30.678236667434685
2024120805_4081_56543_5,51.42161401210941,30.2531111210084
2024120805_4081_56543_6,51.859336333333985,29.861465688491954
2024120805_4081_56543_7,52.27138457108047,29.41017270138839
2024120805_4106_42397_1,51.660729676714105,25.979573125447754
2024120805_4106_42397_2,51.37516719970512,26.32006056768655
2024120805_4106_42397_3,51.06284370182085,26.6496526989332
2024120805_4106_42397_4,50.71736213306678,27.085898333155683
2024120805_4106_42397_5,50.4219895228605,27.483524741317304
2024120805_4106_42397_6,50.06088633386943,27.84401850944189
2024120805_4106_42397_7,49.72617394326041,28.238175485947068
2024120805_4106_56543_1,41.18013147470181,30.785367363377198
2024120805_4106_56543_2,41.32600228886158,30.41916079952479
2024120805_4106_56543_3,41.54996490042706,30.057833420126396
2024120805_4106_56543_4,41.78456000796116,29.697755343646794
2024120805_4106_56543_5,42.029387847267635,29.341017811733558
2024120805_4106_56543_6,42.36697859161745,29.036183744790623
2024120805_4106_56543_7,42.72499320714721,28.74193252541302
2024120805_4129_57134_1,48.62770886185679,28.423994048577597
2024120805_4129_57134_2,48.503314984538754,27.835672175400227
2024120805_4129_57134_3,48.37576737266501,27.205756363211314
2024120805_4129_57134_4,48.27706837160245,26.601419140208588
2024120805_4129_57134_5,48.17879166215554,26.014854955556014
2024120805_4129_57134_6,48.12581405847693,25.411017506493913
2024120805_4129_57134_7,48.10421692992478,25.066396189854373
2024120805_4154_48097_1,36.416312881859014,43.722808779090094
2024120805_4154_48097_10,33.209761643892385,44.72294151430245
2024120805_4154_48097_11,33.22767843211371,44.78086921797073
2024120805_4154_48097_12,33.26089585996102,44.880866850118736
2024120805_4154_48097_13,33.2727443172457,44.91453881340609
2024120805_4154_48097_14,33.282153934623224,44.940617725309394
2024120805_4154_48097_15,33.31867751349476,45.03688750469505
2024120805_4154_48097_16,33.33624834892392,45.080703050619555
2024120805_4154_48097_2,35.88885390315895,43.77556770868689
2024120805_4154_48097_3,35.30879193363297,43.87100079683599
2024120805_4154_48097_4,34.67192796052442,43.98181182627321
2024120805_4154_48097_5,34.076201279842394,44.134933995593556
2024120805_4154_48097_6,33.50030692435983,44.34322302882056
2024120805_4154_48097_7,33.138100473331086,44.450443117856516
2024120805_4154_48097_8,33.14295822903228,44.47170141140669
2024120805_4154_48097_9,33.187133504154644,44.64490453771129
2024120805_4154_54622_1,26.540354661314332,42.10043121985179
2024120805_4154_54622_10,26.630635209113876,44.06467631150442
2024120805_4154_54622_11,26.761443576846865,44.54364026109612
2024120805_4154_54622_12,26.882338834998578,44.91481382868596
2024120805_4154_54622_13,26.988721717772734,45.380022690478164
2024120805_4154_54622_14,27.152887239189305,45.949516616597585
2024120805_4154_54622_15,27.273752518284752,45.93263302702124
2024120805_4154_54622_16,27.421280858559122,45.9068882660946
2024120805_4154_54622_2,26.4813069766738,42.19066421439628
2024120805_4154_54622_3,26.417531848685936,42.29983026523347
2024120805_4154_54622_4,26.3980750922728,42.439106285716434
2024120805_4154_54622_5,26.385190312943603,42.631419944316306
2024120805_4154_54622_6,26.390380685359816,42.85851553555905
2024120805_4154_54622_7,26.42451159043672,43.19112241628584
2024120805_4154_54622_8,26.48409410237396,43.52936375417235
2024120805_4154_54622_9,26.552993593631715,43.80113047653791
2024120805_4154_57210_1,32.07529373141408,37.8853964262376
2024120805_4154_57210_10,31.74795603031087,41.5644780139192
2024120805_4154_57210_11,31.750021253712347,41.56465994498237
2024120805_4154_57210_12,31.748102150387588,41.56449092149024
2024120805_4154_57210_13,31.73281071167398,41.56311084788493
2024120805_4154_57210_14,31.724917697251282,41.56237532964495
2024120805_4154_57210_15,31.66230036299863,41.55598025998229
2024120805_4154_57210_16,31.535141331680876,41.53991599466766
2024120805_4154_57210_2,32.04652537710959,38.281125891677206
2024120805_4154_57210_3,32.025737118437064,38.68020559970602
2024120805_4154_57210_4,32.01187036412155,39.149667463177735
2024120805_4154_57210_5,31.951165533497786,39.63965884572785
2024120805_4154_57210_6,31.915786300678917,40.183024588425724
2024120805_4154_57210_7,31.869783642060458,40.69306087984768
2024120805_4154_57210_8,31.809344793383506,41.31909247828438
2024120805_4154_57210_9,31.77662542804097,41.56690718304431
2024120805_453_38588_1,40.78503180246706,25.344868431070974
2024120805_453_38588_10,44.131184001538074,24.172761223693623
2024120805_453_38588_11,44.180353109878446,24.30417163272001
2024120805_453_38588_12,44.208984985831144,24.387916505408086
2024120805_453_38588_13,44.22918176688738,24.45094548843421
2024120805_453_38588_14,44.25886192168258,24.550843487912843
2024120805_453_38588_15,44.28377594897333,24.643074778553686
2024120805_453_38588_16,44.30456895384279,24.727677324756286
2024120805_453_38588_17,44.31401505277845,24.76898538032978
2024120805_453_38588_18,44.319660695423764,24.79468748580272
2024120805_453_38588_19,44.322745302699246,24.8090823168298
2024120805_453_38588_2,41.20948469567952,25.026084814473798
2024120805_453_38588_20,44.32554160463052,24.822360750448347
2024120805_453_38588_21,44.3314063321997,24.850967441873205
2024120805_453_38588_22,44.33876997345477,24.888490521895978
2024120805_453_38588_23,44.342676053706136,24.909206556812194
2024120805_453_38588_24,44.34680156762007,24.93176739895419
2024120805_453_38588_25,44.35156240756058,24.958761578223005
2024120805_453_38588_26,44.355659668692816,24.982908089495176
2024120805_453_38588_27,44.35765171246491,24.994983754411667
2024120805_453_38588_28,44.35825710892268,24.998699912800948
2024120805_453_38588_29,44.36077065260006,25.014371315751866
2024120805_453_38588_3,41.63787399196731,24.723929409654453
2024120805_453_38588_4,42.13289522728688,24.46637587419097
2024120805_453_38588_5,42.687498636692325,24.228845048307324
2024120805_453_38588_6,43.25999723647844,24.048993149794477
2024120805_453_38588_7,43.89565970108892,23.8882102485211
2024120805_453_38588_8,44.06444052870942,24.0136345975993
2024120805_453_38588_9,44.09129298680732,24.07536523581916
2024120805_453_47877_1,48.34650134281274,37.72611477404747
2024120805_453_47877_10,51.5959259975393,36.93420371305339
2024120805_453_47877_11,51.59698838839496,36.93932005996258
2024120805_453_47877_12,51.59914090257695,36.9497909112311
2024120805_453_47877_13,51.59230834685393,36.91702737191608
2024120805_453_47877_14,51.580166013254335,36.86190931259482
2024120805_453_47877_15,51.57406293800388,36.83551991007753
2024120805_453_47877_16,51.55261622604646,36.74857922641795
2024120805_453_47877_17,51.536640167508416,36.688714638581764
2024120805_453_47877_18,51.53500700863529,36.682797599621885
2024120805_453_47877_19,51.53298160282083,36.67550813482642
2024120805_453_47877_2,48.91153897346961,37.60937413422666
2024120805_453_47877_20,51.522304802699075,36.6379326445059
2024120805_453_47877_21,51.52140151070602,36.634816412627266
2024120805_453_47877_22,51.515620663617135,36.61509290035119
2024120805_453_47877_23,51.50854566424307,36.59145000245756
2024120805_453_47877_24,51.49688616735176,36.5535970639125
2024120805_453_47877_25,51.49652583710752,36.552448107725276
2024120805_453_47877_26,51.487270360099345,36.52334095808615
2024120805_453_47877_27,51.49241292736088,36.539418457396756
2024120805_453_47877_28,51.48924358598358,36.52948236283004
2024120805_453_47877_29,51.4892639466053,36.52954591028871
2024120805_453_47877_3,49.53841036268619,37.50745894478941
2024120805_453_47877_4,50.241610560748654,37.37518073997674
2024120805_453_47877_5,50.90911503291247,37.260810153950395
2024120805_453_47877_6,51.60884685428941,37.17706556043993
2024120805_453_47877_7,51.62877636289979,37.11190499468818
2024120805_453_47877_8,51.62216019309196,37.07222938098412
2024120805_453_47877_9,51.61382282516145,37.02540495430979
2024120805_453_54622_1,50.408133927132376,18.105283535451576
2024120805_453_54622_10,53.570696859142686,18.825756181505056
2024120805_453_54622_11,53.58501944457605,18.760135811065144
2024120805_453_54622_12,53.58967619682412,18.73758291860495
2024120805_453_54622_13,53.596709006049565,18.702204947379133
2024120805_453_54622_14,53.60073455657789,18.681165194625606
2024120805_453_54622_15,53.602074393072606,18.674023819329257
2024120805_453_54622_16,53.59397664936491,18.716148990361354
2024120805_453_54622_17,53.59612743440853,18.705194987427838
2024120805_453_54622_18,53.597104613362966,18.700164032103142
2024120805_453_54622_19,53.595981149716586,18.705945175629466
2024120805_453_54622_2,51.091446126463886,18.331549789815984
2024120805_453_54622_20,53.59337619652103,18.7191785550002
2024120805_453_54622_21,53.59328342207741,18.719645554115832
2024120805_453_54622_22,53.59436070290228,18.71420480075776
2024120805_453_54622_23,53.59517467572124,18.710067376972084
2024120805_453_54622_24,53.596041053916025,18.705638062641846
2024120805_453_54622_25,53.59891158474389,18.690768778829607
2024120805_453_54622_26,53.598956026056996,18.690536171886762
2024120805_453_54622_27,53.599245908781455,18.68901708146358
2024120805_453_54622_28,53.60062994170442,18.681719799773973
2024120805_453_54622_29,53.60022755768194,18.683849006746307
2024120805_453_54622_3,51.813607901572865,18.49656140771057
2024120805_453_54622_4,52.615344740384,18.691151359597914
2024120805_453_54622_5,53.466923255516186,18.901151513150754
2024120805_453_54622_6,53.561502028205524,18.86531722369807
2024120805_453_54622_7,53.57737713011744,18.79580603119819
2024120805_453_54622_8,53.57611503090913,18.801548237364447
2024120805_453_54622_9,53.55791660708188,18.880268289573205
2024120805_453_55965_1,49.136341678071524,20.49950311959019
2024120805_453_55965_10,52.079774301201894,20.427508360294393
2024120805_453_55965_11,52.07957616909346,20.41177227791108
2024120805_453_55965_12,52.07966984332845,20.41860793476682
2024120805_453_55965_13,52.07962738420957,20.415403411453866
2024120805_453_55965_14,52.079531611399844,20.40878815953323
2024120805_453_55965_15,52.07933087450538,20.39683883388018
2024120805_453_55965_16,52.07943046632702,20.40250225918427
2024120805_453_55965_17,52.07957362631207,20.411597879242787
2024120805_453_55965_18,52.07965125502051,20.417181080919175
2024120805_453_55965_19,52.07972314565151,20.42293878306333
2024120805_453_55965_2,49.90461546585371,20.540183569854495
2024120805_453_55965_20,52.07987188605064,20.437986015842164
2024120805_453_55965_21,52.07999069888285,20.461373943505237
2024120805_453_55965_22,52.07999781275603,20.465816945258126
2024120805_453_55965_23,52.07999187506126,20.478062223261
2024120805_453_55965_24,52.07997109064832,20.48520769468578
2024120805_453_55965_25,52.07991632615719,20.495872451394476
2024120805_453_55965_26,52.07983382103168,20.506460994653565
2024120805_453_55965_27,73.07783878667523,20.79871871774421
2024120805_453_55965_28,73.07807658846487,20.780107847763677
2024120805_453_55965_29,73.07769662075665,20.80935771187853
2024120805_453_55965_3,50.80857232882993,20.569162670187204
2024120805_453_55965_4,51.77592700579028,20.56925084267091
2024120805_453_55965_5,52.079581649586785,20.527850050031635
2024120805_453_55965_6,52.079907356028926,20.49722394507898
2024120805_453_55965_7,52.07999990323068,20.47087986053899
2024120805_453_55965_8,52.07956550089278,20.411044049763422
2024120805_453_55965_9,52.07950815110566,20.40727401464003
2024120805_453_56543_1,50.626634638269756,28.41576212468909
2024120805_453_56543_10,53.41890257776435,26.135412415836797
2024120805_453_56543_11,53.498386332335166,26.247115203404164
2024120805_453_56543_12,53.51887280431201,26.277269987482104
2024120805_453_56543_13,53.49735417188794,26.245611458884937
2024120805_453_56543_14,53.55042789144282,26.324906650908932
2024120805_453_56543_15,53.59856340776534,26.4005529721279
2024120805_453_56543_16,53.648834236191924,26.483786188165105
2024120805_453_56543_17,53.69428876750797,26.56322163324439
2024120805_453_56543_18,53.709649601246156,26.59105245603933
2024120805_453_56543_19,53.73787850599898,26.64360891644049
2024120805_453_56543_2,50.965366982162536,28.20839325484347
2024120805_453_56543_20,53.76683397710639,26.699559341000256
2024120805_453_56543_21,53.79421886299048,26.754553969806135
2024120805_453_56543_22,53.817230311271565,26.80247404844956
2024120805_453_56543_23,53.83502390198261,26.840688395770538
2024120805_453_56543_24,53.847710584406535,26.868595877789833
2024120805_453_56543_25,53.87598317758527,26.932930667944447
2024120805_453_56543_26,53.89038732588372,26.966937660054906
2024120805_453_56543_27,53.91026642357053,27.015368585193944
2024120805_453_56543_28,53.92143467609227,27.043397139107505
2024120805_453_56543_29,53.93325257161307,27.0737461099985
2024120805_453_56543_3,51.306269024350485,28.012847482214752
2024120805_453_56543_4,51.68128984919717,27.724915414576948
2024120805_453_56543_5,52.023601775755736,27.436802283621347
2024120805_453_56543_6,52.39801935043734,27.12812777398949
2024120805_453_56543_7,52.78284546538653,26.805685734726673
2024120805_453_56543_8,53.2409623041961,26.38641296958578
2024120805_453_56543_9,53.452283564829415,26.181341241413747
2024120805_566_54571_1,51.32963210492487,28.11105736676284
2024120805_566_54571_2,51.3409822058209,28.765532561632753
2024120805_566_54571_3,51.33492233221541,29.36941621852987
2024120805_566_54571_4,51.353475722290696,29.976927514093017
2024120805_566_54571_5,51.38947454392136,30.580990357373743
2024120805_566_54571_6,51.411411239202714,31.143435780547257
2024120805_566_54571_7,51.441375956533996,31.499363133403726
2024120805_566_54571_8,51.4746638206293,31.498630451123393
2024120805_635_46902_1,7.858023702522686,22.26094520262147
2024120805_635_46902_2,7.804243414651649,21.936218228325778
2024120805_635_46902_3,7.7756501437156365,21.650475706795454
2024120805_635_46902_4,7.780979330368127,21.318118889502248
2024120805_635_46902_5,7.797697039700959,20.978080539283265
2024120805_635_46902_6,7.8270701308550015,20.676162699455997
2024120805_635_53509_1,10.135813211644805,13.83399388228265
2024120805_635_53509_2,10.160205840965391,14.039947157759489
2024120805_635_53509_3,10.177950855857592,14.315538750137703
2024120805_635_53509_4,10.20611514657452,14.655035558671537
2024120805_635_53509_5,10.23257870086324,14.983159810744805
2024120805_635_53509_6,10.312022820842795,15.347637469800846
2024120805_635_54556_1,12.990939352362055,20.2943303821851
2024120805_635_54556_2,12.821191048005627,20.17425261435892
2024120805_635_54556_3,12.673537220680196,20.05399995036197
2024120805_635_54556_4,12.523747395482404,19.986990435754283
2024120805_635_54556_5,12.429063336673046,19.90249046027278
2024120805_635_54556_6,12.327345282332358,19.783154652200764
2024120805_700_38588_1,46.76937870337785,28.927625729248884
2024120805_700_38588_10,48.37674327405679,27.603129544042744
2024120805_700_38588_11,48.57754970683586,27.32730826249154
2024120805_700_38588_12,48.78316769279044,26.988965490201895
2024120805_700_38588_13,48.946883903456936,26.512508019532575
2024120805_700_38588_14,49.262418005823434,26.097290967233974
2024120805_700_38588_2,46.89661420790741,29.074218021236145
2024120805_700_38588_3,47.07090845556653,29.15119507009255
2024120805_700_38588_4,47.20909868833723,29.16657374312145
2024120805_700_38588_5,47.36982059713502,29.048810010516657
2024120805_700_38588_6,47.58318214660696,28.91704452695549
2024120805_700_38588_7,47.77945467174236,28.714872667771672
2024120805_700_38588_8,47.96749656032556,28.388218956811
2024120805_700_38588_9,48.190135224589405,27.956695068951927
2024120805_700_47890_1,45.159176611779685,18.638571555290827
2024120805_700_47890_10,48.01871323156633,16.498703523078717
2024120805_700_47890_11,48.025536950349185,16.508498970438495
2024120805_700_47890_12,48.0196710132675,16.500074663939248
2024120805_700_47890_13,48.012330204847615,16.489596767859602
2024120805_700_47890_14,48.070716171825424,16.57497634713744
2024120805_700_47890_2,45.57597189528712,18.440844281096695
2024120805_700_47890_3,46.00749611616198,18.221477117986275
2024120805_700_47890_4,46.41455599738914,17.942695711059397
2024120805_700_47890_5,46.80780773324714,17.638304025824034
2024120805_700_47890_6,47.23560002422081,17.330971027399922
2024120805_700_47890_7,47.6466438515851,17.0008398969667
2024120805_700_47890_8,48.0559944192047,16.68360334406917
2024120805_700_47890_9,48.08232561283877,16.592533390979067
2024120805_700_52453_1,47.31590055985871,10.059362165134738
2024120805_700_52453_10,50.50380397143182,9.048350354082967
2024120805_700_52453_11,50.5336864095028,9.132418729117973
2024120805_700_52453_12,50.56556324993743,9.229384705358576
2024120805_700_52453_13,50.5859174019162,9.296096262605827
2024120805_700_52453_14,50.617776409329714,9.410046252307225
2024120805_700_52453_2,47.78802921907612,9.672449100151724
2024120805_700_52453_3,48.37966874528404,9.368666727442614
2024120805_700_52453_4,48.98851238682408,9.047564268030806
2024120805_700_52453_5,49.607843194202594,8.78192984043588
2024120805_700_52453_6,50.27962347358867,8.548044066750812
2024120805_700_52453_7,50.34292955276123,8.671916603543782
2024120805_700_52453_8,50.39674025692669,8.786441209293008
2024120805_700_52453_9,50.458897824692244,8.931975659078555
2024120805_700_54622_1,51.0047991319979,9.290461267986462
2024120805_700_54622_10,54.27785904955612,10.922689674283564
2024120805_700_54622_11,54.188522706995265,11.117061057626303
2024120805_700_54622_12,54.144189628650594,11.204378568730116
2024120805_700_54622_13,54.06593066495302,11.346828642056781
2024120805_700_54622_14,54.023093133360284,11.419404117213858
2024120805_700_54622_2,51.40077038774467,9.25487327509832
2024120805_700_54622_3,51.80522446156793,9.27844254050013
2024120805_700_54622_4,52.23412607431242,9.330630292823146
2024120805_700_54622_5,52.580391416687604,9.487798828804166
2024120805_700_54622_6,53.12281579901175,9.71752314277213
2024120805_700_54622_7,53.5615721587301,9.970235105928973
2024120805_700_54622_8,54.01623309267163,10.306130036703625
2024120805_700_54622_9,54.359289661412866,10.655952454410038
2024120805_700_55900_1,47.777333173437825,14.522773240988064
2024120805_700_55900_10,51.06895611352791,14.312966122557851
2024120805_700_55900_11,51.07128293262461,14.346067145395958
2024120805_700_55900_12,51.07394031008653,14.389907293474021
2024120805_700_55900_13,51.07585201274595,14.427882751409596
2024120805_700_55900_14,51.0775928343102,14.471250113255131
2024120805_700_55900_2,48.421411478178555,14.447203294904291
2024120805_700_55900_3,49.113879940222816,14.369820477381225
2024120805_700_55900_4,49.828879910985044,14.31331276900349
2024120805_700_55900_5,50.53611691105715,14.240623548903223
2024120805_700_55900_6,51.0555339623865,14.168265109017328
2024120805_700_55900_7,51.06283077286444,14.239785150589475
2024120805_700_55900_8,51.0651301565366,14.265416722021264
2024120805_700_55900_9,51.06926365364436,14.317125450555993
2024120805_700_56543_1,59.171151806287305,26.17629809222775
2024120805_700_56543_10,61.0471779896685,23.34697573976741
2024120805_700_56543_11,61.03142397733216,22.990696811738037
2024120805_700_56543_12,60.90259847696748,22.91084436788765
2024120805_700_56543_13,60.75126907024815,22.825357989252993
2024120805_700_56543_14,60.68217005139456,22.78914388049717
2024120805_700_56543_2,59.40383864359198,25.985195546808797
2024120805_700_56543_3,59.67203694458597,25.78473474884981
2024120805_700_56543_4,59.94985482769381,25.553589851415236
2024120805_700_56543_5,60.17038876146599,25.286342665782254
2024120805_700_56543_6,60.38318595418355,24.989364207685902
2024120805_700_56543_7,60.59301057671333,24.607946869274407
2024120805_700_56543_8,60.74863074646886,24.20478906553049
2024120805_700_56543_9,60.88779017590919,23.817192486390603
2024120805_723_47890_1,42.643876021351495,18.37575311472531
2024120805_723_47890_10,44.92527419255122,15.384782317258518
2024120805_723_47890_11,44.80049141001223,15.281981140137058
2024120805_723_47890_2,42.90803767037945,18.196548513790255
2024120805_723_47890_3,43.181938552628274,17.94501936148991
2024120805_723_47890_4,43.498991665841636,17.66193159734994
2024120805_723_47890_5,43.77516577076138,17.3057816354373
2024120805_723_47890_6,44.068222126592296,16.936271629944734
2024120805_723_47890_7,44.371759128747,16.55559950654599
2024120805_723_47890_8,44.68278609948411,16.100958998913875
2024120805_723_47890_9,44.88836945604668,15.682513466951605
2024120805_723_48097_1,44.78725062357915,11.681905912037973
2024120805_723_48097_10,45.70361052329079,8.272413138134404
2024120805_723_48097_11,45.561173117557246,8.224612320922315
2024120805_723_48097_2,45.148950088130924,11.1906579224862
2024120805_723_48097_3,45.43173573615897,10.623685842122589
2024120805_723_48097_4,45.66152040744623,10.03733644735404
2024120805_723_48097_5,45.89905169583798,9.438429545756195
2024120805_723_48097_6,46.11337254705045,8.8320835159455
2024120805_723_48097_7,46.10909092260692,8.442684202845948
2024120805_723_48097_8,45.97508547310998,8.38056030046277
2024120805_723_48097_9,45.786427922177204,8.302982020001345
2024120805_723_54622_1,50.14518574311153,13.06306271213797
2024120805_723_54622_10,50.03089105879732,9.23020901529712
2024120805_723_54622_11,49.860311581314114,9.232102938536467
2024120805_723_54622_2,50.25446852973354,12.83573543491556
2024120805_723_54622_3,50.39054077195603,12.542031224736768
2024120805_723_54622_4,50.43730531869327,12.200974414503571
2024120805_723_54622_5,50.449276056292376,11.787679682124933
2024120805_723_54622_6,50.43288478725452,11.381831223815288
2024120805_723_54622_7,50.41592900837094,10.913134973640457
2024120805_723_54622_8,50.315058613057964,10.355514173301895
2024120805_723_54622_9,50.202009296118305,9.802824060135139
2024120805_74_53472_1,85.78110946780033,38.412839904085246
2024120805_74_53472_10,86.8466074811821,41.66994275946678
2024120805_74_53472_11,86.92938356263168,41.643239429685465
2024120805_74_53472_2,85.82677442881729,38.981068718528974
2024120805_74_53472_3,85.92297062485913,39.630873357740306
2024120805_74_53472_4,86.05497518343971,40.291952593446254
2024120805_74_53472_5,86.24092434504524,40.93373956564441
2024120805_74_53472_6,86.4598727885856,41.571191751517716
2024120805_74_53472_7,86.60865089349082,41.735879756538935
2024120805_74_53472_8,86.72954169491251,41.704358644812864
2024120805_74_53472_9,86.78951829947636,41.687211019887755
2024120805_74_54586_1,88.35404565034752,34.314712246264264
2024120805_74_54586_10,91.71289773490163,35.94982764068798
2024120805_74_54586_11,91.62852321111099,36.12710876589157
2024120805_74_54586_2,88.60552185003243,34.323170430957475
2024120805_74_54586_3,88.94422355698028,34.43355267698984
2024120805_74_54586_4,89.32878908049308,34.540117611090494
2024120805_74_54586_5,89.74378115761205,34.674415153796616
2024120805_74_54586_6,90.21402007901766,34.88654873798024
2024120805_74_54586_7,90.62537853206823,35.17373168701406
2024120805_74_54586_8,91.05615138995799,35.43923129488471
2024120805_74_54586_9,91.4923255764761,35.707204628725435
2024120805_74_57213_1,92.6493463621565,39.66707574686673
2024120805_74_57213_10,91.80449515822995,42.84337395071097
2024120805_74_57213_11,91.86536992137025,42.86156215462067
2024120805_74_57213_2,92.3803257576383,40.3590817224896
2024120805_74_57213_3,92.10390631398184,41.06865397028161
2024120805_74_57213_4,91.85102927595071,41.804241578307625
2024120805_74_57213_5,91.64573197706895,42.51072921658655
2024120805_74_57213_6,91.62367667941089,42.78302897278591
2024120805_74_57213_7,91.67399493368715,42.80078705652212
2024120805_74_57213_8,91.69679235299175,42.80858524183627
2024120805_74_57213_9,91.75153426298091,42.82668779031984
2024120805_911_52518_1,76.28506899806213,13.508707899298892
2024120805_911_52518_10,74.38344369346625,10.696212091649475
2024120805_911_52518_11,74.39574146218983,10.68745384397818
2024120805_911_52518_12,74.42252304777907,10.66862083979037
2024120805_911_52518_13,74.46616593086225,10.638624353810528
2024120805_911_52518_14,74.4534734445441,10.647260545467995
2024120805_911_52518_15,74.43028247389182,10.663225288956477
2024120805_911_52518_16,74.42496581956067,10.666919313476445
2024120805_911_52518_17,74.42308103021837,10.668231936036163
2024120805_911_52518_18,74.39798638861392,10.685862585495896
2024120805_911_52518_19,74.37814575538569,10.700006802795691
2024120805_911_52518_2,75.92860407082927,12.90448808968814
2024120805_911_52518_3,75.5211035957812,12.268345139714445
2024120805_911_52518_4,75.12260826898839,11.65655316570112
2024120805_911_52518_5,74.68795580931328,11.082444374455244
2024120805_911_52518_6,74.38282847027648,10.696652082662489
2024120805_911_52518_7,74.41930986915857,10.670863112880813
2024120805_911_52518_8,74.43145183420887,10.662414524887613
2024120805_911_52518_9,74.39999137798455,10.68444336043389
2024120805_911_57213_1,74.59480254848481,12.660577823475018
2024120805_911_57213_10,72.69757511401893,9.901820100866916
2024120805_911_57213_11,72.72549728813416,9.881034813586538
2024120805_911_57213_12,72.74800088535387,9.86455564648318
2024120805_911_57213_13,72.76422556580465,9.852823104208912
2024120805_911_57213_14,72.72969881287453,9.87793974570437
2024120805_911_57213_15,72.70348298447256,9.897390720945266
2024120805_911_57213_16,72.66730858434974,9.924781507325584
2024120805_911_57213_17,72.65096732333485,9.93736835078342
2024120805_911_57213_18,72.66566687168378,9.926039978137378
2024120805_911_57213_19,72.67102048624966,9.921941076414534
2024120805_911_57213_2,74.2040730932729,12.06061427687878
2024120805_911_57213_3,73.78678515238524,11.406011946475598
2024120805_911_57213_4,73.28861098589454,10.752599653358184
2024120805_911_57213_5,72.80754523751574,10.15777770526497
2024120805_911_57213_6,72.67285809745748,9.920537437722796
2024120805_911_57213_7,72.73662625183339,9.872855050284087
2024120805_911_57213_8,72.72130636158164,9.884130510336583
2024120805_911_57213_9,72.6920060953258,9.906011059027927
2024120805_934_43329_1,75.11259586684743,18.98690288006742
2024120805_934_43329_10,74.25010612762678,22.336401905799278
2024120805_934_43329_11,74.35609120639442,22.36994706178032
2024120805_934_43329_2,74.82645854542531,19.519323828130883
2024120805_934_43329_3,74.52872001866045,20.061705444659967
2024120805_934_43329_4,74.27851022200467,20.605001660384982
2024120805_934_43329_5,74.07367266869163,21.178814841295676
2024120805_934_43329_6,73.88903976053665,21.763224911595962
2024120805_934_43329_7,73.8831704304756,22.19423392131936
2024120805_934_43329_8,74.03239189447177,22.257078730196234
2024120805_934_43329_9,74.16706561999308,22.30782792215826
2024120805_934_52518_1,75.60683665988772,17.58522114199584
2024120805_934_52518_10,74.53901988456266,20.955416064008965
2024120805_934_52518_11,74.65172162546864,21.000118507793132
2024120805_934_52518_2,75.22122383714944,18.03398618059208
2024120805_934_52518_3,74.89403874035483,18.459964331264466
2024120805_934_52518_4,74.63372374715023,18.97988708151669
2024120805_934_52518_5,74.37775921188428,19.55655114229551
2024120805_934_52518_6,74.15769838784907,20.139027797497164
2024120805_934_52518_7,74.0495949722389,20.712240362981365
2024120805_934_52518_8,74.24563844343449,20.81973382585354
2024120805_934_52518_9,74.40791172090474,20.898332386203077
2024120805_934_54586_1,76.59217307902733,37.7637523158967
2024120805_934_54586_10,74.91300295709027,41.06728093376509
2024120805_934_54586_11,74.995613947737,41.11296770989906
2024120805_934_54586_2,76.3178142592095,37.96191565309003
2024120805_934_54586_3,76.03220719300856,38.28449448665024
2024120805_934_54586_4,75.79175456153561,38.63551201822088
2024120805_934_54586_5,75.59897321470584,38.99847782080719
2024120805_934_54586_6,75.4084204623204,39.39648307633103
2024120805_934_54586_7,75.23425192907698,39.838286459305934
2024120805_934_54586_8,75.0961084814549,40.21091968684502
2024120805_934_54586_9,74.9710421776908,40.664355453048
2024121502_110_56032_1,70.37682904063855,34.25926439039929
2024121502_110_56032_10,70.85258571936528,37.08904800070363
2024121502_110_56032_11,71.01473873720491,37.4654765178466
2024121502_110_56032_12,71.14910945152441,37.872242907322416
2024121502_110_56032_13,71.26416975192616,38.03826017280929
2024121502_110_56032_2,70.31624338501354,34.47335465156807
2024121502_110_56032_3,70.29566447821075,34.66938614578106
2024121502_110_56032_4,70.32264283310285,34.90738998733062
2024121502_110_56032_5,70.38074650674015,35.12344731981671
2024121502_110_56032_6,70.43068072128165,35.44786154851254
2024121502_110_56032_7,70.50969543420568,35.778964494637485
2024121502_110_56032_8,70.63821784102586,36.227765544899526
2024121502_110_56032_9,70.75627705522325,36.64850144083456
2024121502_110_57163_1,70.76151599742452,45.0899769646461
2024121502_110_57163_10,69.91603259335787,47.02239212759116
2024121502_110_57163_11,70.12895429975813,47.14096392975175
2024121502_110_57163_12,70.27118920250672,47.27387225736193
2024121502_110_57163_13,70.40265585590963,47.38052062827381
2024121502_110_57163_2,70.4973821068319,45.33344167734671
2024121502_110_57163_3,70.22080404503748,45.5458256344327
2024121502_110_57163_4,69.98057772315207,45.77927065885309
2024121502_110_57163_5,69.82530528060744,45.990058538315964
2024121502_110_57163_6,69.72999743861965,46.18923916310257
2024121502_110_57163_7,69.69953480214294,46.38648454429365
2024121502_110_57163_8,69.71487008943247,46.55760778147875
2024121502_110_57163_9,69.80284938612684,46.80576573439628
2024121502_110_57304_1,76.26894718316707,47.981468879820056
2024121502_110_57304_10,76.35866609872828,48.37127846396991
2024121502_110_57304_11,76.3906609764236,48.396466904812456
2024121502_110_57304_12,76.41768919819116,48.38860165042369
2024121502_110_57304_13,76.43694171343395,48.32859568579099
2024121502_110_57304_2,76.25382084423296,48.05733019607064
2024121502_110_57304_3,76.21933771609696,48.10844699682042
2024121502_110_57304_4,76.21981943390344,48.1782352221042
2024121502_110_57304_5,76.20311645544957,48.215580833034466
2024121502_110_57304_6,76.24630638330721,48.26189180301261
2024121502_110_57304_7,76.27485081666875,48.290218851228595
2024121502_110_57304_8,76.30145561195074,48.33327801717104
2024121502_110_57304_9,76.3238562441686,48.35071986426767
2024121502_1130_43294_1,66.08327858470797,42.636308798601505
2024121502_1130_43294_10,67.17105511340107,40.26879177414963
2024121502_1130_43294_11,67.61753554885861,39.96909081388603
2024121502_1130_43294_2,65.96078039250952,42.457440047843086
2024121502_1130_43294_3,65.91615832747055,42.264473677247416
2024121502_1130_43294_4,65.88562257832928,42.04806632741971
2024121502_1130_43294_5,65.97220931044907,41.77594596087214
2024121502_1130_43294_6,66.09656548755568,41.502198176330744
2024121502_1130_43294_7,66.24105952427647,41.223760378641316
2024121502_1130_43294_8,66.49295461558154,40.95607167087983
2024121502_1130_43294_9,66.83829604432302,40.694124370644445
2024121502_1130_44974_1,71.80973897132776,31.65865163242566
2024121502_1130_44974_10,71.21619309266472,34.778052658128665
2024121502_1130_44974_11,71.20304669212862,35.274129823459084
2024121502_1130_44974_2,71.72188511496569,31.823583832838782
2024121502_1130_44974_3,71.63871869331561,32.01773937588363
2024121502_1130_44974_4,71.56448100961518,32.26957409998792
2024121502_1130_44974_5,71.4706853598382,32.58105673173829
2024121502_1130_44974_6,71.38704749335535,32.943837613725606
2024121502_1130_44974_7,71.34270931642205,33.3554925552378
2024121502_1130_44974_8,71.30943422784962,33.8309308582675
2024121502_1130_44974_9,71.26733361449324,34.234619881228575
2024121502_1130_52435_1,74.90538269499486,43.10396355735394
2024121502_1130_52435_10,71.95918332572042,42.58482054206539
2024121502_1130_52435_11,71.59627246901562,42.388596364296326
2024121502_1130_52435_2,74.68980032849518,43.23488181944428
2024121502_1130_52435_3,74.41249199706175,43.314380347413596
2024121502_1130_52435_4,74.03784596114228,43.331104691101864
2024121502_1130_52435_5,73.74421687159226,43.30133974038773
2024121502_1130_52435_6,73.38223773575767,43.22741526748864
2024121502_1130_52435_7,73.01833645027494,43.130695346170626
2024121502_1130_52435_8,72.66008793531611,43.0278264721407
2024121502_1130_52435_9,72.34425438552431,42.794379927461236
2024121502_1130_53518_1,70.28264700221919,41.301680594445564
2024121502_1130_53518_10,69.48515840830727,38.482875856040025
2024121502_1130_53518_11,69.62081937121444,38.104377311666845
2024121502_1130_53518_2,69.96103921953512,41.05075205387619
2024121502_1130_53518_3,69.67295239892599,40.79062904171879
2024121502_1130_53518_4,69.44419456436106,40.50606466253219
2024121502_1130_53518_5,69.32387507229622,40.2143209062413
2024121502_1130_53518_6,69.26073522196769,39.95785069396883
2024121502_1130_53518_7,69.27270327528417,39.608370746534824
2024121502_1130_53518_8,69.33271150784245,39.24412339107346
2024121502_1130_53518_9,69.39689827072932,38.891378446240964
2024121502_1242_53435_1,61.608227655946145,35.949895377645575
2024121502_1242_53435_10,64.63418337993554,34.71035584066664
2024121502_1242_53435_11,64.62816695679356,34.69567681914882
2024121502_1242_53435_12,64.63398991703384,34.70988123165375
2024121502_1242_53435_13,64.6320042582629,34.70501997643423
2024121502_1242_53435_2,62.17065959448603,35.63713095298172
2024121502_1242_53435_3,62.78158210626987,35.41740952154186
2024121502_1242_53435_4,63.46668759490962,35.1418320852885
2024121502_1242_53435_5,64.08467755759763,34.886239208793555
2024121502_1242_53435_6,64.62823593560121,34.695844179675916
2024121502_1242_53435_7,64.64118696207173,34.72765575936756
2024121502_1242_53435_8,64.65243867271836,34.755947293349465
2024121502_1242_53435_9,64.64512930950593,34.737497314117114
2024121502_1242_54468_1,61.00017684770128,22.704878721405485
2024121502_1242_54468_10,64.38159311863488,23.694523355904728
2024121502_1242_54468_11,64.37213414140894,23.726624577727158
2024121502_1242_54468_12,64.38413394988821,23.685727893885698
2024121502_1242_54468_13,64.39370489010483,23.651894873568367
2024121502_1242_54468_2,61.43948555309617,22.934783077134654
2024121502_1242_54468_3,61.92038169919134,23.127514032165085
2024121502_1242_54468_4,62.43355526970234,23.318606908200483
2024121502_1242_54468_5,62.993255544055515,23.48272397234762
2024121502_1242_54468_6,63.52387988415264,23.585068967869162
2024121502_1242_54468_7,64.07468195009936,23.66991419650915
2024121502_1242_54468_8,64.3501164611258,23.79779002814862
2024121502_1242_54468_9,64.36193528972348,23.760173987667205
2024121502_1242_54540_1,59.87957054053355,29.226876366639157
2024121502_1242_54540_10,60.436815486162864,31.28321196742234
2024121502_1242_54540_11,60.60708303957918,31.55988167363264
2024121502_1242_54540_12,60.776489657219216,31.806580295999176
2024121502_1242_54540_13,60.936630712388656,32.00843473001035
2024121502_1242_54540_2,59.864663369443754,29.27137452253381
2024121502_1242_54540_3,59.85677689862687,29.372088039542326
2024121502_1242_54540_4,59.890649403898,29.52421083494181
2024121502_1242_54540_5,59.93898578711059,29.74828642961209
2024121502_1242_54540_6,59.97505998508142,29.956791770569478
2024121502_1242_54540_7,60.05102579697084,30.27248208493222
2024121502_1242_54540_8,60.18489383952056,30.638332367943597
2024121502_1242_54540_9,60.31959644796878,30.978676603358416
2024121502_1242_56032_1,61.254861909178835,24.00742640523762
2024121502_1242_56032_10,62.450949949509415,25.02835119405076
2024121502_1242_56032_11,62.62956769400905,25.269963014938092
2024121502_1242_56032_12,62.85419204010033,25.431655242013058
2024121502_1242_56032_13,63.03913589470468,25.698841882289383
2024121502_1242_56032_2,61.274608685324196,23.97635992376204
2024121502_1242_56032_3,61.32435525415725,23.967302879560428
2024121502_1242_56032_4,61.41164361687454,23.997074777875874
2024121502_1242_56032_5,61.54586205011821,24.07065959101785
2024121502_1242_56032_6,61.666442673417464,24.15159665195882
2024121502_1242_56032_7,61.82922454817342,24.27572613468841
2024121502_1242_56032_8,62.06122727635022,24.486525254211617
2024121502_1242_56032_9,62.25540632266255,24.704741124765203
2024121502_1242_57163_1,61.7001900708561,36.618027196057476
2024121502_1242_57163_10,64.79898063986272,35.19759115685229
2024121502_1242_57163_11,64.79907995058494,35.197805388112755
2024121502_1242_57163_12,64.82451392983516,35.25379953983502
2024121502_1242_57163_13,64.8328589221352,35.27268406449305
2024121502_1242_57163_2,62.217684275118685,36.35668628095087
2024121502_1242_57163_3,62.77486760650975,36.12776421329045
2024121502_1242_57163_4,63.38437921851404,35.83140462897766
2024121502_1242_57163_5,64.01772130279264,35.59071160628321
2024121502_1242_57163_6,64.64924916129799,35.339051013098725
2024121502_1242_57163_7,64.82165164199854,35.24738238234138
2024121502_1242_57163_8,64.82790595760089,35.261443851654235
2024121502_1242_57163_9,64.83446020339925,35.27633812238889
2024121502_1242_57199_1,75.26084849489881,26.16961576654947
2024121502_1242_57199_10,78.08693233582385,27.823169473347203
2024121502_1242_57199_11,78.2519099965199,28.184045716133078
2024121502_1242_57199_12,78.1594438508408,28.326682309124266
2024121502_1242_57199_13,78.0225222812641,28.516206554231967
2024121502_1242_57199_2,75.589664543914,26.237529616307164
2024121502_1242_57199_3,75.92964466554619,26.337773382224267
2024121502_1242_57199_4,76.31242626350885,26.439250053363747
2024121502_1242_57199_5,76.61693940638203,26.577602460468224
2024121502_1242_57199_6,77.00188412667796,26.757026515591537
2024121502_1242_57199_7,77.29423826866261,27.014358144384804
2024121502_1242_57199_8,77.61478296017059,27.333345432555582
2024121502_1242_57199_9,77.85316249009298,27.578695648076636
2024121502_1295_43373_1,19.41500759274546,5.038165585029514
2024121502_1295_43373_10,20.193759433311154,1.8182625039172926
2024121502_1295_43373_11,20.640494184581897,1.6225348236667845
2024121502_1295_43373_12,20.894868248826253,1.636446887803697
2024121502_1295_43373_2,19.254992661800216,4.588782575853957
2024121502_1295_43373_3,19.168679598978336,4.159948060603783
2024121502_1295_43373_4,19.115726116208293,3.7373298531692383
2024121502_1295_43373_5,19.182039729399463,3.342580059706509
2024121502_1295_43373_6,19.286014288303605,2.971394942874809
2024121502_1295_43373_7,19.409361600020844,2.560187908128267
2024121502_1295_43373_8,19.5948568367095,2.335913503006317
2024121502_1295_43373_9,19.86353140703506,2.0893680135450037
2024121502_1295_53465_1,22.795181870870014,15.813697042174246
2024121502_1295_53465_10,21.88572807505903,12.45695706859064
2024121502_1295_53465_11,21.947202783984494,12.440343452032048
2024121502_1295_53465_12,22.00860881946106,12.424790247413567
2024121502_1295_53465_2,22.627690265201128,15.210414016694905
2024121502_1295_53465_3,22.455400746119555,14.614694154328712
2024121502_1295_53465_4,22.228689401172964,13.996008606427212
2024121502_1295_53465_5,22.011676236213642,13.430730753413915
2024121502_1295_53465_6,21.85237042763296,12.846428839444215
2024121502_1295_53465_7,21.758033029820623,12.49486233503982
2024121502_1295_53465_8,21.79277606214313,12.484089875742779
2024121502_1295_53465_9,21.814878106999657,12.477416556659032
2024121502_1295_54936_1,30.62310680126526,14.370474705586496
2024121502_1295_54936_10,28.982300920166175,11.13232356176874
2024121502_1295_54936_11,28.99068285481909,11.127970658983298
2024121502_1295_54936_12,28.98656212146543,11.130107496277674
2024121502_1295_54936_2,30.418994430575896,13.858902267923593
2024121502_1295_54936_3,30.22966217767121,13.466800278528709
2024121502_1295_54936_4,29.987903053467193,13.060265665003298
2024121502_1295_54936_5,29.78120763809655,12.648895137570188
2024121502_1295_54936_6,29.57478035759173,12.309988257433742
2024121502_1295_54936_7,29.36114688878557,11.928995079449852
2024121502_1295_54936_8,29.165627655553635,11.514498910333465
2024121502_1295_54936_9,28.99410259076445,11.131668767201871
2024121502_1295_55934_1,21.32172559623978,3.879270267355383
2024121502_1295_55934_10,21.642859036472487,1.441936126189323
2024121502_1295_55934_11,22.000354609857016,1.2951559926602423
2024121502_1295_55934_12,22.251521511921936,1.1522519880397044
2024121502_1295_55934_2,21.14061433543107,3.5079831424030394
2024121502_1295_55934_3,21.011016137666875,3.1667674304160034
2024121502_1295_55934_4,20.923976531476725,2.8565377155205063
2024121502_1295_55934_5,20.947579326675555,2.582866998431474
2024121502_1295_55934_6,21.027143733854164,2.320782624739965
2024121502_1295_55934_7,21.105070341181037,2.053081536513199
2024121502_1295_55934_8,21.238644353323885,1.9028534961226402
2024121502_1295_55934_9,21.387785739344213,1.6800507372505855
2024121502_135_42771_1,68.32470066614813,32.809420664854684
2024121502_135_42771_10,64.7880434781356,33.89721803269512
2024121502_135_42771_11,64.79204489167391,33.91049975813877
2024121502_135_42771_12,64.80089378020342,33.939297137771305
2024121502_135_42771_13,64.81495764504797,33.983552867542
2024121502_135_42771_2,68.02758223041985,32.885382387220474
2024121502_135_42771_3,67.62654315468187,32.96858867407285
2024121502_135_42771_4,67.14560935092076,33.059582702305725
2024121502_135_42771_5,66.68820856644835,33.17814001782351
2024121502_135_42771_6,66.16762046314392,33.30631977539536
2024121502_135_42771_7,65.61789726960585,33.49676455845397
2024121502_135_42771_8,65.10707018765295,33.76989572408647
2024121502_135_42771_9,64.78882967124434,33.89984082031483
2024121502_135_43395_1,64.29475354536487,33.64012847497647
2024121502_135_43395_10,62.6733589852236,30.769223449954886
2024121502_135_43395_11,62.71490187954124,30.744659269344986
2024121502_135_43395_12,62.721402585171624,30.74087635012208
2024121502_135_43395_13,62.73227182732576,30.73458773764165
2024121502_135_43395_2,63.90700683523876,33.01839533992285
2024121502_135_43395_3,63.528070710180124,32.34718980804621
2024121502_135_43395_4,63.12658644153161,31.65123792294195
2024121502_135_43395_5,62.723083951756436,31.010530355869594
2024121502_135_43395_6,62.58233357118846,30.825458711090373
2024121502_135_43395_7,62.6123359577752,30.806550574375965
2024121502_135_43395_8,62.64627923844381,30.78560286611829
2024121502_135_43395_9,62.65244069669173,30.781850304442884
2024121502_135_53435_1,65.52488498659348,40.71725894537854
2024121502_135_53435_10,62.85043611768761,38.68993281238365
2024121502_135_53435_11,62.843679535826844,38.69920654816846
2024121502_135_53435_12,62.835895418677225,38.70996037096791
2024121502_135_53435_13,62.8550104194688,38.68368594530117
2024121502_135_53435_2,64.99340186501037,40.355646688204786
2024121502_135_53435_3,64.4677719909812,40.02130042993049
2024121502_135_53435_4,63.92243595296298,39.64771246331281
2024121502_135_53435_5,63.433351641809296,39.23171034378822
2024121502_135_53435_6,62.91331185905668,38.82904915608765
2024121502_135_53435_7,62.81075347957295,38.745216455136045
2024121502_135_53435_8,62.82807726632876,38.72083737488508
2024121502_135_53435_9,62.83099435702638,38.71676997877929
2024121502_135_54468_1,65.1326754644463,42.678242549007344
2024121502_135_54468_10,62.1891013209713,41.09753971978883
2024121502_135_54468_11,62.22175036612776,41.03340190194901
2024121502_135_54468_12,62.231379927042816,41.015015287123106
2024121502_135_54468_13,62.25119953647815,40.9778845203515
2024121502_135_54468_2,64.53216256625889,42.47181963227537
2024121502_135_54468_3,63.92581038420402,42.22389415642182
2024121502_135_54468_4,63.2122433388926,41.959656174519004
2024121502_135_54468_5,62.5968635976992,41.66093500365091
2024121502_135_54468_6,62.067336481084425,41.366631946388544
2024121502_135_54468_7,62.12235491807662,41.23845031865613
2024121502_135_54468_8,62.14958395962233,41.17923908365222
2024121502_135_54468_9,62.15724829804592,41.16301859648163
2024121502_135_56032_1,69.9116278153552,35.181431485493256
2024121502_135_56032_10,67.04040307217895,34.42873038398235
2024121502_135_56032_11,66.6220266572134,34.40308648613854
2024121502_135_56032_12,66.25276407785893,34.45383231743153
2024121502_135_56032_13,66.16692948587018,34.531332496345094
2024121502_135_56032_2,69.78300771877512,35.125912153436424
2024121502_135_56032_3,69.5741290194668,35.02413075519488
2024121502_135_56032_4,69.29687380864097,34.91963242490439
2024121502_135_56032_5,68.986459794492,34.801202934067035
2024121502_135_56032_6,68.63442608362215,34.70202515001583
2024121502_135_56032_7,68.29203308991991,34.59120831752498
2024121502_135_56032_8,67.88786042357665,34.51093536008583
2024121502_135_56032_9,67.46314905210309,34.44623796514329
2024121502_135_57199_1,53.900535779807214,27.16440429621343
2024121502_135_57199_10,53.60678857189542,24.307424177086013
2024121502_135_57199_11,53.63413450332563,24.129781575419685
2024121502_135_57199_12,53.634903890572225,24.109349269174682
2024121502_135_57199_13,53.55118772938851,24.01399702465139
2024121502_135_57199_2,53.78819004057708,26.813013633158956
2024121502_135_57199_3,53.70736669722556,26.467276395156535
2024121502_135_57199_4,53.66343246424997,26.14963494789076
2024121502_135_57199_5,53.640172895788396,25.753166507295344
2024121502_135_57199_6,53.63292073344295,25.418642189934047
2024121502_135_57199_7,53.61758833495676,25.07706788061735
2024121502_135_57199_8,53.61121461278386,24.767565724623413
2024121502_135_57199_9,53.61162718882028,24.53965187746778
2024121502_1391_40166_1,3.78947110127133,23.368218636568006
2024121502_1391_40166_10,4.287828252576008,26.711098098718526
2024121502_1391_40166_11,4.341648958552066,26.883207790172353
2024121502_1391_40166_2,3.82396751238803,23.7818853776739
2024121502_1391_40166_3,3.8650378475230927,24.21196725257146
2024121502_1391_40166_4,3.9222735756942595,24.65608019073021
2024121502_1391_40166_5,3.9905935938888835,25.065114601363447
2024121502_1391_40166_6,4.079408608275284,25.469559948749772
2024121502_1391_40166_7,4.127196704738236,25.896892875651915
2024121502_1391_40166_8,4.178818691605144,26.194247858203955
2024121502_1391_40166_9,4.221873019268369,26.4549185914219
2024121502_1391_44974_1,6.474087200009776,25.887496688046575
2024121502_1391_44974_10,5.481816228189555,24.137150476022924
2024121502_1391_44974_11,5.449145135074518,24.186477451304192
2024121502_1391_44974_2,6.38153582830627,25.515015848819345
2024121502_1391_44974_3,6.25131866086033,25.1632039658481
2024121502_1391_44974_4,6.153793499798562,24.849178915313587
2024121502_1391_44974_5,5.979010163185769,24.588173651053648
2024121502_1391_44974_6,5.835492601248089,24.367328442127704
2024121502_1391_44974_7,5.729989539811131,24.17479387038247
2024121502_1391_44974_8,5.640855323802221,24.12521450087972
2024121502_1391_44974_9,5.567520780271453,24.143901317669265
2024121502_1391_53518_1,2.35044018407818,26.77293730255014
2024121502_1391_53518_10,3.4099169190302856,29.07086116868997
2024121502_1391_53518_11,3.5729545580613085,29.211267804352204
2024121502_1391_53518_2,2.39961262667034,27.13558699578853
2024121502_1391_53518_3,2.4902793633878906,27.489108371567287
2024121502_1391_53518_4,2.5911927924234606,27.855604356807405
2024121502_1391_53518_5,2.730685959362681,28.136977345101986
2024121502_1391_53518_6,2.86441629611972,28.402598191876994
2024121502_1391_53518_7,2.979698828068495,28.62819287390235
2024121502_1391_53518_8,3.102784548650091,28.760622973759883
2024121502_1391_53518_9,3.2201687976230478,28.871340427345075
2024121502_1391_54936_1,8.56352235752622,36.91542461380972
2024121502_1391_54936_10,7.905855029811235,33.48962581297092
2024121502_1391_54936_11,7.924647657170385,33.48586586054087
2024121502_1391_54936_2,8.487978202950197,36.39872878256133
2024121502_1391_54936_3,8.384338315247538,35.81797485339132
2024121502_1391_54936_4,8.298961936111894,35.19494244535748
2024121502_1391_54936_5,8.150052978124375,34.60406435247678
2024121502_1391_54936_6,8.036271471757221,33.98012551090083
2024121502_1391_54936_7,7.902365657187514,33.49033426741946
2024121502_1391_54936_8,7.906670027340883,33.489460808194785
2024121502_1391_54936_9,7.926039761566698,33.48559105732796
2024121502_1451_54468_1,50.13175856306628,13.179750274860096
2024121502_1451_54468_10,53.37354128769133,13.657874400283482
2024121502_1451_54468_11,53.36801591887756,13.692783248295537
2024121502_1451_54468_12,53.36595137941145,13.70533786043607
2024121502_1451_54468_13,53.362551647777785,13.725489825685536
2024121502_1451_54468_2,50.7945355914503,13.239787126545565
2024121502_1451_54468_3,51.38945121320628,13.335775344690699
2024121502_1451_54468_4,52.002010867138665,13.44151815860506
2024121502_1451_54468_5,52.66994693177991,13.557528790389515
2024121502_1451_54468_6,53.14472116234169,13.686149613707915
2024121502_1451_54468_7,53.35815778697966,13.750652014092225
2024121502_1451_54468_8,53.35591894958046,13.76312132371249
2024121502_1451_54468_9,53.37512275004384,13.647498144001828
2024121502_1451_54540_1,46.32794653392551,18.695306377523757
2024121502_1451_54540_10,45.39214786836397,15.103925330548442
2024121502_1451_54540_11,45.34718441251943,15.115168750867257
2024121502_1451_54540_12,45.29173708725883,15.129799893040335
2024121502_1451_54540_13,45.26672211570464,15.136680057005066
2024121502_1451_54540_2,46.334603296788615,18.264923681949174
2024121502_1451_54540_3,46.263011813570934,17.77534935756195
2024121502_1451_54540_4,46.190161425334516,17.294488396426754
2024121502_1451_54540_5,46.07529373922983,16.77744638093623
2024121502_1451_54540_6,45.93177124305087,16.199084229864958
2024121502_1451_54540_7,45.76359116472671,15.68575850042782
2024121502_1451_54540_8,45.55214891726758,15.068540298085994
2024121502_1451_54540_9,45.43988970944674,15.092590416078888
2024121502_1451_57304_1,34.9357249852349,12.851842213589762
2024121502_1451_57304_10,37.00610622636829,10.094588785863113
2024121502_1451_57304_11,37.020123482075164,10.10519194746239
2024121502_1451_57304_12,37.06784360162319,10.142024784416577
2024121502_1451_57304_13,37.0730456779336,10.14610988187342
2024121502_1451_57304_2,35.187409083767804,12.334411709503241
2024121502_1451_57304_3,35.50136508120277,11.794615305570222
2024121502_1451_57304_4,35.899898522683635,11.298992771669207
2024121502_1451_57304_5,36.24109685339518,10.83860042658327
2024121502_1451_57304_6,36.646718921786025,10.394368219139524
2024121502_1451_57304_7,36.96626152377906,10.064971875923744
2024121502_1451_57304_8,36.99700794430659,10.087758142342913
2024121502_1451_57304_9,36.999158374653206,10.089368953888718
2024121502_1476_44912_1,65.4475839116234,22.523189055956156
2024121502_1476_44912_2,65.62084100519628,22.13553693077227
2024121502_1476_44912_3,65.81056770616927,21.78695836990168
2024121502_1476_44912_4,65.99928100363755,21.52334331448051
2024121502_1476_44912_5,66.1953978791537,21.281575618851296
2024121502_1476_44912_6,66.32875876306262,21.094626133280112
2024121502_1476_44912_7,66.47209356732286,20.924665833119505
2024121502_1476_44912_8,66.54192543541521,20.830478900361964
2024121502_1476_44912_9,66.59696852640255,20.730425133797375
2024121502_1476_54540_1,67.75346132512905,17.345755849982464
2024121502_1476_54540_2,67.79561398313832,17.424272374635027
2024121502_1476_54540_3,67.82617328455095,17.55755570250477
2024121502_1476_54540_4,67.78438473973107,17.708851022747677
2024121502_1476_54540_5,67.75402882110511,17.925355429522334
2024121502_1476_54540_6,67.74493929537901,18.21313555002942
2024121502_1476_54540_7,67.68584233781193,18.552281740043213
2024121502_1476_54540_8,67.58743959575062,18.89136368217743
2024121502_1476_54540_9,67.48096933348425,19.27704020541669
2024121502_1476_56032_1,69.21732163493704,28.628433967692434
2024121502_1476_56032_2,69.40066081976775,28.569807319708357
2024121502_1476_56032_3,69.60578002224294,28.435725098215045
2024121502_1476_56032_4,69.75893392581375,28.25239537292898
2024121502_1476_56032_5,69.88217527881774,28.04286748677866
2024121502_1476_56032_6,69.93393154209316,27.75775288595314
2024121502_1476_56032_7,69.96801452703933,27.468761248898502
2024121502_1476_56032_8,69.98930661387614,27.01648807324083
2024121502_1476_56032_9,70.00722498964319,26.68092068299848
2024121502_1523_54468_1,77.11535072665424,9.627283646498661
2024121502_1523_54468_10,76.22202760266823,7.626205547142403
2024121502_1523_54468_11,75.85811719628069,7.501727766029838
2024121502_1523_54468_12,75.55011625944307,7.426281892290891
2024121502_1523_54468_2,77.23015828806186,9.279348649525456
2024121502_1523_54468_3,77.32588421585473,8.983404998025893
2024121502_1523_54468_4,77.26293534582572,8.672981458085097
2024121502_1523_54468_5,77.19031027380747,8.432677219874472
2024121502_1523_54468_6,77.06131309654295,8.216135406804556
2024121502_1523_54468_7,76.96749510098418,8.01349179083007
2024121502_1523_54468_8,76.81471096557213,7.863708519565271
2024121502_1523_54468_9,76.52839031585181,7.7749215153739
2024121502_1523_56121_1,64.44394351365949,15.770853457500445
2024121502_1523_56121_10,65.08036438943752,12.269647771922035
2024121502_1523_56121_11,65.15043652220027,12.211803880154262
2024121502_1523_56121_12,65.21814518706579,12.224448704756531
2024121502_1523_56121_2,64.42895550461209,15.35688079733765
2024121502_1523_56121_3,64.44317855259217,14.925776102532833
2024121502_1523_56121_4,64.49056392192942,14.498546348617582
2024121502_1523_56121_5,64.5727998879743,14.091319318685603
2024121502_1523_56121_6,64.64340689528468,13.686381455512155
2024121502_1523_56121_7,64.7121939915863,13.256729110705512
2024121502_1523_56121_8,64.82659088792208,12.952801539188542
2024121502_1523_56121_9,64.97272164091841,12.661176323512679
2024121502_1649_43395_1,94.95464199559805,11.534154531069404
2024121502_1649_43395_10,97.44123402365351,10.281060950097551
2024121502_1649_43395_11,97.7171798864271,10.313311583366879
2024121502_1649_43395_2,95.11599514754704,11.221970420878241
2024121502_1649_43395_3,95.34350428989787,10.97238670656255
2024121502_1649_43395_4,95.56429832558135,10.739615726707294
2024121502_1649_43395_5,95.8023510056149,10.554376127156317
2024121502_1649_43395_6,96.15753795196753,10.4308206396622
2024121502_1649_43395_7,96.5243465198387,10.323293697327838
2024121502_1649_43395_8,96.81588724847933,10.328827667489357
2024121502_1649_43395_9,97.10238960907763,10.298775443450035
2024121502_1649_44912_1,97.95026135673646,17.136789157501013
2024121502_1649_44912_10,100.72221685045577,18.908290071712464
2024121502_1649_44912_11,100.68517938569879,18.972421954308714
2024121502_1649_44912_2,98.56966192480802,17.405749621762855
2024121502_1649_44912_3,99.18461564748537,17.687675915880256
2024121502_1649_44912_4,99.82889571140421,18.04968902533798
2024121502_1649_44912_5,100.45014277622494,18.372193582427474
2024121502_1649_44912_6,100.84918295432523,18.664470470088773
2024121502_1649_44912_7,100.80676816088963,18.75057032077299
2024121502_1649_44912_8,100.76852853407034,18.824008063743726
2024121502_1649_44912_9,100.75062249205966,18.857167107543003
2024121502_1649_54468_1,101.98219177762803,14.069233817098594
2024121502_1649_54468_10,105.54567862503806,13.914117441878188
2024121502_1649_54468_11,105.54695015077384,13.943828644659336
2024121502_1649_54468_2,102.40553800545767,14.048789026793102
2024121502_1649_54468_3,102.81239093846406,14.008873113351768
2024121502_1649_54468_4,103.25143942945195,14.006315902455833
2024121502_1649_54468_5,103.69423903043774,13.986677624204615
2024121502_1649_54468_6,104.2111957058205,13.97668029412558
2024121502_1649_54468_7,104.61967315864163,13.982663748910076
2024121502_1649_54468_8,105.00635297964817,13.986832464723982
2024121502_1649_54468_9,105.36461172452302,13.96288593524607
2024121502_1649_54540_1,95.54109861611863,20.44549203569538
2024121502_1649_54540_10,96.8964572429745,20.10067139055847
2024121502_1649_54540_11,97.1680795610575,20.213996314407364
2024121502_1649_54540_2,95.60883481218553,20.193795276906805
2024121502_1649_54540_3,95.72236856703465,20.072131279722882
2024121502_1649_54540_4,95.85012482122649,19.99463992465599
2024121502_1649_54540_5,95.99157669162629,19.948022031126655
2024121502_1649_54540_6,96.15127821675115,19.971345489348913
2024121502_1649_54540_7,96.32364704544712,20.054590127309226
2024121502_1649_54540_8,96.52810433814899,20.1278713707493
2024121502_1649_54540_9,96.68048894908151,20.018073985009064
2024121502_1649_57199_1,104.31154652320082,25.928477868630864
2024121502_1649_57199_10,104.22290200434865,22.713839768443094
2024121502_1649_57199_11,104.20181066058507,22.13626214782957
2024121502_1649_57199_2,104.31576621368957,25.72944509726851
2024121502_1649_57199_3,104.32055133354001,25.485868215572495
2024121502_1649_57199_4,104.32897355233746,25.17846037001638
2024121502_1649_57199_5,104.28951258617774,24.858430507251956
2024121502_1649_57199_6,104.30170270805425,24.504051423608985
2024121502_1649_57199_7,104.29261941830067,24.098985144897338
2024121502_1649_57199_8,104.27498543121793,23.609397078666913
2024121502_1649_57199_9,104.23025654842995,23.178467829513604
2024121502_1672_54468_1,99.94658562786785,17.83080178745559
2024121502_1672_54468_2,100.26216406147061,18.19143362620337
2024121502_1672_54468_3,100.53490054778175,18.5181433755868
2024121502_1672_54468_4,100.86566311106944,18.817167601913066
2024121502_1672_54468_5,101.11137616114468,19.037612659294556
2024121502_1672_54468_6,101.3553221360162,19.20812077530475
2024121502_1672_54468_7,101.5584082579006,19.343153204734595
2024121502_1672_54468_8,101.74112755455799,19.520179418500753
2024121502_1672_54468_9,101.84414273998406,19.698813981995727
2024121502_1672_54540_1,89.58109562189524,14.440338262926664
2024121502_1672_54540_2,89.81877832810777,14.4772039205907
2024121502_1672_54540_3,90.1350400218987,14.580170781538481
2024121502_1672_54540_4,90.52181730427081,14.734980193899071
2024121502_1672_54540_5,90.88040310099218,14.959203599862168
2024121502_1672_54540_6,91.26346844395083,15.270041509976236
2024121502_1672_54540_7,91.60501019428459,15.581205070208267
2024121502_1672_54540_8,91.87673383274253,15.94807076655963
2024121502_1672_54540_9,92.13721277496344,16.311448360268724
2024121502_1672_55949_1,88.1040216027221,17.140295000959913
2024121502_1672_55949_2,88.54693608569723,17.450641794114016
2024121502_1672_55949_3,88.97701598909121,17.8116674749452
2024121502_1672_55949_4,89.40298488096782,18.251765079466992
2024121502_1672_55949_5,89.84871218275025,18.701557136003988
2024121502_1672_55949_6,90.28689819368788,19.159716177515033
2024121502_1672_55949_7,90.60650552872234,19.62215546656353
2024121502_1672_55949_8,90.52428945769472,19.71099412079728
2024121502_1672_55949_9,90.46664067108348,19.770189657302332
2024121502_1757_44974_1,68.4341676239255,24.05172894863126
2024121502_1757_44974_2,68.175116284765,23.857167668026793
2024121502_1757_44974_3,67.88919929625783,23.68871059912142
2024121502_1757_44974_4,67.67824787358285,23.492915278145205
2024121502_1757_44974_5,67.53375558299571,23.317245408087924
2024121502_1757_44974_6,67.42362845711646,23.1299524343222
2024121502_1757_44974_7,67.37244637861743,22.879715985598754
2024121502_1757_44974_8,67.34986596579384,22.62134234924629
2024121502_1757_46206_1,75.25021555373553,22.58855424075759
2024121502_1757_46206_2,75.18460334860636,22.035257661945874
2024121502_1757_46206_3,75.10968750347664,21.48386964078367
2024121502_1757_46206_4,75.0965271611835,21.016345590292975
2024121502_1757_46206_5,75.0679225250712,20.564429972310375
2024121502_1757_46206_6,75.03374205036368,20.063057794444283
2024121502_1757_46206_7,75.02535721479353,19.665406491028563
2024121502_1757_46206_8,75.03248135464847,19.389097308464915
2024121502_1787_46206_1,67.77577989736163,33.77261064911044
2024121502_1787_46206_2,67.4545881866808,33.839341130705606
2024121502_1787_46206_3,67.10201191446798,33.93152826937937
2024121502_1787_46206_4,66.75139561354194,33.988722420891094
2024121502_1787_46206_5,66.45784731290297,34.09596605967079
2024121502_1787_46206_6,66.13104385462438,34.17089012070016
2024121502_1787_46206_7,65.93510397332167,34.21376287748867
2024121502_1787_53465_1,64.35015070549332,29.407637084573878
2024121502_1787_53465_2,64.2824749679335,29.7698688522154
2024121502_1787_53465_3,64.19689609616636,30.13428993117851
2024121502_1787_53465_4,64.17380344874911,30.576395511894404
2024121502_1787_53465_5,64.17372292166074,30.97228262827533
2024121502_1787_53465_6,64.1487728097638,31.357484102940994
2024121502_1787_53465_7,64.15669310773971,31.78400579956813
2024121502_1787_54936_1,67.86660207002453,37.38702347615175
2024121502_1787_54936_2,67.70672609642907,37.688047345256436
2024121502_1787_54936_3,67.46386900866754,37.93751219249991
2024121502_1787_54936_4,67.2155494434507,38.08920738076107
2024121502_1787_54936_5,66.90682782932471,38.20785306433667
2024121502_1787_54936_6,66.63784010842288,38.28188805028483
2024121502_1787_54936_7,66.41246162189388,38.339027089841146
2024121502_1813_43321_1,67.30023798113643,19.94792925937769
2024121502_1813_43321_2,67.28163663230215,19.751623577971
2024121502_1813_43321_3,67.25441690844019,19.51857635927987
2024121502_1813_43321_4,67.23588159518768,19.271992908932088
2024121502_1813_43321_5,67.18371821897557,18.989547777378924
2024121502_1813_43321_6,67.15803331407044,18.637733402780302
2024121502_1813_43321_7,67.11315658665447,18.244241984773772
2024121502_1813_43321_8,67.08837631577546,17.850171744444943
2024121502_1813_52435_1,62.39829549070578,6.8103956166222845
2024121502_1813_52435_2,62.12319409858694,6.822623865967391
2024121502_1813_52435_3,61.802519147500746,6.81553196118219
2024121502_1813_52435_4,61.48113716872716,6.860722614440452
2024121502_1813_52435_5,61.233557365887236,6.956135582489471
2024121502_1813_52435_6,60.98089218014721,7.064486361546843
2024121502_1813_52435_7,60.77475489977182,7.233675713906593
2024121502_1813_52435_8,60.60717215821382,7.443631117095087
2024121502_1813_54509_1,65.45816911922019,19.478440983154485
2024121502_1813_54509_2,65.30581595930518,18.74476167499304
2024121502_1813_54509_3,65.13602208596842,18.058382334007188
2024121502_1813_54509_4,64.9654236655196,17.346115759993268
2024121502_1813_54509_5,64.8856267780542,16.64808409980955
2024121502_1813_54509_6,64.88268364260081,16.240269572250703
2024121502_1813_54509_7,64.97330364308526,16.222922370701408
2024121502_1813_54509_8,65.05081122625663,16.209794753814013
2024121502_1976_43454_1,80.74231411114827,31.0041691395246
2024121502_1976_43454_10,83.26082928641694,28.894507326884586
2024121502_1976_43454_11,83.13826797427598,28.73783538710387
2024121502_1976_43454_2,81.38273367728631,30.66424616178276
2024121502_1976_43454_3,82.04181508416379,30.370863471106997
2024121502_1976_43454_4,82.68766145947164,29.972211346573914
2024121502_1976_43454_5,83.35363623598992,29.56658785074193
2024121502_1976_43454_6,83.55105752841618,29.345420928801207
2024121502_1976_43454_7,83.49858782922236,29.25336683533023
2024121502_1976_43454_8,83.41116585421616,29.111460376093785
2024121502_1976_43454_9,83.31188170500404,28.96480503141531
2024121502_1976_54540_1,77.16735282296233,21.933234894554086
2024121502_1976_54540_10,80.08696884840774,20.37511660021383
2024121502_1976_54540_11,80.4124140569881,20.450618665810495
2024121502_1976_54540_2,77.32999417085749,21.56278477289464
2024121502_1976_54540_3,77.61260696489967,21.2557355318445
2024121502_1976_54540_4,77.91617811648545,20.982881706981534
2024121502_1976_54540_5,78.21343076616058,20.746441484143013
2024121502_1976_54540_6,78.57636753160386,20.60249448971217
2024121502_1976_54540_7,78.9607638300471,20.40530059272641
2024121502_1976_54540_8,79.33147664984767,20.342098356131878
2024121502_1976_54540_9,79.6804216932898,20.371543595218373
2024121502_1976_56032_1,79.36644882732806,31.11104169139235
2024121502_1976_56032_10,82.59369785874439,29.373487631681463
2024121502_1976_56032_11,82.49472125901812,29.183998118765874
2024121502_1976_56032_2,79.7137476851255,31.070413776143372
2024121502_1976_56032_3,80.08287232049179,30.98473268390395
2024121502_1976_56032_4,80.52572394772076,30.852733097200222
2024121502_1976_56032_5,80.9232856900561,30.652781328880142
2024121502_1976_56032_6,81.38462391059915,30.425621573056937
2024121502_1976_56032_7,81.816873443236,30.1508568425541
2024121502_1976_56032_8,82.23422079041589,29.805018557151072
2024121502_1976_56032_9,82.56817313141492,29.470603129452343
2024121502_1976_57163_1,89.14906795467014,33.66407058661116
2024121502_1976_57163_10,91.561221418247,31.09633024782461
2024121502_1976_57163_11,91.43155314726079,30.851023545975654
2024121502_1976_57163_2,89.55015960985055,33.488469708136826
2024121502_1976_57163_3,89.90304731609459,33.296268221521714
2024121502_1976_57163_4,90.23822959997013,33.08481523536836
2024121502_1976_57163_5,90.54303293358896,32.873257315690545
2024121502_1976_57163_6,90.85300880652952,32.61804230687899
2024121502_1976_57163_7,91.09281736971431,32.32541538473894
2024121502_1976_57163_8,91.31461829513856,31.886440301733543
2024121502_1976_57163_9,91.466421284634,31.52836108704401
2024121502_1976_57199_1,85.3327840933976,26.44290534951789
2024121502_1976_57199_10,83.91879901822007,25.958775948534743
2024121502_1976_57199_11,83.66557404576469,25.97217194873906
2024121502_1976_57199_2,85.313012357811,26.401292359504062
2024121502_1976_57199_3,85.21746451137096,26.347047473777838
2024121502_1976_57199_4,85.09983341608495,26.33342481339242
2024121502_1976_57199_5,84.96641962673392,26.28545651508541
2024121502_1976_57199_6,84.84736833046223,26.24013128311678
2024121502_1976_57199_7,84.67364054087052,26.23077725065709
2024121502_1976_57199_8,84.423361093288,26.181918322508402
2024121502_1976_57199_9,84.1780638833838,26.027629308548427
2024121502_2039_43373_1,10.440176269812566,7.9764597884161255
2024121502_2039_43373_10,7.4368742128450975,5.855030620398054
2024121502_2039_43373_11,7.49636707868785,5.771838099151054
2024121502_2039_43373_12,7.55651151752266,5.692074220644504
2024121502_2039_43373_13,7.609402963339235,5.625206554104837
2024121502_2039_43373_2,10.142206413282764,7.773989065878278
2024121502_2039_43373_3,9.757547159002506,7.5866123948211674
2024121502_2039_43373_4,9.343699869032639,7.394606449757523
2024121502_2039_43373_5,8.988818686158327,7.195021730289455
2024121502_2039_43373_6,8.562101814401007,6.944075695706145
2024121502_2039_43373_7,8.181509955203452,6.681334132434275
2024121502_2039_43373_8,7.883778502662857,6.407656936991252
2024121502_2039_43373_9,7.616251455909307,6.11444810035932
2024121502_2039_54509_1,12.129203942311888,12.786660267678478
2024121502_2039_54509_10,11.30860043362466,9.42615737618014
2024121502_2039_54509_11,11.40495892923536,9.400657928163316
2024121502_2039_54509_12,11.47894151193277,9.382809524659848
2024121502_2039_54509_13,11.541021082136737,9.368975278091304
2024121502_2039_54509_2,11.897521668565044,12.147090586464016
2024121502_2039_54509_3,11.626891404968774,11.51323661350523
2024121502_2039_54509_4,11.376571109148673,10.850906567525255
2024121502_2039_54509_5,11.168611630492805,10.194638155378316
2024121502_2039_54509_6,10.950054685543543,9.544326513510043
2024121502_2039_54509_7,10.991885730502782,9.528581764876355
2024121502_2039_54509_8,11.095141511716887,9.491974305117925
2024121502_2039_54509_9,11.18879929889531,9.46148708399622
2024121502_2039_54936_1,11.572395743982817,13.199772216052054
2024121502_2039_54936_10,10.250720434879575,9.9180332584918
2024121502_2039_54936_11,10.295014168686619,9.899876368074477
2024121502_2039_54936_12,10.372316840314712,9.86965583685876
2024121502_2039_54936_13,10.405157718529429,9.857372672986113
2024121502_2039_54936_2,11.353230097687865,12.672205424591704
2024121502_2039_54936_3,11.086168492162638,12.119332434076108
2024121502_2039_54936_4,10.746630351777739,11.560043076803712
2024121502_2039_54936_5,10.471114440658958,10.995650596554226
2024121502_2039_54936_6,10.189083932575098,10.402681134194529
2024121502_2039_54936_7,9.992955120144803,10.036398217514124
2024121502_2039_54936_8,10.060955330034467,10.003006164509872
2024121502_2039_54936_9,10.164575241448418,9.955140993925
2024121502_2171_53465_1,55.564387531143936,7.932633928433162
2024121502_2171_53465_2,55.30379671249005,8.164977950389385
2024121502_2171_53465_3,55.02146922039277,8.404712113230397
2024121502_2171_53465_4,54.6866180554364,8.690094867206868
2024121502_2171_53465_5,54.41510732974146,8.99880200331848
2024121502_2171_53465_6,54.12833999094083,9.359767322701138
2024121502_2171_53465_7,53.836633521700755,9.680168566944237
2024121502_2171_53465_8,53.60849272698215,10.076989561709334
2024121502_2171_55934_1,54.18408751823422,11.10679427002747
2024121502_2171_55934_2,54.08727764098747,11.208818735836422
2024121502_2171_55934_3,54.007193724660304,11.339420564955624
2024121502_2171_55934_4,53.972456328326174,11.502995587656521
2024121502_2171_55934_5,53.90947817843142,11.693548800968884
2024121502_2171_55934_6,53.861500749507165,11.866359606750725
2024121502_2171_55934_7,53.83291912037221,12.100469824025003
2024121502_2171_55934_8,53.83072639788019,12.294624829525608
2024121502_2196_44860_1,59.40565186810101,25.26997907929849
2024121502_2196_44860_2,59.50570575290761,25.195846674518386
2024121502_2196_44860_3,59.62739319638414,25.116964803341787
2024121502_2196_44860_4,59.66168860915332,25.096226564476606
2024121502_2196_44860_5,59.68718434181026,25.04001112363972
2024121502_2196_44860_6,59.70990564004221,24.9771176137264
2024121502_2196_44860_7,59.711974485745635,24.942606631256393
2024121502_2196_44860_8,59.665334045632896,24.85497281663711
2024121502_2221_43373_1,85.1393373390958,41.43355956875119
2024121502_2221_43373_10,88.12031651870693,42.8656595563728
2024121502_2221_43373_11,88.15649110899702,43.04009302661025
2024121502_2221_43373_12,88.09432318421118,43.164123287665404
2024121502_2221_43373_13,88.01146360128088,43.3145622307645
2024121502_2221_43373_14,87.98157588128082,43.36530702597246
2024121502_2221_43373_2,85.67752497484584,41.52718141538928
2024121502_2221_43373_3,86.21274507168991,41.67487373418802
2024121502_2221_43373_4,86.7194732912708,41.78743540182505
2024121502_2221_43373_5,87.12740248843998,41.953256688621664
2024121502_2221_43373_6,87.51547963386018,42.129082734378805
2024121502_2221_43373_7,87.80251954539446,42.281713647057764
2024121502_2221_43373_8,87.94453258730255,42.47713086428492
2024121502_2221_43373_9,88.057015168154,42.67480790104888
2024121502_2221_46501_1,89.20337387565411,28.424031409196445
2024121502_2221_46501_10,90.95186482903799,31.365284295460505
2024121502_2221_46501_11,90.86865228729428,31.42154576799056
2024121502_2221_46501_12,90.78811919188672,31.47316534948728
2024121502_2221_46501_13,90.72583636654366,31.511258782720496
2024121502_2221_46501_14,90.65223843103318,31.55429572755905
2024121502_2221_46501_2,89.59280751901069,28.91179877873866
2024121502_2221_46501_3,90.00246550943972,29.396620775115437
2024121502_2221_46501_4,90.39912356043354,29.886764968100398
2024121502_2221_46501_5,90.7737070771258,30.433611741225228
2024121502_2221_46501_6,91.1397952115974,31.027939304320814
2024121502_2221_46501_7,91.16314373954168,31.20797606991872
2024121502_2221_46501_8,91.08439194200581,31.26915530358392
2024121502_2221_46501_9,90.98866529152608,31.33941578597642
2024121502_2221_53465_1,70.05994437252198,38.2257112062642
2024121502_2221_53465_10,71.79393924288676,41.32238331828091
2024121502_2221_53465_11,71.92939184296108,41.24511179934578
2024121502_2221_53465_12,72.09601412507612,41.140057266393946
2024121502_2221_53465_13,72.20192140341038,41.067097019799185
2024121502_2221_53465_14,72.27834763537085,41.011238607150524
2024121502_2221_53465_2,70.09605722068609,38.688825620223625
2024121502_2221_53465_3,70.17856279779565,39.142764625082066
2024121502_2221_53465_4,70.33657220130515,39.58356764930733
2024121502_2221_53465_5,70.53400658190748,39.99133357390882
2024121502_2221_53465_6,70.74192779923423,40.37080121504206
2024121502_2221_53465_7,71.01016122668705,40.767739494519375
2024121502_2221_53465_8,71.39290284295012,41.123538859839876
2024121502_2221_53465_9,71.64378580121348,41.40013365314409
2024121502_2221_53518_1,82.23973883399243,41.07388196883782
2024121502_2221_53518_10,85.20406612212683,41.855524780272056
2024121502_2221_53518_11,85.17064232768814,42.05614384767894
2024121502_2221_53518_12,85.19791624248462,42.216738987344485
2024121502_2221_53518_13,85.19023758111649,42.387991435878405
2024121502_2221_53518_14,85.14272839914193,42.48766354407772
2024121502_2221_53518_2,82.76301869649241,41.15288316566472
2024121502_2221_53518_3,83.258669183265,41.21053169354618
2024121502_2221_53518_4,83.76126199669363,41.296870798305285
2024121502_2221_53518_5,84.22555447086494,41.361541432338456
2024121502_2221_53518_6,84.54856459218459,41.41662479527366
2024121502_2221_53518_7,84.91615677777344,41.49144505789712
2024121502_2221_53518_8,85.07064182285103,41.575986809214655
2024121502_2221_53518_9,85.06221231846592,41.723926857709976
2024121502_2244_40166_1,88.84712468881062,24.085713960869082
2024121502_2244_40166_10,92.0829953419314,24.43283323390347
2024121502_2244_40166_11,92.09639843580015,24.323884177824187
2024121502_2244_40166_12,92.10473170951636,24.239160712530573
2024121502_2244_40166_13,92.11101408179067,24.15796753338536
2024121502_2244_40166_14,92.11778377997304,24.023134700903146
2024121502_2244_40166_15,92.11998535101935,23.879174491669545
2024121502_2244_40166_16,92.11845256156809,23.77874752636617
2024121502_2244_40166_17,92.11108198156236,23.62304566598717
2024121502_2244_40166_18,92.09932331972631,23.483815415011346
2024121502_2244_40166_2,89.37547132777095,24.356258631401474
2024121502_2244_40166_3,89.91981574785747,24.570662449630845
2024121502_2244_40166_4,90.52147696182978,24.749417337717222
2024121502_2244_40166_5,91.05497743735883,24.898913632934065
2024121502_2244_40166_6,91.67563678144496,25.008321677017335
2024121502_2244_40166_7,91.97750865478409,24.94812427354536
2024121502_2244_40166_8,92.03235612820473,24.722748176881215
2024121502_2244_40166_9,92.05622329615798,24.601439500437852
2024121502_2244_43294_1,75.39404632099541,12.204182183774728
2024121502_2244_43294_10,78.54130863562149,10.772621809829165
2024121502_2244_43294_11,78.55997856902007,10.813645378992028
2024121502_2244_43294_12,78.58292249323965,10.865815554092816
2024121502_2244_43294_13,78.60470335401294,10.917300705994325
2024121502_2244_43294_14,78.63858765180949,11.001678860620423
2024121502_2244_43294_15,78.66090820549239,11.060508138213896
2024121502_2244_43294_16,78.68109776980957,11.116275286823655
2024121502_2244_43294_17,78.68869164138304,11.13794455934902
2024121502_2244_43294_18,78.69671780851758,11.161292027394966
2024121502_2244_43294_2,75.84490788325999,11.853999692670234
2024121502_2244_43294_3,76.39341549166706,11.594882782955912
2024121502_2244_43294_4,76.95563201989557,11.278933589116537
2024121502_2244_43294_5,77.5972881014708,10.986474139796211
2024121502_2244_43294_6,78.27902741170018,10.740303704859716
2024121502_2244_43294_7,78.52621070913486,10.74031578730504
2024121502_2244_43294_8,78.51438021505048,10.715513544200304
2024121502_2244_43294_9,78.51821672339258,10.723508738212063
2024121502_2244_44974_1,85.18847402812533,28.706407298981347
2024121502_2244_44974_10,88.20286508848108,26.981495640223653
2024121502_2244_44974_11,88.13355202380137,26.848207078148555
2024121502_2244_44974_12,87.99365378555991,26.61093970880822
2024121502_2244_44974_13,87.87574487028594,26.436183023642606
2024121502_2244_44974_14,87.80158266888728,26.33563787337038
2024121502_2244_44974_15,87.70558639377893,26.214581251242468
2024121502_2244_44974_16,87.69425047942391,26.20090172330919
2024121502_2244_44974_17,87.6141193565192,26.107595566487436
2024121502_2244_44974_18,87.50817947352705,25.992615073991875
2024121502_2244_44974_2,85.64191603478064,28.609725895661036
2024121502_2244_44974_3,86.04507815800636,28.469399815834656
2024121502_2244_44974_4,86.47734747260803,28.346214424057923
2024121502_2244_44974_5,86.84180937015134,28.202912166563298
2024121502_2244_44974_6,87.13901414202583,28.049278185319707
2024121502_2244_44974_7,87.43429389335199,27.80827450065866
2024121502_2244_44974_8,87.75280339313596,27.550313617946106
2024121502_2244_44974_9,87.99606357706693,27.29121253038027
2024121502_2244_54509_1,77.17838929494634,13.377943604140517
2024121502_2244_54509_10,79.97380763801665,11.925912601425662
2024121502_2244_54509_11,79.9953923169115,11.96719191598068
2024121502_2244_54509_12,80.01804730798172,12.011822866200108
2024121502_2244_54509_13,80.04000504641283,12.056450842160684
2024121502_2244_54509_14,80.056022052891,12.089916811086077
2024121502_2244_54509_15,80.07715805983787,12.135343504576285
2024121502_2244_54509_16,80.0823372735406,12.14670656392256
2024121502_2244_54509_17,80.08818165854454,12.159643152768542
2024121502_2244_54509_18,80.0953184945566,12.17560882071083
2024121502_2244_54509_2,77.71186263862236,12.92246088345397
2024121502_2244_54509_3,78.32927913571692,12.51189480108136
2024121502_2244_54509_4,79.02860787955527,12.096223975765263
2024121502_2244_54509_5,79.72604733678884,11.724825279904625
2024121502_2244_54509_6,79.8891487759886,11.774321663961361
2024121502_2244_54509_7,79.93555630804892,11.855498496462546
2024121502_2244_54509_8,79.9617629925288,11.903375254707843
2024121502_2244_54509_9,79.95972426937492,11.899594499173098
2024121502_226_44860_1,28.165449839838644,7.484896464694639
2024121502_226_44860_10,30.093292558466562,4.6215057106727055
2024121502_226_44860_11,30.155343168991916,4.6641184794681365
2024121502_226_44860_2,28.372211745429567,6.983580435404845
2024121502_226_44860_3,28.604577626316022,6.483572289768198
2024121502_226_44860_4,28.879765540127817,6.014308554583108
2024121502_226_44860_5,29.140392065910902,5.605564647405967
2024121502_226_44860_6,29.437613331836133,5.218040237205265
2024121502_226_44860_7,29.754795485845385,4.804632412514305
2024121502_226_44860_8,29.98472913256587,4.550969738520194
2024121502_226_44860_9,30.03340553719366,4.581978503508957
2024121502_226_52435_1,37.118414594198256,14.296028172956095
2024121502_226_52435_10,38.00833490527526,11.144874050112353
2024121502_226_52435_11,37.96771844235477,10.760889308367252
2024121502_226_52435_2,37.32390371747383,13.981160768165669
2024121502_226_52435_3,37.574034842517946,13.716668319216014
2024121502_226_52435_4,37.757846930954855,13.364722149115556
2024121502_226_52435_5,37.88930599884679,13.0711459097646
2024121502_226_52435_6,37.958033803847734,12.726962906206417
2024121502_226_52435_7,37.97998593356423,12.360869144651113
2024121502_226_52435_8,37.99651242143449,11.955493079777582
2024121502_226_52435_9,37.97984049771284,11.511805390212636
2024121502_2347_43373_1,115.52364291765808,3.2202035358566685
2024121502_2347_43373_2,115.67831822762707,3.14164612615775
2024121502_2347_43373_3,115.85125611234288,3.1137247462051243
2024121502_2347_43373_4,115.99349527795653,3.1057003420342317
2024121502_2347_43373_5,116.12396367372794,3.1104449099423266
2024121502_2347_43373_6,116.23169487262041,3.131329997953994
2024121502_2347_43373_7,116.2660013817409,3.1106201469716637
2024121502_2347_43373_8,116.26597142850542,3.1422737922283335
2024121502_2347_43373_9,116.28041979678622,3.146947671522827
2024121502_2347_44974_1,115.79021131807573,8.45852318210585
2024121502_2347_44974_2,115.52163832561354,7.888059970649834
2024121502_2347_44974_3,115.1590026392318,7.356852105806118
2024121502_2347_44974_4,114.69321750036185,6.817062399015947
2024121502_2347_44974_5,114.27355700336928,6.355717113852091
2024121502_2347_44974_6,113.81835362223492,5.930316290787262
2024121502_2347_44974_7,113.55064570144195,5.894315983588447
2024121502_2347_44974_8,113.47684525141858,5.957712043282408
2024121502_2347_44974_9,113.45983339087034,5.972774931199252
2024121502_2347_53465_1,118.32965004721719,3.5907480395512437
2024121502_2347_53465_2,118.3039133623192,3.3692827410213617
2024121502_2347_53465_3,118.1966059659571,3.2670630733687682
2024121502_2347_53465_4,118.04863695016783,3.203584351922321
2024121502_2347_53465_5,117.8335893746879,3.141438455841169
2024121502_2347_53465_6,117.59172276772148,3.109192159744474
2024121502_2347_53465_7,117.2734517578877,3.092450433245307
2024121502_2347_53465_8,116.9488087881929,3.086767834678118
2024121502_2347_53465_9,116.65201902263144,3.088921202906565
2024121502_2347_53518_1,115.37179527024664,6.725634443850192
2024121502_2347_53518_2,114.94803254461014,6.156486189430948
2024121502_2347_53518_3,114.48335271659055,5.629949310255431
2024121502_2347_53518_4,113.94257027858583,5.1019298340478825
2024121502_2347_53518_5,113.42507095375173,4.661848215357456
2024121502_2347_53518_6,113.02761594646874,4.405599017156365
2024121502_2347_53518_7,113.00184490918872,4.431866865615391
2024121502_2347_53518_8,112.96858626231254,4.466493449661239
2024121502_2347_53518_9,112.92202020281019,4.516406998943683
2024121502_2347_54936_1,111.39467842145957,10.733072105637142
2024121502_2347_54936_2,111.36767386154338,10.148450260093556
2024121502_2347_54936_3,111.31235433529693,9.52774755019902
2024121502_2347_54936_4,111.29464777132056,8.888587636013511
2024121502_2347_54936_5,111.23628939970443,8.280690079883414
2024121502_2347_54936_6,111.1703510317113,7.672807204446955
2024121502_2347_54936_7,111.1386343116761,7.252930387569323
2024121502_2347_54936_8,111.15587636553121,7.251578154838997
2024121502_2347_54936_9,111.16390680459297,7.250973950995849
2024121502_2499_44912_1,57.097436175484575,35.251940129028426
2024121502_2499_44912_2,57.15459919529215,35.694781168004944
2024121502_2499_44912_3,57.21238703520694,36.180680803806624
2024121502_2499_44912_4,57.227246407490924,36.63486103337465
2024121502_2499_44912_5,57.272100288774,37.11794171803387
2024121502_2499_44912_6,57.30834016082686,37.5771808264904
2024121502_2499_44912_7,57.30911080263887,38.05406618751442
2024121502_2499_44912_8,57.3058475954923,38.367891103693566
2024121502_2499_44912_9,57.30428762400371,38.7212936905347
2024121502_2618_41256_1,40.3234709697586,35.251456050674896
2024121502_2618_41256_2,40.23298783734865,35.17693918836281
2024121502_2618_41256_3,40.13973001912646,35.108985609460305
2024121502_2618_41256_4,40.088906255054354,35.05223406423172
2024121502_2618_41256_5,40.02084956718936,34.96398037024442
2024121502_2618_41256_6,39.98782243419883,34.87622888182495
2024121502_2618_41256_7,39.99328644756543,34.843047623367205
2024121502_2618_41256_8,40.04681573900311,34.82781111356958
2024121502_2618_55949_1,44.621058072289735,34.57388015467148
2024121502_2618_55949_2,44.60456374891836,34.69089650356871
2024121502_2618_55949_3,44.603247464600656,34.77801391121361
2024121502_2618_55949_4,44.613997673709484,34.82869550234249
2024121502_2618_55949_5,44.66215609197573,34.823828418629404
2024121502_2618_55949_6,44.70605848613643,34.78540746953623
2024121502_2618_55949_7,44.7699884876896,34.76491933846733
2024121502_2618_55949_8,44.89342136289179,34.6866226446132
2024121502_2724_41256_1,37.686284405332145,40.35619772059313
2024121502_2724_41256_10,34.38652199155769,41.269051037540294
2024121502_2724_41256_11,34.13729164998343,41.18067211035163
2024121502_2724_41256_12,34.09090451658042,41.00538030813433
2024121502_2724_41256_13,34.06974940775845,40.91257955462654
2024121502_2724_41256_14,34.04167463339382,40.769709444517005
2024121502_2724_41256_2,37.44592105998491,40.63842595323121
2024121502_2724_41256_3,37.181342125867126,40.8394314630478
2024121502_2724_41256_4,36.824430247999146,41.003006914225175
2024121502_2724_41256_5,36.476744998216354,41.14466339262164
2024121502_2724_41256_6,36.11957013203366,41.20643691451887
2024121502_2724_41256_7,35.681074363226465,41.21410668440195
2024121502_2724_41256_8,35.25023412740214,41.17674704446239
2024121502_2724_41256_9,34.83535605340998,41.24326038194893
2024121502_2724_43395_1,32.432309375435324,24.49203860313539
2024121502_2724_43395_10,32.082299137089386,27.756720651841093
2024121502_2724_43395_11,31.97739828256004,28.220080674203423
2024121502_2724_43395_12,31.976885123540814,28.30823328712986
2024121502_2724_43395_13,31.94847232641828,28.30452750428305
2024121502_2724_43395_14,31.925401663131186,28.301366012468723
2024121502_2724_43395_2,32.42585544788015,24.73590330648283
2024121502_2724_43395_3,32.40093482298081,25.003391589997396
2024121502_2724_43395_4,32.38715802814772,25.330503419814047
2024121502_2724_43395_5,32.3375813185727,25.676739062623604
2024121502_2724_43395_6,32.30195354835449,26.04607452109944
2024121502_2724_43395_7,32.26744077226297,26.452205844433927
2024121502_2724_43395_8,32.21188623323081,26.88327296652239
2024121502_2724_43395_9,32.17030307455605,27.289583375056665
2024121502_2724_43454_1,34.77990951822672,42.09768877469385
2024121502_2724_43454_10,32.253377458528014,40.159082939746106
2024121502_2724_43454_11,32.32828276389598,40.04872506488689
2024121502_2724_43454_12,32.38221625365905,39.973896517029615
2024121502_2724_43454_13,32.44191420007709,39.89510813266138
2024121502_2724_43454_14,32.46689876844301,39.863300043669106
2024121502_2724_43454_2,34.110747089902524,41.828989398765216
2024121502_2724_43454_3,33.43994706021324,41.493618826401345
2024121502_2724_43454_4,32.70228822173999,41.129333891193724
2024121502_2724_43454_5,31.9693725299344,40.702612046584385
2024121502_2724_43454_6,31.99838129320439,40.60978659617279
2024121502_2724_43454_7,32.040598717745844,40.524989722799496
2024121502_2724_43454_8,32.127223520265105,40.36510113058622
2024121502_2724_43454_9,32.19996051257776,40.242932966427155
2024121502_2724_54468_1,31.2732827218851,45.12890226281378
2024121502_2724_54468_10,28.169827613259514,43.367963622224266
2024121502_2724_54468_11,28.258731312055723,43.207935598549
2024121502_2724_54468_12,28.329703515065212,43.09140334005275
2024121502_2724_54468_13,28.425789342400954,42.9465901908521
2024121502_2724_54468_14,28.540046922218217,42.79045137686051
2024121502_2724_54468_2,30.82022507174015,44.99507116589338
2024121502_2724_54468_3,30.377110349202557,44.87441253629019
2024121502_2724_54468_4,29.917669809356443,44.7473104415693
2024121502_2724_54468_5,29.442316033751133,44.52171088336793
2024121502_2724_54468_6,28.940714809394432,44.34394800122732
2024121502_2724_54468_7,28.474684399575093,44.08072673435943
2024121502_2724_54468_8,28.082875584572136,43.76706043235344
2024121502_2724_54468_9,28.090286585480563,43.52774420349113
2024121502_2724_54540_1,35.32040963926635,23.727643235697286
2024121502_2724_54540_10,33.394443632406855,24.7256392914395
2024121502_2724_54540_11,33.19344051719045,25.002790635911378
2024121502_2724_54540_12,32.974986356155576,25.341993165841757
2024121502_2724_54540_13,32.84253136406488,25.660427963467647
2024121502_2724_54540_14,32.58931117442321,26.141458835824167
2024121502_2724_54540_2,35.12336876314113,23.772618005469198
2024121502_2724_54540_3,34.92406720954136,23.828693164087554
2024121502_2724_54540_4,34.6807095002518,23.90002683361875
2024121502_2724_54540_5,34.478008989871995,23.98998984310562
2024121502_2724_54540_6,34.250392611647236,24.062914864953655
2024121502_2724_54540_7,33.991057453513946,24.216756811027434
2024121502_2724_54540_8,33.78031373662282,24.433052759327815
2024121502_2724_54540_9,33.62535934973503,24.590262421394137
2024121502_2724_56032_1,37.348723855203765,32.52316157211695
2024121502_2724_56032_10,35.367943606358445,33.40538558232146
2024121502_2724_56032_11,35.095708433835824,33.46375843614126
2024121502_2724_56032_12,34.78489651642364,33.566796558429154
2024121502_2724_56032_13,34.45249249473296,33.799192005311895
2024121502_2724_56032_14,34.17169100163136,34.01235671367457
2024121502_2724_56032_2,37.19682921655811,32.561378794473086
2024121502_2724_56032_3,37.0180322964156,32.628591752876
2024121502_2724_56032_4,36.83865835913791,32.69923653573861
2024121502_2724_56032_5,36.62646850596557,32.79846492783875
2024121502_2724_56032_6,36.36849516252489,32.86484043921861
2024121502_2724_56032_7,36.13254532535154,32.976309881875196
2024121502_2724_56032_8,35.94339825770467,33.17412266661255
2024121502_2724_56032_9,35.689467591419785,33.362323586155696
2024121502_2724_57199_1,26.538449481835375,37.178217971843566
2024121502_2724_57199_10,24.16337090417665,36.8610737351081
2024121502_2724_57199_11,24.10323685988792,36.67775490800118
2024121502_2724_57199_12,24.100479231029144,36.532221328952076
2024121502_2724_57199_13,24.068978096713558,36.37639032772072
2024121502_2724_57199_14,24.05996043223421,36.21694039256042
2024121502_2724_57199_2,26.229770763072377,37.26963461178044
2024121502_2724_57199_3,25.869514407979246,37.32859081468948
2024121502_2724_57199_4,25.56300439819968,37.35830213014547
2024121502_2724_57199_5,25.27523147986944,37.34372530855407
2024121502_2724_57199_6,24.90189935359911,37.3196114066212
2024121502_2724_57199_7,24.686710453661824,37.27484323161078
2024121502_2724_57199_8,24.531548514898937,37.21759276769678
2024121502_2724_57199_9,24.342280120861577,37.03944293264012
2024121502_2796_42718_1,22.25374966933617,14.942347556854982
2024121502_2796_42718_2,22.076922135750017,14.369859017768393
2024121502_2796_42718_3,21.893365321953286,13.723834700765632
2024121502_2796_42718_4,21.741073509542968,13.101523967888564
2024121502_2796_42718_5,21.649796969616894,12.48364649132854
2024121502_2796_42718_6,21.59147200718542,11.873383647407827
2024121502_2796_42718_7,21.601652412294563,11.524502001038929
2024121502_2796_42718_8,21.751790544270023,11.492517546666612
2024121502_2796_42718_9,21.877147878080542,11.470379994001696
2024121502_2796_54540_1,20.088813790893983,15.526371472252668
2024121502_2796_54540_2,20.096927167996903,15.060420870280726
2024121502_2796_54540_3,20.113501861200884,14.515028575543358
2024121502_2796_54540_4,20.13724972547991,13.934378270012827
2024121502_2796_54540_5,20.20232497171268,13.381439644827218
2024121502_2796_54540_6,20.27961573481182,12.7812824624239
2024121502_2796_54540_7,20.341891586565495,12.168488193764357
2024121502_2796_54540_8,20.452698478520176,11.905699547398875
2024121502_2796_54540_9,20.52578132899722,11.914706316793431
2024121502_2796_57163_1,15.015159220438699,8.897040578355854
2024121502_2796_57163_2,14.465375652402237,8.890512547334671
2024121502_2796_57163_3,13.887684973123978,8.89348855211656
2024121502_2796_57163_4,13.325462564727857,8.92868712632697
2024121502_2796_57163_5,12.75139312368128,8.96160766996302
2024121502_2796_57163_6,12.16116249938495,8.989891912667378
2024121502_2796_57163_7,11.700133017617475,8.982620901982052
2024121502_2796_57163_8,11.70000456034785,8.956040096191613
2024121502_2796_57163_9,11.700199023516443,8.910098264183182
2024121502_2863_41256_1,14.109283632209715,40.55331973374377
2024121502_2863_41256_10,11.478693038880653,42.85332885155397
2024121502_2863_41256_11,11.207514472920561,42.82121703217189
2024121502_2863_41256_12,11.115750337001913,42.7069417790819
2024121502_2863_41256_13,11.03625889138611,42.60054344550327
2024121502_2863_41256_14,10.94175415912468,42.46365938971489
2024121502_2863_41256_15,10.860844356595017,42.335903342203544
2024121502_2863_41256_2,14.021178741600833,40.861617353907086
2024121502_2863_41256_3,13.817364774036133,41.16124126884047
2024121502_2863_41256_4,13.599438429062005,41.46041649804196
2024121502_2863_41256_5,13.329162120511928,41.70094060642435
2024121502_2863_41256_6,12.974953562509675,41.923281294492
2024121502_2863_41256_7,12.611759355684615,42.067478769888204
2024121502_2863_41256_8,12.25844615817693,42.36437671919264
2024121502_2863_41256_9,11.881430031916729,42.65544547167646
2024121502_2863_44912_1,2.502807138889784,35.22446536139738
2024121502_2863_44912_10,2.1961854906689915,38.90519655514925
2024121502_2863_44912_11,2.228800335538805,38.90787597209834
2024121502_2863_44912_12,2.2685204384242237,38.9107767223495
2024121502_2863_44912_13,2.283069213032899,38.91173979245998
2024121502_2863_44912_14,2.277953888652037,38.9114072500219
2024121502_2863_44912_15,2.2129763769742605,38.90660953066426
2024121502_2863_44912_2,2.463307228779296,35.621994301135004
2024121502_2863_44912_3,2.3968497863551197,36.07464622987868
2024121502_2863_44912_4,2.3580251481730805,36.590933371989294
2024121502_2863_44912_5,2.3015702202685553,37.16012829061219
2024121502_2863_44912_6,2.227214646871289,37.730041529055796
2024121502_2863_44912_7,2.189599712215024,38.332201823677394
2024121502_2863_44912_8,2.157203128050369,38.901641188608735
2024121502_2863_44912_9,2.1998438166344383,38.9055104780841
2024121502_2863_54468_1,3.5991597554100845,33.92639490939695
2024121502_2863_54468_10,3.4284286996177475,37.74916817887845
2024121502_2863_54468_11,3.369665995554971,37.747537537934626
2024121502_2863_54468_12,3.3668789727774517,37.74743872643056
2024121502_2863_54468_13,3.312228201796137,37.745107797774075
2024121502_2863_54468_14,3.28204768254183,37.74349943545325
2024121502_2863_54468_15,3.241825406336199,37.74100017380522
2024121502_2863_54468_2,3.6091689081595324,34.192491665861255
2024121502_2863_54468_3,3.6238763250243684,34.552255451971966
2024121502_2863_54468_4,3.6379847296340957,35.03223188877668
2024121502_2863_54468_5,3.6176414267699726,35.57388877716265
2024121502_2863_54468_6,3.6364352510028164,36.128773974653605
2024121502_2863_54468_7,3.612426398540863,36.71485328818963
2024121502_2863_54468_8,3.559054224495509,37.32009461110028
2024121502_2863_54468_9,3.479800051045791,37.74988599376072
2024121502_2863_56032_1,9.925650655576932,28.594084319725393
2024121502_2863_56032_10,9.962279607107341,32.22584460969553
2024121502_2863_56032_11,9.879264507438949,32.2287681300074
2024121502_2863_56032_12,9.788837712157378,32.22999023684356
2024121502_2863_56032_13,9.698774800496373,32.22917522333863
2024121502_2863_56032_14,9.647181605678306,32.22779430112779
2024121502_2863_56032_15,9.543934178002834,32.2230280399322
2024121502_2863_56032_2,9.987460476541502,29.096749202659606
2024121502_2863_56032_3,10.072389218713795,29.599635629160332
2024121502_2863_56032_4,10.121663059162676,30.153373143229356
2024121502_2863_56032_5,10.143188236617426,30.718036825064434
2024121502_2863_56032_6,10.190960270807501,31.260112306539526
2024121502_2863_56032_7,10.184432688811368,31.782874287981734
2024121502_2863_56032_8,10.159297133695869,32.2119761029381
2024121502_2863_56032_9,10.056085901270482,32.22046069710249
2024121502_2927_43373_1,50.59832881147679,43.18108431855448
2024121502_2927_43373_2,50.85043256414838,43.53525290375558
2024121502_2927_43373_3,51.09173930741419,43.825373565143074
2024121502_2927_43373_4,51.31762233711695,44.0739611085884
2024121502_2927_43373_5,51.4728280440764,44.25440782713228
2024121502_2927_43373_6,51.56036459071428,44.416877929824246
2024121502_2927_43373_7,51.642210648707746,44.56058067679934
2024121502_2927_43373_8,51.73501722084057,44.49759883947088
2024121502_2927_43373_9,51.81748787884581,44.39738512215278
2024121502_2927_44860_1,43.32223118930101,31.474417240651643
2024121502_2927_44860_2,43.37135441499847,32.09608348127715
2024121502_2927_44860_3,43.42338405235259,32.745899795877776
2024121502_2927_44860_4,43.41819296635863,33.384316323320434
2024121502_2927_44860_5,43.424391931024175,34.00161956671801
2024121502_2927_44860_6,43.43483778877202,34.66314627589295
2024121502_2927_44860_7,43.36521220800348,34.9165866594291
2024121502_2927_44860_8,43.27417813921979,34.919312141314045
2024121502_2927_44860_9,43.18414585908024,34.91996858065357
2024121502_2927_53465_1,50.30742436815896,35.03354506805954
2024121502_2927_53465_2,50.21351756839699,35.406270389499085
2024121502_2927_53465_3,49.98344198410815,35.77400447290905
2024121502_2927_53465_4,49.703625330132574,36.17632440746637
2024121502_2927_53465_5,49.372572381483266,36.637467277249996
2024121502_2927_53465_6,48.98671356100879,37.01184822935492
2024121502_2927_53465_7,48.49992455025061,37.368338818056095
2024121502_2927_53465_8,48.06682542188391,37.7241589465042
2024121502_2927_53465_9,47.870315817386846,37.79000693266824
2024121502_302_39989_1,81.87362046370701,39.978740638635635
2024121502_302_39989_10,78.49634336766339,38.59416478030123
2024121502_302_39989_11,78.41841502840343,38.72399581199443
2024121502_302_39989_12,78.40750078814882,38.750923238377425
2024121502_302_39989_2,81.73043417272584,39.75575755994973
2024121502_302_39989_3,81.47119100038155,39.60238872648299
2024121502_302_39989_4,81.16060769529395,39.428299786174605
2024121502_302_39989_5,80.7726891905189,39.242353236649436
2024121502_302_39989_6,80.31339910030584,39.11000728807781
2024121502_302_39989_7,79.8976087911996,38.95992307595199
2024121502_302_39989_8,79.46501795309435,38.92019954315697
2024121502_302_39989_9,78.99083453688793,38.792519364735504
2024121502_302_43373_1,84.81126665169577,39.548108366850286
2024121502_302_43373_10,82.52231074270037,37.448408567526066
2024121502_302_43373_11,82.05178926531048,37.3841432621936
2024121502_302_43373_12,81.69369296801132,37.40282155311853
2024121502_302_43373_2,84.82447263449988,39.16752396062709
2024121502_302_43373_3,84.73880053187253,38.8421943988992
2024121502_302_43373_4,84.56839735368769,38.52836256222647
2024121502_302_43373_5,84.35947938123732,38.236552552032535
2024121502_302_43373_6,84.14129505978197,38.061632796349066
2024121502_302_43373_7,83.84109844343753,37.83533353994801
2024121502_302_43373_8,83.4365717461357,37.66242032731203
2024121502_302_43373_9,82.93942652035942,37.498028528415766
2024121502_302_44974_1,76.57565864294506,23.626608649349503
2024121502_302_44974_10,76.3215770290021,25.093785880107877
2024121502_302_44974_11,76.31215263634046,25.43054037484953
2024121502_302_44974_12,76.2893658966564,25.71958640804071
2024121502_302_44974_2,76.5738398734544,23.61516456218846
2024121502_302_44974_3,76.56319871404835,23.680942473392367
2024121502_302_44974_4,76.5349269997802,23.737542480474623
2024121502_302_44974_5,76.51367628833368,23.844456565912733
2024121502_302_44974_6,76.49770182276747,24.01352855966705
2024121502_302_44974_7,76.44057607566279,24.220344961126557
2024121502_302_44974_8,76.38272225225423,24.478621945813803
2024121502_302_44974_9,76.33430867013489,24.733219847915457
2024121502_302_48013_1,71.21665506731225,41.799756399664446
2024121502_302_48013_10,72.4843932756686,43.709089640556684
2024121502_302_48013_11,72.7373465976823,43.725568188146006
2024121502_302_48013_12,73.01956618912574,43.7141737939115
2024121502_302_48013_2,71.29218577012357,42.1980837604663
2024121502_302_48013_3,71.40639038399608,42.54635040589183
2024121502_302_48013_4,71.5019380134418,42.85052162848868
2024121502_302_48013_5,71.63146933050966,43.18579401202319
2024121502_302_48013_6,71.79277943840054,43.46581253359651
2024121502_302_48013_7,71.9374834643432,43.70052534156993
2024121502_302_48013_8,72.10956281372613,43.794139532449705
2024121502_302_48013_9,72.25817247708899,43.661665048180446
2024121502_302_53465_1,77.43173682631692,30.773462756020656
2024121502_302_53465_10,78.19554288092259,33.52077069911875
2024121502_302_53465_11,78.17597248645907,33.97925108087602
2024121502_302_53465_12,78.12521754335933,34.41445819234045
2024121502_302_53465_2,77.58425004815443,30.914489951821633
2024121502_302_53465_3,77.76507747165337,31.058302201534048
2024121502_302_53465_4,77.91425114128363,31.267357333439058
2024121502_302_53465_5,77.9964874118723,31.57668191190524
2024121502_302_53465_6,78.08876711581412,31.90368504094461
2024121502_302_53465_7,78.14115465349616,32.27106306755087
2024121502_302_53465_8,78.14956430177523,32.65226083422219
2024121502_302_53465_9,78.17418303476299,33.04521817832972
2024121502_3042_44912_1,76.72520852469846,16.259065935215624
2024121502_3042_44912_10,76.19970796311704,12.795387009933126
2024121502_3042_44912_2,76.65256049879034,15.72051604972498
2024121502_3042_44912_3,76.53080539571829,15.143010705392424
2024121502_3042_44912_4,76.46836224579174,14.601126031225228
2024121502_3042_44912_5,76.3283676716437,14.039637694044274
2024121502_3042_44912_6,76.2347144821933,13.458457398939501
2024121502_3042_44912_7,76.14720231698226,12.872700967351605
2024121502_3042_44912_8,76.18226873888547,12.79861950628353
2024121502_3042_44912_9,76.19007729702265,12.797162239847893
2024121502_3042_55043_1,73.74876338092693,23.34044691280575
2024121502_3042_55043_10,73.57987902135076,19.53203999786838
2024121502_3042_55043_2,73.6765159823137,22.98527625282729
2024121502_3042_55043_3,73.58037647967453,22.618410701114353
2024121502_3042_55043_4,73.54059120280343,22.138690644954902
2024121502_3042_55043_5,73.50843035202945,21.63793789232637
2024121502_3042_55043_6,73.46443475103534,21.10825648757606
2024121502_3042_55043_7,73.46454501686732,20.50191926050559
2024121502_3042_55043_8,73.46196210144097,19.951110324318336
2024121502_3042_55043_9,73.49487597434886,19.539563214375434
2024121502_3042_57163_1,74.04149371234462,6.908315763636633
2024121502_3042_57163_10,74.56894588549599,7.899731096095675
2024121502_3042_57163_2,73.93709580133634,6.8519156500398335
2024121502_3042_57163_3,73.87894950780179,6.8329279476280185
2024121502_3042_57163_4,73.87111026714844,6.854271309790408
2024121502_3042_57163_5,73.89753493139169,6.935297477008994
2024121502_3042_57163_6,73.94535958750915,7.055437515395547
2024121502_3042_57163_7,74.01008365348464,7.173581901022164
2024121502_3042_57163_8,74.15953643196322,7.344632523623768
2024121502_3042_57163_9,74.38649375115003,7.581536910720739
2024121502_3089_41256_1,65.54505072543812,20.696001096717236
2024121502_3089_41256_2,65.53802979735116,20.92846743426519
2024121502_3089_41256_3,65.56858819859035,21.166180142548637
2024121502_3089_41256_4,65.61879997203329,21.49037253151141
2024121502_3089_41256_5,65.71264551382778,21.871858567961173
2024121502_3089_41256_6,65.79161059055194,22.26645075729351
2024121502_3089_41256_7,65.89624887529727,22.69708614155836
2024121502_3089_46192_1,67.36665559022657,25.956536165498825
2024121502_3089_46192_2,67.16882952999495,26.128646030837135
2024121502_3089_46192_3,66.95405528917794,26.287671008367482
2024121502_3089_46192_4,66.76693957589426,26.388386030641996
2024121502_3089_46192_5,66.65245428920306,26.52163628952346
2024121502_3089_46192_6,66.5545548771367,26.63098780775069
2024121502_3089_46192_7,66.53986544405252,26.69724655439255
2024121502_3089_56032_1,63.16530989493152,27.274705898328698
2024121502_3089_56032_2,62.950599627001935,27.277358296824428
2024121502_3089_56032_3,62.73476022563352,27.276768917644876
2024121502_3089_56032_4,62.57859056745221,27.30709724474695
2024121502_3089_56032_5,62.512771707340214,27.31512608463319
2024121502_3089_56032_6,62.48478612593774,27.336857958202156
2024121502_3089_56032_7,62.494677250507564,27.37866459745534
2024121502_3156_43454_1,63.87651043521555,14.65144380974307
2024121502_3156_43454_10,66.67124452349297,16.41999656581163
2024121502_3156_43454_11,66.61033912383068,16.531608374686385
2024121502_3156_43454_12,66.54991819402824,16.634646848539454
2024121502_3156_43454_13,66.51482263357099,16.691425752698315
2024121502_3156_43454_2,64.53590471898559,14.834301909483441
2024121502_3156_43454_3,65.19476975916979,15.025191249916565
2024121502_3156_43454_4,65.86560244027923,15.320552746131042
2024121502_3156_43454_5,66.59300326424159,15.623192162369866
2024121502_3156_43454_6,66.91358986302811,15.857862761770667
2024121502_3156_43454_7,66.85586594061057,16.015308555804616
2024121502_3156_43454_8,66.80433679502909,16.140901362101825
2024121502_3156_43454_9,66.73826816082436,16.28638375791167
2024121502_3156_54468_1,63.07956945674252,14.783670328500653
2024121502_3156_54468_10,66.33151149020915,15.607032836685963
2024121502_3156_54468_11,66.31024404342564,15.712609945855284
2024121502_3156_54468_12,66.28479141327786,15.82309793585056
2024121502_3156_54468_13,66.2544860246247,15.939082544040852
2024121502_3156_54468_2,63.64988529286551,14.729652635576773
2024121502_3156_54468_3,64.25204494337781,14.688512469362331
2024121502_3156_54468_4,64.89560633481675,14.697685630466907
2024121502_3156_54468_5,65.5318451869145,14.795121857517533
2024121502_3156_54468_6,66.22055373186585,14.916305416895868
2024121502_3156_54468_7,66.39708128367785,15.02277830890626
2024121502_3156_54468_8,66.3851467383126,15.214391454766915
2024121502_3156_54468_9,66.3596923069226,15.43642460619039
2024121502_3156_57199_1,75.67076794017987,26.16220904687784
2024121502_3156_57199_10,76.40126262337931,22.744584465321374
2024121502_3156_57199_11,76.22731742637134,22.69897412103851
2024121502_3156_57199_12,76.0885778153405,22.66850219569706
2024121502_3156_57199_13,75.93733088248352,22.641100235985625
2024121502_3156_57199_2,75.98762044957677,25.670355169234465
2024121502_3156_57199_3,76.23913340983147,25.14277180021356
2024121502_3156_57199_4,76.47665707192853,24.605118467074238
2024121502_3156_57199_5,76.62635423626269,24.086457343228517
2024121502_3156_57199_6,76.78787931439538,23.529438550200766
2024121502_3156_57199_7,76.87065057981329,22.981753967489357
2024121502_3156_57199_8,76.70500412131037,22.84487471249614
2024121502_3156_57199_9,76.53438119022164,22.785226277789047
2024121502_3244_41256_1,79.22130593754306,35.73114297082999
2024121502_3244_41256_10,79.71033647464586,39.220890726579526
2024121502_3244_41256_11,79.60570449958041,39.239161909723784
2024121502_3244_41256_12,79.52755298529252,39.25095123279641
2024121502_3244_41256_2,79.42772543623875,36.24960594062165
2024121502_3244_41256_3,79.66474855182214,36.781518758149254
2024121502_3244_41256_4,79.87162693593355,37.38229125407791
2024121502_3244_41256_5,80.01472727576125,38.00729606945796
2024121502_3244_41256_6,80.10892874313811,38.668862880601
2024121502_3244_41256_7,80.1090074136236,39.1244050531615
2024121502_3244_41256_8,79.97569555210302,39.16150829218797
2024121502_3244_41256_9,79.84671996938654,39.192737769217764
2024121502_3244_43395_1,80.05098052444077,47.67848451959335
2024121502_3244_43395_10,80.83027124498896,47.62892610254362
2024121502_3244_43395_11,80.76580194658077,47.53328547066041
2024121502_3244_43395_12,80.77137423459283,47.391187115952754
2024121502_3244_43395_2,80.19567462685623,47.79422519718668
2024121502_3244_43395_3,80.36086443020426,47.89556813931509
2024121502_3244_43395_4,80.48200035312553,47.95023982975917
2024121502_3244_43395_5,80.59236822857696,47.95358702304839
2024121502_3244_43395_6,80.69921989974414,47.97442940728579
2024121502_3244_43395_7,80.74202616108175,47.93976822203214
2024121502_3244_43395_8,80.78904981678215,47.85858474265641
2024121502_3244_43395_9,80.78155253070038,47.76119528295861
2024121502_3244_57163_1,84.99959379571128,39.60414681918872
2024121502_3244_57163_10,87.72139336613512,41.74756164570472
2024121502_3244_57163_11,87.68570751372896,41.7957126775025
2024121502_3244_57163_12,87.69600730708838,41.78196930308395
2024121502_3244_57163_2,85.44507147687266,39.88470399107484
2024121502_3244_57163_3,85.91879889650676,40.15185429085015
2024121502_3244_57163_4,86.43251105464661,40.518273859122246
2024121502_3244_57163_5,86.97708002853108,40.883423963604336
2024121502_3244_57163_6,87.54894831066875,41.265288454333415
2024121502_3244_57163_7,87.8011847381412,41.634115779076645
2024121502_3244_57163_8,87.78648876471085,41.65564821279365
2024121502_3244_57163_9,87.76425794560362,41.68765857029531
2024121502_3244_57304_1,78.82282439156221,36.67623444143946
2024121502_3244_57304_10,79.1044436816578,40.18547082006276
2024121502_3244_57304_11,79.02169624911362,40.19553825582385
2024121502_3244_57304_12,78.95187274581258,40.20267631887425
2024121502_3244_57304_2,78.99720348914371,37.2350568538707
2024121502_3244_57304_3,79.14288075666073,37.80335717228055
2024121502_3244_57304_4,79.25763628868067,38.450148824911885
2024121502_3244_57304_5,79.33477713922795,39.08558825359989
2024121502_3244_57304_6,79.40694361900354,39.739278510704324
2024121502_3244_57304_7,79.4113366489776,40.132656306918186
2024121502_3244_57304_8,79.27543025952714,40.15908323777678
2024121502_3244_57304_9,79.18085700637558,40.17461386963245
2024121502_3267_44912_1,83.17970123343426,29.95643782778172
2024121502_3267_44912_10,83.21884005275503,33.21684498544049
2024121502_3267_44912_11,83.21478126303309,33.217004223241936
2024121502_3267_44912_12,83.21920123876954,33.21683061507168
2024121502_3267_44912_2,83.22094150686083,30.701587465133702
2024121502_3267_44912_3,83.2349788069774,31.421125467399943
2024121502_3267_44912_4,83.26888652085718,32.20517746893638
2024121502_3267_44912_5,83.26517478251068,32.97487665033685
2024121502_3267_44912_6,83.25912996146937,33.21504033251796
2024121502_3267_44912_7,83.23357754605806,33.216232079785215
2024121502_3267_44912_8,83.21814997932744,33.21687235023071
2024121502_3267_44912_9,83.1901604117112,33.21788172251546
2024121502_3267_52411_1,84.93106149131619,45.70380042937599
2024121502_3267_52411_10,85.63249608460363,44.62026506635868
2024121502_3267_52411_11,85.5080029879857,44.398934256993385
2024121502_3267_52411_12,85.43610073538562,44.07167832284793
2024121502_3267_52411_2,85.10953840437274,45.77440315217542
2024121502_3267_52411_3,85.30318958314253,45.80723941346448
2024121502_3267_52411_4,85.44736479166642,45.804375444282506
2024121502_3267_52411_5,85.52141825274572,45.7219338158783
2024121502_3267_52411_6,85.57774957471098,45.605170395211196
2024121502_3267_52411_7,85.63571233443724,45.47793143882666
2024121502_3267_52411_8,85.63586561767781,45.29440118450283
2024121502_3267_52411_9,85.65092032911984,44.90782457960828
2024121502_3267_56032_1,90.01345148388312,27.81382672553775
2024121502_3267_56032_10,91.36310209332159,30.305898112722645
2024121502_3267_56032_11,91.37157714365091,30.678864839737816
2024121502_3267_56032_12,91.34252744483011,30.991879812537285
2024121502_3267_56032_2,90.24879407992425,28.00060866005625
2024121502_3267_56032_3,90.49178776189909,28.179691589312533
2024121502_3267_56032_4,90.77205193589411,28.40300442200109
2024121502_3267_56032_5,90.92981725487147,28.6779820021551
2024121502_3267_56032_6,91.07319453484224,28.94645566187174
2024121502_3267_56032_7,91.1657560807623,29.27892046387239
2024121502_3267_56032_8,91.23006457842865,29.644461833870828
2024121502_3267_56032_9,91.27980941572288,29.926464150742152
2024121502_3267_57163_1,87.4073182522261,31.47466173212741
2024121502_3267_57163_10,85.81871156319083,34.453591719871326
2024121502_3267_57163_11,85.50765982445476,34.85325419703665
2024121502_3267_57163_12,85.43890585687409,34.814948344374656
2024121502_3267_57163_2,87.4348197329877,31.65129521961951
2024121502_3267_57163_3,87.36484087538223,31.853851637847132
2024121502_3267_57163_4,87.24490724058808,32.117515713226716
2024121502_3267_57163_5,87.1271791102667,32.39063231637355
2024121502_3267_57163_6,86.9119773658084,32.7086058305497
2024121502_3267_57163_7,86.69943743080219,33.07928754499948
2024121502_3267_57163_8,86.43199989622627,33.49665034160227
2024121502_3267_57163_9,86.09191655780624,33.96810644069811
2024121502_3324_41256_1,90.62500838331214,37.272091634691996
2024121502_3324_41256_10,90.37621961356407,38.70346615113715
2024121502_3324_41256_11,90.25333578613386,39.11511578572343
2024121502_3324_41256_12,90.11772002288696,39.48890042971577
2024121502_3324_41256_13,90.02675318763457,39.83264007549483
2024121502_3324_41256_2,90.66250994770346,37.31583983925113
2024121502_3324_41256_3,90.6899031171034,37.34188532941262
2024121502_3324_41256_4,90.6919822160508,37.40565123102136
2024121502_3324_41256_5,90.66170927427571,37.51305653864172
2024121502_3324_41256_6,90.65381565154524,37.67210861955076
2024121502_3324_41256_7,90.58024794046278,37.902758361073445
2024121502_3324_41256_8,90.52998871520529,38.15435490812542
2024121502_3324_41256_9,90.42608749136213,38.438886594490285
2024121502_3324_56032_1,92.11761589234261,31.541542789333118
2024121502_3324_56032_10,93.10039979605438,35.14247063381628
2024121502_3324_56032_11,92.96966817495704,35.181534321797606
2024121502_3324_56032_12,92.86603908344394,35.209091092973964
2024121502_3324_56032_13,92.75444064445516,35.23547594695115
2024121502_3324_56032_2,92.27906143206641,31.91420982682659
2024121502_3324_56032_3,92.45324412960416,32.24713113338787
2024121502_3324_56032_4,92.62944600818749,32.62318437174233
2024121502_3324_56032_5,92.76253966040547,33.07515102768652
2024121502_3324_56032_6,92.9469549757445,33.52771436570871
2024121502_3324_56032_7,93.06383341594976,33.99093901526053
2024121502_3324_56032_8,93.15933908509074,34.59602926304586
2024121502_3324_56032_9,93.21476744611113,35.10425372937806
2024121502_3324_57163_1,95.82278969389564,46.697844256835474
2024121502_3324_57163_10,95.15205761554179,48.60234166978412
2024121502_3324_57163_11,94.8263074469251,48.815973391459835
2024121502_3324_57163_12,94.52796059836678,48.906039602225135
2024121502_3324_57163_13,94.22607102615405,49.01553638413537
2024121502_3324_57163_2,95.9789558681088,46.83474844065551
2024121502_3324_57163_3,96.12442387971234,46.9917088014875
2024121502_3324_57163_4,96.18015392037262,47.154395233663266
2024121502_3324_57163_5,96.15581167981625,47.33067175133891
2024121502_3324_57163_6,96.05643457811239,47.587242920921874
2024121502_3324_57163_7,95.90939658619186,47.810303215062945
2024121502_3324_57163_8,95.71632156538885,48.028715458905864
2024121502_3324_57163_9,95.44378626471274,48.307330879550975
2024121502_3324_57304_1,89.78274933404583,39.78333053697778
2024121502_3324_57304_10,90.03336162219685,43.402922929798606
2024121502_3324_57304_11,89.92462414821576,43.41631762435896
2024121502_3324_57304_12,89.82488313797555,43.4259570097907
2024121502_3324_57304_13,89.74197779722407,43.432055509346796
2024121502_3324_57304_2,89.97296369864024,40.24104516194945
2024121502_3324_57304_3,90.14379132112106,40.75990697503778
2024121502_3324_57304_4,90.28957375039262,41.30257027632246
2024121502_3324_57304_5,90.3229553160549,41.90598535194182
2024121502_3324_57304_6,90.38309946221588,42.56341905206357
2024121502_3324_57304_7,90.41455919515512,43.16337847079479
2024121502_3324_57304_8,90.29665082227183,43.35782011467195
2024121502_3324_57304_9,90.1299831741663,43.38847078459294
2024121502_3349_41256_1,98.78730587896122,19.52658279426518
2024121502_3349_41256_10,101.62499400510603,17.8525620569858
2024121502_3349_41256_11,101.60022695280885,17.80819363097113
2024121502_3349_41256_12,101.54849843781122,17.719563526355135
2024121502_3349_41256_13,101.51241144321858,17.660673550412856
2024121502_3349_41256_14,101.4954282268554,17.63372781657409
2024121502_3349_41256_15,101.43785962614918,17.545764671936002
2024121502_3349_41256_2,99.34263988181532,19.167767866607598
2024121502_3349_41256_3,99.9287034804339,18.850751201491466
2024121502_3349_41256_4,100.58686377939284,18.481314736675746
2024121502_3349_41256_5,101.21409231186728,18.18347301524376
2024121502_3349_41256_6,101.6937207927629,17.983191803398547
2024121502_3349_41256_7,101.7101553901143,18.016258444433166
2024121502_3349_41256_8,101.66381896688458,17.92491317455242
2024121502_3349_41256_9,101.64950475257206,17.897821421444995
2024121502_3349_43395_1,93.59208779581598,18.103687239012356
2024121502_3349_43395_10,95.00288809595862,21.025986081482774
2024121502_3349_43395_11,95.00866334482649,21.02341699087561
2024121502_3349_43395_12,95.03946570256429,21.00952930775572
2024121502_3349_43395_13,95.05903792210161,21.00054151004292
2024121502_3349_43395_14,95.12237288029084,20.970574502218643
2024121502_3349_43395_15,95.19411718620674,20.93496547454661
2024121502_3349_43395_2,93.83438824527275,18.85804873956666
2024121502_3349_43395_3,94.14249537430588,19.582602538302655
2024121502_3349_43395_4,94.48826470241215,20.352662720233855
2024121502_3349_43395_5,94.7827498266686,21.11597022462555
2024121502_3349_43395_6,94.85299786349579,21.08890807820479
2024121502_3349_43395_7,94.90300307400639,21.06871080737155
2024121502_3349_43395_8,94.95814797201727,21.045520232350487
2024121502_3349_43395_9,94.99879653883944,21.027799579780364
2024121502_3349_43454_1,99.4666551633693,10.872338573056227
2024121502_3349_43454_10,101.56158716065853,8.319371653854951
2024121502_3349_43454_11,101.46289666439243,8.23134171270398
2024121502_3349_43454_12,101.36412600603103,8.148863483259145
2024121502_3349_43454_13,101.31131106722815,8.106914553910691
2024121502_3349_43454_14,101.21944168315761,8.037307630239088
2024121502_3349_43454_15,101.06712547624034,7.930682559051169
2024121502_3349_43454_2,99.99206612101806,10.450770910521028
2024121502_3349_43454_3,100.51196850222027,10.035071959118593
2024121502_3349_43454_4,101.03230724724523,9.613376752396025
2024121502_3349_43454_5,101.5818339174705,9.207728804981771
2024121502_3349_43454_6,101.93668737657035,8.819262013097074
2024121502_3349_43454_7,101.865835627385,8.632313666246416
2024121502_3349_43454_8,101.7807805313228,8.537771964507893
2024121502_3349_43454_9,101.67809959711653,8.431245385546974
2024121502_3349_54468_1,98.9546800994039,11.489413522780124
2024121502_3349_54468_10,101.59370027493955,9.689470091388037
2024121502_3349_54468_11,101.58641433246977,9.678521283302558
2024121502_3349_54468_12,101.56614154877691,9.648460957600102
2024121502_3349_54468_13,101.52496744403318,9.58915868363847
2024121502_3349_54468_14,101.49149435692743,9.54257678361602
2024121502_3349_54468_15,101.47300035065379,9.517432320646776
2024121502_3349_54468_2,99.5319964232253,11.05304662458472
2024121502_3349_54468_3,100.16389763805718,10.665187117418668
2024121502_3349_54468_4,100.82643206571431,10.254847249307993
2024121502_3349_54468_5,101.51171625428742,9.837052681627334
2024121502_3349_54468_6,101.6432834690267,9.766131923428564
2024121502_3349_54468_7,101.61180008419215,9.7170120944885
2024121502_3349_54468_8,101.61103319413029,9.715835049306705
2024121502_3349_54468_9,101.61460991538681,9.721332444913054
2024121502_3381_43294_1,97.74424868147689,17.065067487564267
2024121502_3381_43294_10,101.12898211409143,17.59903160324949
2024121502_3381_43294_2,98.11013802193146,17.379539454389025
2024121502_3381_43294_3,98.48601944758882,17.680732125742445
2024121502_3381_43294_4,98.93141821676532,17.91639008097699
2024121502_3381_43294_5,99.29851630286103,18.0619325381102
2024121502_3381_43294_6,99.72596662677387,18.208986408170826
2024121502_3381_43294_7,100.09537555334448,18.278724768956735
2024121502_3381_43294_8,100.4984854386338,17.984882355887233
2024121502_3381_43294_9,100.78057990762186,17.76889787237006
2024121502_3381_44860_1,90.61330409160759,11.967942650004638
2024121502_3381_44860_10,90.56251382869347,8.466473983825285
2024121502_3381_44860_2,90.48046977752693,11.443852486732528
2024121502_3381_44860_3,90.37567024823149,10.899781930248627
2024121502_3381_44860_4,90.29082997431497,10.390028115060318
2024121502_3381_44860_5,90.2879704646689,9.856016759280012
2024121502_3381_44860_6,90.29233367489333,9.338425715778794
2024121502_3381_44860_7,90.28508768173249,8.825237539792555
2024121502_3381_44860_8,90.34752687044883,8.48454813516436
2024121502_3381_44860_9,90.47614162120297,8.472332396242273
2024121502_3381_52435_1,85.57399316561475,8.336747656412356
2024121502_3381_52435_10,85.65776908814286,6.128112241380794
2024121502_3381_52435_2,85.40002606255263,8.016589360636104
2024121502_3381_52435_3,85.27046513818533,7.704777488214352
2024121502_3381_52435_4,85.18465706766692,7.458605367371608
2024121502_3381_52435_5,85.15849084349199,7.202920735270696
2024121502_3381_52435_6,85.16861420711004,6.941443722559968
2024121502_3381_52435_7,85.2166281786655,6.674639626199996
2024121502_3381_52435_8,85.31176757399116,6.496414683740795
2024121502_3381_52435_9,85.47919395615844,6.353952914508349
2024121502_3515_43373_1,68.48011240038461,44.690013545527094
2024121502_3515_43373_10,69.71268643981921,45.65150006674204
2024121502_3515_43373_11,70.16847523882873,45.75236634115935
2024121502_3515_43373_12,70.5212779873676,45.840261160952764
2024121502_3515_43373_13,70.85951334807254,45.9532746339305
2024121502_3515_43373_2,68.32466404799247,44.76315986025436
2024121502_3515_43373_3,68.26409062061921,44.84011960863508
2024121502_3515_43373_4,68.20670958233566,44.941187129446234
2024121502_3515_43373_5,68.32700206296767,45.034155205386654
2024121502_3515_43373_6,68.53592157474439,45.12151632314407
2024121502_3515_43373_7,68.73527541550295,45.21125914397007
2024121502_3515_43373_8,69.00620216965328,45.355537411562885
2024121502_3515_43373_9,69.35870994780059,45.527151821488076
2024121502_3515_54936_1,70.75886230822913,37.448759590484215
2024121502_3515_54936_10,67.72989017638888,36.325603688802865
2024121502_3515_54936_11,67.69886041346,36.40844610442269
2024121502_3515_54936_12,67.6672307254556,36.49921235838872
2024121502_3515_54936_13,67.63790402702338,36.59034650284249
2024121502_3515_54936_2,70.24324985079105,37.11325426477134
2024121502_3515_54936_3,69.66503668175869,36.82004674692712
2024121502_3515_54936_4,69.0597525116236,36.59242638157511
2024121502_3515_54936_5,68.4697592354406,36.32371100793638
2024121502_3515_54936_6,67.89349296803383,36.10896267628721
2024121502_3515_54936_7,67.81277723826261,36.127512214272286
2024121502_3515_54936_8,67.79527100036077,36.16695247755929
2024121502_3515_54936_9,67.77043948327605,36.22496175017196
2024121502_3515_56070_1,70.32198471045515,44.71865192296457
2024121502_3515_56070_10,70.84389629483258,46.39118941379978
2024121502_3515_56070_11,71.17199904813529,46.667125157678136
2024121502_3515_56070_12,71.4512739643401,46.87732073289124
2024121502_3515_56070_13,71.71731245310487,47.15601240610763
2024121502_3515_56070_2,70.14538951521479,44.792149443724504
2024121502_3515_56070_3,70.031041187627,44.9194532041892
2024121502_3515_56070_4,69.95387837265874,45.07209211573269
2024121502_3515_56070_5,70.00966231092771,45.244517441942
2024121502_3515_56070_6,70.08971874305452,45.40062712114913
2024121502_3515_56070_7,70.21447048100916,45.588218152810526
2024121502_3515_56070_8,70.38699226143291,45.86438575646252
2024121502_3515_56070_9,70.60018728034086,46.130860452046015
2024121502_3540_40166_1,64.3430595583297,44.93032169656746
2024121502_3540_40166_2,64.24780393869113,45.332425202447176
2024121502_3540_40166_3,64.1324194995338,45.65034727767737
2024121502_3540_40166_4,64.04865021123965,45.9274899982845
2024121502_3540_40166_5,63.98193251107805,46.23684012519217
2024121502_3540_40166_6,63.902095947898886,46.49709113352113
2024121502_3540_40166_7,63.79503536850002,46.71094081841185
2024121502_3540_40166_8,63.76117299121793,46.83408531741954
2024121502_3540_40166_9,63.81319115033715,46.6915977764416
2024121502_3540_46206_1,68.2980491832564,38.349815922054724
2024121502_3540_46206_2,68.17064235628669,38.73548874581109
2024121502_3540_46206_3,68.03718369674999,39.13045208832188
2024121502_3540_46206_4,67.90502860256123,39.58873604790591
2024121502_3540_46206_5,67.8188065599869,40.059976032730475
2024121502_3540_46206_6,67.74380605183994,40.554193553981946
2024121502_3540_46206_7,67.72271460545218,41.05749455998979
2024121502_3540_46206_8,67.73643442659808,41.5610267098553
2024121502_3540_46206_9,67.74439513906539,41.93408423707935
2024121502_3540_52435_1,67.1530049203604,35.48824982639132
2024121502_3540_52435_2,67.09064208236059,36.04426004593712
2024121502_3540_52435_3,67.05725068239539,36.643065447849054
2024121502_3540_52435_4,67.09439794953096,37.27183218399242
2024121502_3540_52435_5,67.11351832105046,37.91216763854078
2024121502_3540_52435_6,67.12939011067878,38.608500960544994
2024121502_3540_52435_7,67.21691342846827,39.00964771147697
2024121502_3540_52435_8,67.32078965658418,39.00967753835032
2024121502_3540_52435_9,67.41773762608923,39.00727076814137
2024121502_363_43373_1,85.64609358098375,38.944846330619264
2024121502_363_43373_10,84.56810196155975,42.45370400980511
2024121502_363_43373_11,84.46334979317079,42.423021617878824
2024121502_363_43373_2,85.68659708210483,39.375547956613325
2024121502_363_43373_3,85.65208240101292,39.83349401210567
2024121502_363_43373_4,85.6041005160064,40.30915063336453
2024121502_363_43373_5,85.50619890172567,40.85655292083183
2024121502_363_43373_6,85.33995032371463,41.45589852657498
2024121502_363_43373_7,85.14945378192085,42.05148524100614
2024121502_363_43373_8,84.89178732510064,42.529399164391414
2024121502_363_43373_9,84.70574800361517,42.48936668459673
2024121502_363_53518_1,81.40527585522008,38.40529208805053
2024121502_363_53518_10,81.75983330136376,41.88006726038142
2024121502_363_53518_11,81.65660389701735,41.896753197762536
2024121502_363_53518_2,81.62809932647276,38.96029612118749
2024121502_363_53518_3,81.83358354766959,39.547016904897376
2024121502_363_53518_4,82.03517380510505,40.20960110752931
2024121502_363_53518_5,82.1195165624025,40.84902908676877
2024121502_363_53518_6,82.19783921559092,41.557822704031004
2024121502_363_53518_7,82.1162391850097,41.800749094120235
2024121502_363_53518_8,81.9690799927984,41.83764738868841
2024121502_363_53518_9,81.84440477986115,41.864321245378385
2024121502_3705_44912_1,14.38655004751505,38.112384334301524
2024121502_3705_44912_2,14.61462233219839,38.65302384210518
2024121502_3705_44912_3,14.852016281512881,39.252849649643714
2024121502_3705_44912_4,15.114610789134916,39.82136431562347
2024121502_3705_44912_5,15.318968173917439,40.3749361395447
2024121502_3746_41256_1,26.009056610424278,13.87291676502766
2024121502_3746_41256_10,25.438255342514402,10.793873030200244
2024121502_3746_41256_11,25.267021903045833,10.30652080885082
2024121502_3746_41256_2,26.02182120109051,13.646549417874223
2024121502_3746_41256_3,26.0302016193866,13.355286709610017
2024121502_3746_41256_4,26.009183461327396,13.05458061574667
2024121502_3746_41256_5,25.976976368228428,12.719053358340744
2024121502_3746_41256_6,25.93452983209109,12.347909802840473
2024121502_3746_41256_7,25.860756106928047,11.928415658108008
2024121502_3746_41256_8,25.7414058322455,11.545828544160402
2024121502_3746_41256_9,25.59986424856034,11.16576102888445
2024121502_3746_45900_1,21.409030456828237,7.973214969034887
2024121502_3746_45900_10,22.376683455700825,6.6978092869281225
2024121502_3746_45900_11,22.30231454446365,6.615460005038954
2024121502_3746_45900_2,21.662213108193743,7.896994421999073
2024121502_3746_45900_3,21.895373803616327,7.799379236731927
2024121502_3746_45900_4,22.13012943712109,7.701770202386966
2024121502_3746_45900_5,22.25334708871271,7.547316598917842
2024121502_3746_45900_6,22.401155747640857,7.421301659514922
2024121502_3746_45900_7,22.468443889378268,7.256878547455865
2024121502_3746_45900_8,22.456006586325493,7.068641035695241
2024121502_3746_45900_9,22.396890854058707,6.852032304658956
2024121502_3746_54468_1,27.717884246725042,6.469555865144253
2024121502_3746_54468_10,27.793099364483812,6.301928034405202
2024121502_3746_54468_11,27.587480624074654,6.241292542199933
2024121502_3746_54468_2,27.837369899799985,6.471678601845227
2024121502_3746_54468_3,27.970762524257538,6.479902879279602
2024121502_3746_54468_4,28.028130446138565,6.5095516167159495
2024121502_3746_54468_5,28.080604059582903,6.507705645031053
2024121502_3746_54468_6,28.09410188024347,6.484925741504971
2024121502_3746_54468_7,28.077607907996857,6.431746690442684
2024121502_3746_54468_8,28.015015497254915,6.352337746622537
2024121502_3746_54468_9,27.91440891250442,6.386981813667638
2024121502_3897_43395_1,33.742988384047344,12.316368918274058
2024121502_3897_43395_10,32.19579870010731,8.96050404064547
2024121502_3897_43395_11,32.36829875477863,8.876074443975863
2024121502_3897_43395_12,32.52792226166328,8.806809360399264
2024121502_3897_43395_13,32.68055852072828,8.748096377572184
2024121502_3897_43395_14,32.78326985622099,8.71254962564128
2024121502_3897_43395_15,33.006870103914025,8.645722238527181
2024121502_3897_43395_16,33.255478390299054,8.587688711497742
2024121502_3897_43395_17,33.36931282335106,8.566628509628002
2024121502_3897_43395_18,33.55987975198301,8.538918969922157
2024121502_3897_43395_19,33.68493459157045,8.525790096426048
2024121502_3897_43395_2,33.41043022020677,11.96612393753525
2024121502_3897_43395_20,33.757036921564044,8.520021065689438
2024121502_3897_43395_21,33.793952431227396,8.517574597578422
2024121502_3897_43395_22,33.92800834669369,8.511568073658161
2024121502_3897_43395_23,34.07076764117972,8.5101183327183
2024121502_3897_43395_3,33.1024965152492,11.613659170740721
2024121502_3897_43395_4,32.799078471835365,11.207687060914195
2024121502_3897_43395_5,32.56701336512921,10.793589398730644
2024121502_3897_43395_6,32.383726660511506,10.291367913329779
2024121502_3897_43395_7,32.221177820634686,9.883555205939974
2024121502_3897_43395_8,32.0764019245384,9.383586952245535
2024121502_3897_43395_9,32.05147393734566,9.039299192073099
2024121502_3897_43454_1,37.398609548693564,8.90847453427116
2024121502_3897_43454_10,40.29297301770891,7.596229689414051
2024121502_3897_43454_11,40.31616548316796,7.647516114196758
2024121502_3897_43454_12,40.33077957557897,7.680856423254262
2024121502_3897_43454_13,40.35784056450741,7.744885197933133
2024121502_3897_43454_14,40.37074614861776,7.776560004379684
2024121502_3897_43454_15,40.385149275514,7.8128579770188935
2024121502_3897_43454_16,40.39820315048439,7.846680919221356
2024121502_3897_43454_17,40.399781943182425,7.850834393931898
2024121502_3897_43454_18,40.40715776905469,7.870425545455682
2024121502_3897_43454_19,40.40261220170095,7.8583152236851355
2024121502_3897_43454_2,37.953696234937716,8.477258523506789
2024121502_3897_43454_20,40.41121651718592,7.881340703703197
2024121502_3897_43454_21,40.41766675589265,7.898890758670486
2024121502_3897_43454_22,40.42373204388088,7.915628890641783
2024121502_3897_43454_23,40.434878298513,7.9470132912929285
2024121502_3897_43454_3,38.641127762506706,8.068946067954563
2024121502_3897_43454_4,39.37729441211215,7.632346951590911
2024121502_3897_43454_5,40.11312587396636,7.312787118075698
2024121502_3897_43454_6,40.20354866314963,7.41439689807049
2024121502_3897_43454_7,40.24023589274911,7.48620882604747
2024121502_3897_43454_8,40.24822731194152,7.502339184731161
2024121502_3897_43454_9,40.27007486250789,7.547397466886626
2024121502_3897_54468_1,37.9056546967894,10.277756153087282
2024121502_3897_54468_10,40.906091388158735,8.809073976090435
2024121502_3897_54468_11,40.926551656593816,8.852361685059073
2024121502_3897_54468_12,40.93910589493148,8.879605984871386
2024121502_3897_54468_13,40.96754787521535,8.943412206296394
2024121502_3897_54468_14,40.98080397065952,8.974215171367069
2024121502_3897_54468_15,40.99119175739768,8.99886294894989
2024121502_3897_54468_16,40.99900276095772,9.017706147149266
2024121502_3897_54468_17,41.002116842172406,9.025295115574188
2024121502_3897_54468_18,41.00842930689885,9.040816196814502
2024121502_3897_54468_19,41.00202409098942,9.025068440577629
2024121502_3897_54468_2,38.405421346630554,9.863641141404555
2024121502_3897_54468_20,41.00934633351253,9.043086582979118
2024121502_3897_54468_21,41.01476640166055,9.056588195714397
2024121502_3897_54468_22,41.01942595217448,9.068310295513717
2024121502_3897_54468_23,41.03064576873126,9.096988514166453
2024121502_3897_54468_3,39.034604568151416,9.49014172428518
2024121502_3897_54468_4,39.67781509710033,9.086269875017914
2024121502_3897_54468_5,40.37995027936437,8.766017500134707
2024121502_3897_54468_6,40.81574624692473,8.632245213022742
2024121502_3897_54468_7,40.842137409435615,8.681704390395128
2024121502_3897_54468_8,40.86397041786973,8.72392872922084
2024121502_3897_54468_9,40.89568501192555,8.78755904663982
2024121502_3897_54540_1,39.55277874571177,20.471872852809714
2024121502_3897_54540_10,39.89966311815616,16.85910012619882
2024121502_3897_54540_11,40.00087471017246,16.86723061810573
2024121502_3897_54540_12,40.10620892919153,16.87844802932679
2024121502_3897_54540_13,40.16294938437768,16.885663365241108
2024121502_3897_54540_14,40.205142138327965,16.891564510981702
2024121502_3897_54540_15,40.302540221894,16.906944122899755
2024121502_3897_54540_16,40.46730906953034,16.938617441098067
2024121502_3897_54540_17,40.621805520761335,16.97491009020599
2024121502_3897_54540_18,40.716330033761345,17.000339358105954
2024121502_3897_54540_19,40.79501854336965,17.02341773986174
2024121502_3897_54540_2,39.49826456473461,19.984755275183243
2024121502_3897_54540_20,40.843501386583995,17.038515461823472
2024121502_3897_54540_21,40.85745705630163,17.04298684334617
2024121502_3897_54540_22,40.92836688556619,17.0665831011551
2024121502_3897_54540_23,40.96153692042336,17.078129187054593
2024121502_3897_54540_3,39.457792715365144,19.432952601830536
2024121502_3897_54540_4,39.4575699313922,18.85038699402415
2024121502_3897_54540_5,39.49830690715758,18.340512877440798
2024121502_3897_54540_6,39.51925105239668,17.726723860571003
2024121502_3897_54540_7,39.57359365569834,17.16312191295198
2024121502_3897_54540_8,39.70006391190606,16.8506136660422
2024121502_3897_54540_9,39.7998697820743,16.853608595603028
2024121502_3897_57199_1,55.278041480913906,25.315560878496704
2024121502_3897_57199_10,57.76394797292072,22.647545522590693
2024121502_3897_57199_11,57.6217246306898,22.508751966363736
2024121502_3897_57199_12,57.50448606441121,22.40410600641462
2024121502_3897_57199_13,57.37151795462081,22.294908745364143
2024121502_3897_57199_14,57.353546396092696,22.280868777302764
2024121502_3897_57199_15,57.285871187508505,22.229451966312176
2024121502_3897_57199_16,57.273303386725274,22.220150463987746
2024121502_3897_57199_17,57.20096180250433,22.168062533694144
2024121502_3897_57199_18,57.11601533466375,22.109943538536456
2024121502_3897_57199_19,57.100061035471995,22.099381578180786
2024121502_3897_57199_2,55.59989609762764,25.125629953942827
2024121502_3897_57199_20,57.045859632856775,22.06430948751581
2024121502_3897_57199_21,56.99854490490128,22.034693951769846
2024121502_3897_57199_22,56.90564397105161,21.979163069229596
2024121502_3897_57199_23,56.820529580613716,21.931215861585716
2024121502_3897_57199_3,55.947049870841234,24.921262263720337
2024121502_3897_57199_4,56.327087761741545,24.623944794762725
2024121502_3897_57199_5,56.6449020935548,24.33295260067749
2024121502_3897_57199_6,57.01696813639576,24.01330695594399
2024121502_3897_57199_7,57.350358378327584,23.63293109436615
2024121502_3897_57199_8,57.69802037717091,23.178667590976
2024121502_3897_57199_9,57.88940839574711,22.782287178147975
2024121502_523_43454_1,80.79172303159963,39.304511366564164
2024121502_523_43454_10,78.65694698828344,41.965699513820745
2024121502_523_43454_11,78.73704643248416,42.03574979220338
2024121502_523_43454_12,78.80593387948069,42.09307753999906
2024121502_523_43454_13,78.86434643718475,42.13969085914419
2024121502_523_43454_14,78.8793226547731,42.151357390361255
2024121502_523_43454_15,78.91796273261461,42.18093657422771
2024121502_523_43454_16,78.93528782331146,42.19395904949168
2024121502_523_43454_2,80.28233309818683,39.69974082341798
2024121502_523_43454_3,79.76719745371518,40.087682468849735
2024121502_523_43454_4,79.2184171863857,40.641858200856866
2024121502_523_43454_5,78.7073779976992,41.205047808900005
2024121502_523_43454_6,78.37956117112402,41.69090923895288
2024121502_523_43454_7,78.46678207981783,41.78320302547948
2024121502_523_43454_8,78.56069691590592,41.87634031750018
2024121502_523_43454_9,78.59430663163589,41.90821551539441
2024121502_523_54468_1,77.16669400627181,38.429425129715014
2024121502_523_54468_10,76.82550337376983,42.05054946061267
2024121502_523_54468_11,76.94744246276474,42.06353511747969
2024121502_523_54468_12,77.00316575364577,42.06821423011154
2024121502_523_54468_13,77.11153422734219,42.07507338319127
2024121502_523_54468_14,77.1527179229721,42.07690659738826
2024121502_523_54468_15,77.1722014681072,42.07762574093776
2024121502_523_54468_16,77.10991886834901,42.07499280859894
2024121502_523_54468_2,76.99798359657491,38.86448284234542
2024121502_523_54468_3,76.90000388860464,39.32981841271906
2024121502_523_54468_4,76.7479501559154,39.85582150612136
2024121502_523_54468_5,76.6579488499918,40.413670352318704
2024121502_523_54468_6,76.6414241485427,41.01303460525003
2024121502_523_54468_7,76.61375097773114,41.58269267685711
2024121502_523_54468_8,76.62455180298234,42.02083249697386
2024121502_523_54468_9,76.7351089535796,42.038471963364856
2024121502_546_43454_1,70.8389464365161,14.068412346723518
2024121502_546_43454_10,69.93019926666504,10.815516022635293
2024121502_546_43454_11,70.03718221849674,10.777911539126613
2024121502_546_43454_12,70.1331485965038,10.74704031225949
2024121502_546_43454_13,70.22869770773963,10.718924130486073
2024121502_546_43454_2,70.45319494228413,13.44175420497631
2024121502_546_43454_3,70.11733317928721,12.77077396931447
2024121502_546_43454_4,69.87074139901695,12.105468281356782
2024121502_546_43454_5,69.59943661102217,11.462721273633539
2024121502_546_43454_6,69.49854435823447,11.003681385810314
2024121502_546_43454_7,69.61245048949064,10.948077077108149
2024121502_546_43454_8,69.7376029033835,10.892015855043418
2024121502_546_43454_9,69.84316523387983,10.848656725199731
2024121502_546_57163_1,71.31934269719622,15.10371890495827
2024121502_546_57163_10,69.80383860754948,12.164501329054495
2024121502_546_57163_11,69.91921558740803,12.093855100322461
2024121502_546_57163_12,70.00915318069784,12.04241317134161
2024121502_546_57163_13,70.12195945806964,11.982154053776508
2024121502_546_57163_2,70.80181800454022,14.572758066462688
2024121502_546_57163_3,70.311020396868,13.986666891491014
2024121502_546_57163_4,69.86564665831253,13.394248841533708
2024121502_546_57163_5,69.42871353986753,12.789971395709731
2024121502_546_57163_6,69.36724744025621,12.48559511276961
2024121502_546_57163_7,69.47308477865245,12.399157599264683
2024121502_546_57163_8,69.59516008396398,12.30662266819299
2024121502_546_57163_9,69.7094230953292,12.226419589891352
2024121502_625_43294_1,54.70507819140965,46.761555588265935
2024121502_625_43294_2,55.12288613292855,46.708614525875106
2024121502_625_43294_3,55.50668375726539,46.65009451720184
2024121502_625_43294_4,55.88510878328316,46.595587612502314
2024121502_625_43294_5,56.23187855056116,46.48944118178056
2024121502_625_43294_6,56.555973535940645,46.403109236187
2024121502_625_43294_7,56.85071364348578,46.31681006058524
2024121502_625_43294_8,57.090576331331924,46.2177829989204
2024121502_625_43294_9,57.269777592772485,45.95456503345639
2024121502_625_43321_1,52.14161630070171,34.26802386594048
2024121502_625_43321_2,52.346908249705564,34.3055733083443
2024121502_625_43321_3,52.587828813538906,34.37861977450791
2024121502_625_43321_4,52.799294613164975,34.46885587288057
2024121502_625_43321_5,53.00152521442364,34.60393708381438
2024121502_625_43321_6,53.185162910018626,34.766609278977285
2024121502_625_43321_7,53.37969306301316,35.07238850096428
2024121502_625_43321_8,53.499788979115685,35.402530864826076
2024121502_625_43321_9,53.58896857743364,35.66217506695023
2024121502_625_52435_1,57.39159836068944,29.929262921316422
2024121502_625_52435_2,57.785033328282765,29.894242691282326
2024121502_625_52435_3,58.139722547846276,29.873502690354485
2024121502_625_52435_4,58.48283325250264,29.882407026069966
2024121502_625_52435_5,58.786347774911256,29.977943144054368
2024121502_625_52435_6,59.103469787156676,30.10918418402047
2024121502_625_52435_7,59.36571900027071,30.289341309197717
2024121502_625_52435_8,59.604405197164986,30.53612646893055
2024121502_625_52435_9,59.82620283456323,30.86379199709711
2024121502_625_54509_1,51.91179163868038,44.10229946299303
2024121502_625_54509_2,52.1454819899942,43.600302418569534
2024121502_625_54509_3,52.367744294632594,43.02890641622038
2024121502_625_54509_4,52.59881774368309,42.48802739672726
2024121502_625_54509_5,52.79864376327759,41.98168369912752
2024121502_625_54509_6,53.00401103583177,41.44461526053325
2024121502_625_54509_7,53.16222323751484,40.93377446875625
2024121502_625_54509_8,53.100476726114714,40.800094329427836
2024121502_625_54509_9,52.99946297506228,40.7617329578736
2024121502_63_54468_1,80.79978431483427,39.28240185081433
2024121502_63_54468_10,83.90149222175258,41.198831402515026
2024121502_63_54468_2,80.94995329021087,39.625876364021124
2024121502_63_54468_3,81.24747453816721,39.917344701513514
2024121502_63_54468_4,81.57688846627198,40.134667562861246
2024121502_63_54468_5,81.94477758735782,40.429291208783155
2024121502_63_54468_6,82.3665602673098,40.68359404757302
2024121502_63_54468_7,82.84066938342602,40.91728657276809
2024121502_63_54468_8,83.2734719410467,41.07253369004327
2024121502_63_54468_9,83.73541523190927,41.28716943381492
2024121502_63_55949_1,90.35649659700924,38.08017467726886
2024121502_63_55949_10,89.49563271262265,41.40394672773883
2024121502_63_55949_2,90.2769076707834,38.57090642792281
2024121502_63_55949_3,90.1502097576027,39.04760409992397
2024121502_63_55949_4,90.09775655070587,39.488149093362765
2024121502_63_55949_5,89.94664021151878,39.955131365782755
2024121502_63_55949_6,89.78434498226183,40.40288009910599
2024121502_63_55949_7,89.65600309311442,40.87247292633778
2024121502_63_55949_8,89.55875996313276,41.27002518691986
2024121502_63_55949_9,89.51335817310115,41.408648264678476
2024121502_723_44912_1,85.76927406680626,25.856041765070696
2024121502_723_44912_2,85.48034766886455,26.116119563172788
2024121502_723_44912_3,85.173257213641,26.343277569852283
2024121502_723_44912_4,84.90951146587517,26.61767106498734
2024121502_723_44912_5,84.69763672754338,26.836504512476385
2024121502_723_44912_6,84.45915300376548,27.027559022722787
2024121502_723_44912_7,84.25885892238026,27.231245033753922
2024121502_723_44912_8,84.12318388715174,27.416389531083627
2024121502_723_54540_1,83.59927334162877,24.01357338635542
2024121502_723_54540_2,83.4779710355858,23.924147364899657
2024121502_723_54540_3,83.29186827945846,23.876113704177456
2024121502_723_54540_4,83.15323068918019,23.88042759127876
2024121502_723_54540_5,82.96747337840912,23.96932427012962
2024121502_723_54540_6,82.812741665871,24.101785331073934
2024121502_723_54540_7,82.67170087057438,24.281542452649056
2024121502_723_54540_8,82.60729158165012,24.53979569097299
2024121502_723_55867_1,85.29302103675575,35.08042369885717
2024121502_723_55867_2,84.95756765437403,34.89588125134677
2024121502_723_55867_3,84.61110200968922,34.6612580728582
2024121502_723_55867_4,84.26157680853841,34.42548240260339
2024121502_723_55867_5,83.95762997461439,34.13688766554339
2024121502_723_55867_6,83.62787235903646,33.78911396686977
2024121502_723_55867_7,83.37491636916316,33.36610160029595
2024121502_723_55867_8,83.21487225469569,32.97710578613724
2024121502_924_41256_1,87.00712903587412,31.540082384926517
2024121502_924_41256_2,87.08551550032517,31.528406162140975
2024121502_924_41256_3,87.17779127747133,31.56110153947185
2024121502_924_41256_4,87.17336068362819,31.610650930699624
2024121502_924_41256_5,87.13987065357088,31.714392456097986
2024121502_924_41256_6,87.06870697292472,31.825180868750927
2024121502_924_41256_7,86.9694458489289,31.999745055280577
2024121502_924_41256_8,86.85628727300931,32.18577315627237
2024121502_924_41256_9,86.70218161595453,32.358056563606574
2024121502_924_56032_1,89.97778078797538,26.548302244597277
2024121502_924_56032_2,90.5012849662419,26.663117429789537
2024121502_924_56032_3,90.99703597684685,26.77368510299314
2024121502_924_56032_4,91.5260030692829,26.886079682375616
2024121502_924_56032_5,92.0471823315683,27.010118965839546
2024121502_924_56032_6,92.58926997663876,27.134292674016113
2024121502_924_56032_7,93.05642613047884,27.27035033915255
2024121502_924_56032_8,93.35655891448228,27.35378571905546
2024121502_924_56032_9,93.30885104617239,27.539194943239124
2024121502_924_57163_1,86.80617875999324,40.21677467850422
2024121502_924_57163_2,86.94726126610865,40.4855848919479
2024121502_924_57163_3,87.11285881521688,40.69930272379382
2024121502_924_57163_4,87.19427312515884,40.84508735219637
2024121502_924_57163_5,87.26660649221235,41.05067132583778
2024121502_924_57163_6,87.31497289957672,41.15464611617889
2024121502_924_57163_7,87.33885344632502,41.209911434049744
2024121502_924_57163_8,87.33453498211162,41.22224537001223
2024121502_924_57163_9,87.31186893135107,41.22743750948707
2024121502_924_57304_1,84.24013301900634,31.902560689719575
2024121502_924_57304_2,84.37919214704759,31.8109740840513
2024121502_924_57304_3,84.54103928231176,31.79198444287989
2024121502_924_57304_4,84.6709538886846,31.807114223428155
2024121502_924_57304_5,84.75646612114706,31.9081132785244
2024121502_924_57304_6,84.86448870861379,32.01545952505248
2024121502_924_57304_7,84.9449772285938,32.14079973862728
2024121502_924_57304_8,84.9490081276205,32.367920624677936
2024121502_924_57304_9,84.89735944634441,32.49770173708357
2025010515_1056_48268_1,65.74764959465348,21.098068917586957
2025010515_1056_48268_10,69.22786928776736,20.261882515769805
2025010515_1056_48268_11,69.24309970340178,20.330752925095965
2025010515_1056_48268_12,69.2481565302973,20.35498484232369
2025010515_1056_48268_13,69.23978200980707,20.315248772839606
2025010515_1056_48268_2,66.10245955917519,20.954170191510805
2025010515_1056_48268_3,66.47713867979893,20.855148870763205
2025010515_1056_48268_4,66.95706578563755,20.775840893787105
2025010515_1056_48268_5,67.35442726416551,20.722061668907358
2025010515_1056_48268_6,67.81991143958106,20.68688326531824
2025010515_1056_48268_7,68.26419414895683,20.634543660381837
2025010515_1056_48268_8,68.75830720382052,20.554977634686153
2025010515_1056_48268_9,69.19171147912682,20.33523829154851
2025010515_1056_52991_1,64.02175189016663,15.764813295888747
2025010515_1056_52991_10,64.0263851381685,12.174344787113146
2025010515_1056_52991_11,63.92492114732982,12.170901551757424
2025010515_1056_52991_12,63.85292193960334,12.170020872119846
2025010515_1056_52991_13,63.79339724795409,12.170271486275382
2025010515_1056_52991_2,64.13926093735658,15.30397940451591
2025010515_1056_52991_3,64.26642434576733,14.794752252237913
2025010515_1056_52991_4,64.31103332279723,14.287709417472481
2025010515_1056_52991_5,64.33298454830923,13.741178986789205
2025010515_1056_52991_6,64.35021169617653,13.194875800566109
2025010515_1056_52991_7,64.34585258023911,12.672288104301078
2025010515_1056_52991_8,64.22739228423995,12.188803293215551
2025010515_1056_52991_9,64.11878098444387,12.179726680700622
2025010515_1056_53074_1,59.60931709900213,14.069827982602984
2025010515_1056_53074_10,60.34229460199225,10.857609842640182
2025010515_1056_53074_11,60.3242197990747,10.852976478391012
2025010515_1056_53074_12,60.314960475089535,10.850637671986131
2025010515_1056_53074_13,60.311320750400405,10.849724752051525
2025010515_1056_53074_2,59.79263647314049,13.312162253953147
2025010515_1056_53074_3,59.988269050237534,12.544734211321906
2025010515_1056_53074_4,60.167370729349365,11.830838605744665
2025010515_1056_53074_5,60.36598647259058,11.064769524055428
2025010515_1056_53074_6,60.42667598147567,10.880436997361404
2025010515_1056_53074_7,60.435596398623645,10.882966268496869
2025010515_1056_53074_8,60.3821551206333,10.868146467751814
2025010515_1056_53074_9,60.35944246932601,10.862088799916098
2025010515_1056_54468_1,68.28318877981575,13.874574880217681
2025010515_1056_54468_10,68.85386075186956,13.068394215159406
2025010515_1056_54468_11,68.75390062694188,13.02032811092014
2025010515_1056_54468_12,68.70534067248543,12.997770360217341
2025010515_1056_54468_13,68.64576906567608,12.874536158500469
2025010515_1056_54468_2,68.43448006076258,13.767375131091404
2025010515_1056_54468_3,68.63337558793303,13.672389665899665
2025010515_1056_54468_4,68.75736116120764,13.627148591622035
2025010515_1056_54468_5,68.86384169751244,13.537080472360032
2025010515_1056_54468_6,68.9157567308978,13.461068818845279
2025010515_1056_54468_7,68.94687986217774,13.368243372020785
2025010515_1056_54468_8,68.93027224939824,13.314576354337005
2025010515_1056_54468_9,68.91138946774407,13.1723471579076
2025010515_1086_46095_1,73.40786519065476,42.08539901724089
2025010515_1086_46095_10,73.47440414684499,45.65915106235907
2025010515_1086_46095_11,73.34914841683232,45.66642200137612
2025010515_1086_46095_12,73.26952476493268,45.668998039067255
2025010515_1086_46095_13,73.20901719259241,45.66989474893204
2025010515_1086_46095_2,73.56570707859306,42.61849343541651
2025010515_1086_46095_3,73.7076479535917,43.19618878758138
2025010515_1086_46095_4,73.79203221265453,43.76263963603036
2025010515_1086_46095_5,73.82555714499325,44.352827974289326
2025010515_1086_46095_6,73.83714771690903,44.96834629181451
2025010515_1086_46095_7,73.84970920177187,45.6135376992064
2025010515_1086_46095_8,73.70936144734927,45.63481732972155
2025010515_1086_46095_9,73.57359063014859,45.65058870217199
2025010515_1086_52991_1,74.9031101731435,41.048919356872545
2025010515_1086_52991_10,75.37341058556925,44.60007142954572
2025010515_1086_52991_11,75.18113279422381,44.63664744869443
2025010515_1086_52991_12,75.0128209433045,44.66075357290106
2025010515_1086_52991_13,74.8895894987195,44.67380413579918
2025010515_1086_52991_2,75.23184727965074,41.46770993829588
2025010515_1086_52991_3,75.49390226503154,41.9848814005435
2025010515_1086_52991_4,75.71847824053036,42.422417270822926
2025010515_1086_52991_5,75.88595662119273,42.944590191806
2025010515_1086_52991_6,75.93624229625655,43.51449757399265
2025010515_1086_52991_7,75.90482079288755,44.148526691346405
2025010515_1086_52991_8,75.77819728115739,44.490263615502386
2025010515_1086_52991_9,75.53413814545738,44.56191252288031
2025010515_1086_54468_1,78.47854058452965,44.92694470187917
2025010515_1086_54468_10,81.30688272339088,46.79215240063981
2025010515_1086_54468_11,81.28066041107482,46.83375216615398
2025010515_1086_54468_12,81.29069666685363,46.817963995656775
2025010515_1086_54468_13,81.29431540966434,46.812231039992746
2025010515_1086_54468_2,78.92659227521625,45.26215823043172
2025010515_1086_54468_3,79.47317860601109,45.53872791989603
2025010515_1086_54468_4,80.02262074733333,45.913328484724865
2025010515_1086_54468_5,80.56896823297029,46.24783004965967
2025010515_1086_54468_6,81.22166902502933,46.592365798413105
2025010515_1086_54468_7,81.34210104547107,46.73442994859313
2025010515_1086_54468_8,81.36007722070057,46.70409663089561
2025010515_1086_54468_9,81.33879242621168,46.73994720756464
2025010515_1215_43366_1,68.82702879961056,13.577928715371085
2025010515_1215_43366_10,66.86449945774748,10.432970279106893
2025010515_1215_43366_11,66.8052317460492,10.472906620082366
2025010515_1215_43366_12,66.72929933026934,10.526372343390433
2025010515_1215_43366_13,66.68264757689705,10.560553255169271
2025010515_1215_43366_14,66.57679729222322,10.642070931441289
2025010515_1215_43366_15,66.53970609230737,10.671998589300898
2025010515_1215_43366_16,66.50471954165302,10.700906295007734
2025010515_1215_43366_17,66.44135135757615,10.755003098727418
2025010515_1215_43366_18,66.36347060785313,10.824715862697603
2025010515_1215_43366_19,66.29018140348532,10.893785722434579
2025010515_1215_43366_2,68.58427095682472,13.166133100091605
2025010515_1215_43366_20,66.20981530887651,10.973691087761779
2025010515_1215_43366_21,66.16271068799237,11.022697894972909
2025010515_1215_43366_22,66.10727393430527,11.082574789942408
2025010515_1215_43366_23,66.07703035993768,11.116298296027741
2025010515_1215_43366_24,66.06589253075899,11.128913421856383
2025010515_1215_43366_3,68.36161739774576,12.81711979687718
2025010515_1215_43366_4,68.05939051571164,12.414277719040678
2025010515_1215_43366_5,67.79625730292395,11.932668001798806
2025010515_1215_43366_6,67.54069181338068,11.489219526393388
2025010515_1215_43366_7,67.21918535038759,11.066611022274207
2025010515_1215_43366_8,66.94083475755114,10.520117045155438
2025010515_1215_43366_9,66.87116286692005,10.428575863170199
2025010515_1215_47849_1,69.57740273640447,13.306447032990029
2025010515_1215_47849_10,67.66928127375155,10.307891605907637
2025010515_1215_47849_11,67.75616401489714,10.248494299710167
2025010515_1215_47849_12,67.7610385798765,10.245260213389063
2025010515_1215_47849_13,67.81667183744294,10.209068700738822
2025010515_1215_47849_14,67.76379304368876,10.243437267797301
2025010515_1215_47849_15,67.70101050237588,10.285810166418543
2025010515_1215_47849_16,67.62121310196135,10.342222968207674
2025010515_1215_47849_17,67.56797158204162,10.3815223184583
2025010515_1215_47849_18,67.5534977856134,10.39244340475896
2025010515_1215_47849_19,67.51877225663195,10.419069353791071
2025010515_1215_47849_2,69.19061463727962,12.811132937528134
2025010515_1215_47849_20,67.47483474209659,10.453636243852644
2025010515_1215_47849_21,67.44345930502644,10.478936937654689
2025010515_1215_47849_22,67.4405600047353,10.481301352122909
2025010515_1215_47849_23,67.39571491915935,10.518455239170722
2025010515_1215_47849_24,67.34477511951857,10.562021483359883
2025010515_1215_47849_3,68.8088564954564,12.295966617458914
2025010515_1215_47849_4,68.44957063574871,11.809598310841828
2025010515_1215_47849_5,68.11919542527498,11.312667257828544
2025010515_1215_47849_6,67.76992145672038,10.80856466641146
2025010515_1215_47849_7,67.58046139832865,10.372180604971266
2025010515_1215_47849_8,67.63684117289854,10.330943231102516
2025010515_1215_47849_9,67.62199212356727,10.341657984058841
2025010515_1215_55081_1,61.63622061739105,26.569634687850446
2025010515_1215_55081_10,60.01211259567339,23.36977096127256
2025010515_1215_55081_11,59.9961822805087,23.378521879579786
2025010515_1215_55081_12,60.030464537791175,23.359806109344103
2025010515_1215_55081_13,60.1020864195403,23.322088823147634
2025010515_1215_55081_14,60.05921034615291,23.344445436560385
2025010515_1215_55081_15,60.03024146943115,23.359926488618328
2025010515_1215_55081_16,60.03770515861717,23.355908594647985
2025010515_1215_55081_17,60.053990595554026,23.34721233097285
2025010515_1215_55081_18,60.07019405312676,23.338655362722378
2025010515_1215_55081_19,60.068017003834214,23.33979953646838
2025010515_1215_55081_2,61.372656236552935,26.082504799752947
2025010515_1215_55081_20,60.04937958616259,23.349664766759677
2025010515_1215_55081_21,60.02860434920437,23.36081052241635
2025010515_1215_55081_22,60.02239977311031,23.36416988829517
2025010515_1215_55081_23,60.04242857095349,23.35337638806644
2025010515_1215_55081_24,60.0321635036196,23.358889857870594
2025010515_1215_55081_3,61.03633746872247,25.545603689111374
2025010515_1215_55081_4,60.70185264797552,25.007045708075346
2025010515_1215_55081_5,60.3788686371102,24.48922759682597
2025010515_1215_55081_6,60.086246012094854,23.895908979788693
2025010515_1215_55081_7,59.85496261460483,23.460318750349327
2025010515_1215_55081_8,59.91517327191295,23.424501012040945
2025010515_1215_55081_9,59.97734124448299,23.38899387217628
2025010515_1215_57267_1,73.26356445412289,7.828345267757446
2025010515_1215_57267_10,74.97486710698453,5.752674524365511
2025010515_1215_57267_11,74.98952437421312,5.611800782955551
2025010515_1215_57267_12,74.93163298492628,5.468499047775297
2025010515_1215_57267_13,74.8262782048578,5.2986190168476766
2025010515_1215_57267_14,74.74230658871294,5.067237794944802
2025010515_1215_57267_15,74.50049495804102,4.937494719118638
2025010515_1215_57267_16,74.19421121679812,4.842177888082025
2025010515_1215_57267_17,73.82095223595253,4.685813462087621
2025010515_1215_57267_18,73.68994643974712,4.510529612115438
2025010515_1215_57267_19,73.46049637453021,4.293581409293692
2025010515_1215_57267_2,73.46169129213811,7.622343675150295
2025010515_1215_57267_20,73.35292776993431,4.145776445384248
2025010515_1215_57267_21,73.29515775436855,3.956436914916084
2025010515_1215_57267_22,73.19543636015793,3.9126448412551564
2025010515_1215_57267_23,73.0354569703563,3.9100264375512706
2025010515_1215_57267_24,72.89723423789924,3.912918236772011
2025010515_1215_57267_3,73.68694616050065,7.408137288336368
2025010515_1215_57267_4,73.91762453912192,7.154238522746305
2025010515_1215_57267_5,74.1065183318875,6.934820716197537
2025010515_1215_57267_6,74.33576195238415,6.669543833007127
2025010515_1215_57267_7,74.51391896992128,6.529265260846616
2025010515_1215_57267_8,74.67765081195469,6.208227390361234
2025010515_1215_57267_9,74.86229695190504,5.9750154105972735
2025010515_1304_47788_1,29.012482624462088,21.84168156077824
2025010515_1304_47788_10,27.255618552555998,18.59883327792228
2025010515_1304_47788_11,27.257780865900905,18.597639479176745
2025010515_1304_47788_12,27.257231587718422,18.597942566934897
2025010515_1304_47788_2,28.908797426189874,21.41851348176264
2025010515_1304_47788_3,28.708422843479063,21.017442899520315
2025010515_1304_47788_4,28.501016242057442,20.53449062040714
2025010515_1304_47788_5,28.246932232340217,20.053660713337067
2025010515_1304_47788_6,27.901222116104424,19.56003960630168
2025010515_1304_47788_7,27.621792225986436,19.020145561052363
2025010515_1304_47788_8,27.320874027698107,18.579804933955455
2025010515_1304_47788_9,27.28905289011571,18.580568215546357
2025010515_1304_56012_1,21.354767928720495,14.940842163805279
2025010515_1304_56012_10,22.8472339212255,16.678951309268434
2025010515_1304_56012_11,22.912738434917767,17.01297944066548
2025010515_1304_56012_12,23.049877143577685,17.256093259063775
2025010515_1304_56012_2,21.479471612194388,15.00719380612191
2025010515_1304_56012_3,21.65763377327241,15.109636771395346
2025010515_1304_56012_4,21.803543113918096,15.28358555952775
2025010515_1304_56012_5,21.98916531614208,15.456255434084687
2025010515_1304_56012_6,22.185781914370722,15.644734760170236
2025010515_1304_56012_7,22.405272792907937,15.916348111021028
2025010515_1304_56012_8,22.541780120603338,16.193424051686897
2025010515_1304_56012_9,22.66431594073235,16.404105728702305
2025010515_1329_52991_1,27.948141543659105,34.357909486700585
2025010515_1329_52991_2,28.01706441411367,34.63736750299986
2025010515_1329_52991_3,28.057905027548927,34.9665797307894
2025010515_1329_52991_4,28.009344327558903,35.38772914255907
2025010515_1329_52991_5,27.981914618279145,35.78095623647188
2025010515_1329_52991_6,27.911804875177967,36.24251713813984
2025010515_1329_52991_7,27.79563826424552,36.744537988135974
2025010515_1329_52991_8,27.61754198093179,37.22251775959392
2025010515_1329_53074_1,26.64899612008179,34.76644472974427
2025010515_1329_53074_2,26.63697939204495,35.0852878303869
2025010515_1329_53074_3,26.544326736906072,35.40959614385741
2025010515_1329_53074_4,26.420969137611543,35.859202828461534
2025010515_1329_53074_5,26.285112973707918,36.25830617374477
2025010515_1329_53074_6,26.18213882561526,36.73177869005209
2025010515_1329_53074_7,26.000595276803494,37.2070722682297
2025010515_1329_53074_8,25.786231172453558,37.64557622619516
2025010515_1392_54509_1,84.89875240689855,46.80123436032233
2025010515_1392_54509_10,82.84835986416238,49.541074830873086
2025010515_1392_54509_11,82.798617477129,49.503850919552434
2025010515_1392_54509_12,82.71963978403683,49.442210561513846
2025010515_1392_54509_2,84.61684983046732,47.30600111772055
2025010515_1392_54509_3,84.29083273593442,47.819438990543055
2025010515_1392_54509_4,83.9263166546887,48.279195913016004
2025010515_1392_54509_5,83.66162193305358,48.746995634404605
2025010515_1392_54509_6,83.33428029525437,49.13982616931
2025010515_1392_54509_7,83.01398379223953,49.540041404044075
2025010515_1392_54509_8,82.891377584199,49.57230958622163
2025010515_1392_54509_9,82.86867615267192,49.555935129910104
2025010515_1392_55081_1,78.33422706502793,46.49538765593166
2025010515_1392_55081_10,77.48900104487903,49.691883757888995
2025010515_1392_55081_11,77.575307211585,49.806250944383436
2025010515_1392_55081_12,77.62016791894841,49.88909232093699
2025010515_1392_55081_2,78.16209168134165,46.99977398346757
2025010515_1392_55081_3,77.98231193104547,47.42603301611325
2025010515_1392_55081_4,77.83900832261762,47.86605208496469
2025010515_1392_55081_5,77.69751255603578,48.317040443023295
2025010515_1392_55081_6,77.62770933056726,48.65550595659763
2025010515_1392_55081_7,77.54545623909398,48.98908037850543
2025010515_1392_55081_8,77.51453128984593,49.203498233542284
2025010515_1392_55081_9,77.50313243759172,49.41323057119142
2025010515_1429_44872_1,71.50760002872114,39.793621234253976
2025010515_1429_44872_2,71.60559814699785,39.757842285353085
2025010515_1429_44872_3,71.78496787646937,39.68548805489236
2025010515_1429_44872_4,72.05207337399338,39.627067558619565
2025010515_1429_44872_5,72.3673615262495,39.56257837446943
2025010515_1429_44872_6,72.71275287296595,39.48421961246185
2025010515_1429_44872_7,73.07667768515012,39.40770563129902
2025010515_1429_56070_1,75.54309889156566,39.12468609171133
2025010515_1429_56070_2,75.4118860545419,39.125906310547
2025010515_1429_56070_3,75.288884902413,39.11388445622291
2025010515_1429_56070_4,75.19523800592263,39.077571651810636
2025010515_1429_56070_5,75.11083576680743,39.03094974098924
2025010515_1429_56070_6,75.02957738988468,38.95427244114592
2025010515_1429_56070_7,74.99066523970761,38.86943482441974
2025010515_1429_57372_1,77.5038448448992,39.94280799176124
2025010515_1429_57372_2,77.2718169438923,40.34628902880715
2025010515_1429_57372_3,77.01715894039936,40.793885781254474
2025010515_1429_57372_4,76.71000620270036,41.20128689944536
2025010515_1429_57372_5,76.41250314116273,41.662334122606985
2025010515_1429_57372_6,76.07974621323174,42.08765724097665
2025010515_1429_57372_7,75.78327244611162,42.451931769741115
2025010515_1478_39989_1,67.04368303627508,21.903300887920143
2025010515_1478_39989_10,65.72111360358788,25.191296040381932
2025010515_1478_39989_2,66.74993938952028,22.34798745993766
2025010515_1478_39989_3,66.48959371046574,22.83732068030054
2025010515_1478_39989_4,66.22343019083094,23.312315971286342
2025010515_1478_39989_5,66.02507473506662,23.784546635224114
2025010515_1478_39989_6,65.82966036179592,24.26990022069294
2025010515_1478_39989_7,65.66698875377048,24.783110186865983
2025010515_1478_39989_8,65.53735294991704,25.099254890881916
2025010515_1478_39989_9,65.6506071117558,25.15737352488291
2025010515_1478_43366_1,59.64184372909271,19.197974271468343
2025010515_1478_43366_10,59.91645885935891,23.05883679192477
2025010515_1478_43366_2,59.46996816108178,19.462535337987447
2025010515_1478_43366_3,59.365580493509135,19.7972154468805
2025010515_1478_43366_4,59.260708628133315,20.20294985998108
2025010515_1478_43366_5,59.26027628456552,20.6206391139576
2025010515_1478_43366_6,59.302468241321215,21.009412052209324
2025010515_1478_43366_7,59.375553739544344,21.537199110243034
2025010515_1478_43366_8,59.539769878886084,22.101045980653037
2025010515_1478_43366_9,59.700790656725104,22.596828804751055
2025010515_1478_48555_1,74.1984573600015,29.47027917455126
2025010515_1478_48555_10,73.20469540560858,25.82630430845906
2025010515_1478_48555_2,74.19198316472547,29.120205239409017
2025010515_1478_48555_3,74.13016336839176,28.783293228363203
2025010515_1478_48555_4,74.08769727620378,28.33876625975495
2025010515_1478_48555_5,74.00676543862953,27.876652459814284
2025010515_1478_48555_6,73.90338842658774,27.45822918572789
2025010515_1478_48555_7,73.78020960681422,26.95420091173693
2025010515_1478_48555_8,73.61907522502442,26.538548407716032
2025010515_1478_48555_9,73.40950191187203,26.127715226856626
2025010515_1478_54500_1,71.08771744016475,19.456405188198715
2025010515_1478_54500_10,71.02149043639638,19.808826726329176
2025010515_1478_54500_2,71.07637781807402,19.352592067372484
2025010515_1478_54500_3,71.07338301909368,19.26387398776299
2025010515_1478_54500_4,71.08415321553677,19.219769852068563
2025010515_1478_54500_5,71.0797350901525,19.2162938601039
2025010515_1478_54500_6,71.09941573706922,19.26280202274239
2025010515_1478_54500_7,71.08581576454212,19.276968678131933
2025010515_1478_54500_8,71.06939028751636,19.347222015094655
2025010515_1478_54500_9,71.05412248343892,19.57162688990804
2025010515_1478_55081_1,62.805033215048574,32.76918812718242
2025010515_1478_55081_10,63.81433058485211,29.18074510213742
2025010515_1478_55081_2,62.78782477007962,32.37782753774443
2025010515_1478_55081_3,62.835112466567274,31.99147448227442
2025010515_1478_55081_4,62.902302564357804,31.533017437915213
2025010515_1478_55081_5,63.01845055660856,31.05473530435324
2025010515_1478_55081_6,63.1645002446801,30.613677667251974
2025010515_1478_55081_7,63.33658026204632,30.075813115523747
2025010515_1478_55081_8,63.584726903571145,29.563088468776005
2025010515_1478_55081_9,63.791059129740745,29.174719132584382
2025010515_1503_39989_1,45.14170216759291,29.878968210783647
2025010515_1503_39989_10,44.59683847444885,26.401546396299242
2025010515_1503_39989_2,44.98031933261567,29.335443044392612
2025010515_1503_39989_3,44.8291587026882,28.768788256179764
2025010515_1503_39989_4,44.64452452690817,28.228120593295376
2025010515_1503_39989_5,44.563683847080284,27.72408881888882
2025010515_1503_39989_6,44.482831507811326,27.2025609876787
2025010515_1503_39989_7,44.41832650387241,26.679865798740355
2025010515_1503_39989_8,44.437378769541084,26.435500996313433
2025010515_1503_39989_9,44.54922111123958,26.410975482174724
2025010515_1503_43366_1,39.90690421482398,28.771780241855108
2025010515_1503_43366_10,41.50420359275074,25.321851952005613
2025010515_1503_43366_2,39.912133248902435,28.5288998173566
2025010515_1503_43366_3,40.00550205782737,28.227964295854783
2025010515_1503_43366_4,40.12964984028983,27.88294082044486
2025010515_1503_43366_5,40.279960626605195,27.501971873970085
2025010515_1503_43366_6,40.47307531016838,27.063869217211547
2025010515_1503_43366_7,40.70046699284923,26.6291525415552
2025010515_1503_43366_8,40.96592890058192,26.13745091977883
2025010515_1503_43366_9,41.279204936112016,25.710530551066405
2025010515_1503_46142_1,56.29832620205841,27.62990908906621
2025010515_1503_46142_10,57.521045764922675,29.117857966447442
2025010515_1503_46142_2,56.461818955180135,27.801463900844013
2025010515_1503_46142_3,56.65656807863018,27.98040459950543
2025010515_1503_46142_4,56.860073456533335,28.194810020749244
2025010515_1503_46142_5,57.0520587602409,28.402547406305736
2025010515_1503_46142_6,57.25150206084267,28.625311853272812
2025010515_1503_46142_7,57.386260190685135,28.79523593695664
2025010515_1503_46142_8,57.47249767684648,28.913190217416943
2025010515_1503_46142_9,57.50864066044462,29.05321055935309
2025010515_1503_48555_1,54.10634269113562,24.167095944023828
2025010515_1503_48555_10,51.40622843030665,26.21386574728571
2025010515_1503_48555_2,53.9286505680576,24.54056324331586
2025010515_1503_48555_3,53.71714609020683,24.88559821435758
2025010515_1503_48555_4,53.44319117333553,25.20278108063281
2025010515_1503_48555_5,53.15865989234578,25.444765078469302
2025010515_1503_48555_6,52.85724372963166,25.656880268721356
2025010515_1503_48555_7,52.50115739125888,25.85115045226511
2025010515_1503_48555_8,52.153791301629354,26.05268582582611
2025010515_1503_48555_9,51.80331206754074,26.16187667674612
2025010515_1573_47788_1,46.673267935123526,41.277649017054735
2025010515_1573_47788_2,46.71372952605582,41.239410579440666
2025010515_1573_47788_3,46.73580720497479,41.10890721296919
2025010515_1573_47788_4,46.741419831326745,40.90464806108685
2025010515_1573_47788_5,46.74294478012806,40.668290343077075
2025010515_1573_47788_6,46.76958186503187,40.398927211363734
2025010515_1573_47788_7,46.74660110693322,40.07496939885158
2025010515_1573_48268_1,46.25747187220278,34.53711671476067
2025010515_1573_48268_2,46.23368341040731,34.700555474576646
2025010515_1573_48268_3,46.14403401021719,34.829770504998244
2025010515_1573_48268_4,46.058154528864705,34.961475723204536
2025010515_1573_48268_5,45.95434892962004,35.11254985009661
2025010515_1573_48268_6,45.845922322557705,35.203824073181096
2025010515_1573_48268_7,45.70400831477193,35.31069736300055
2025010515_1573_56012_1,44.74540357142331,40.97993497809471
2025010515_1573_56012_2,44.68728682329029,40.47534646206111
2025010515_1573_56012_3,44.57790429627324,39.90461287536683
2025010515_1573_56012_4,44.47657636757596,39.361407857466546
2025010515_1573_56012_5,44.334059297822904,38.8384023346707
2025010515_1573_56012_6,44.19988407070799,38.30298906657923
2025010515_1573_56012_7,44.04876495713122,37.82908965892108
2025010515_161_46206_1,73.54259352379692,34.03095613541439
2025010515_161_46206_10,74.57784709147239,37.22520137842447
2025010515_161_46206_2,73.84340521662946,34.68907657874819
2025010515_161_46206_3,74.12626520986193,35.356630640479516
2025010515_161_46206_4,74.43607651596155,36.04033269282581
2025010515_161_46206_5,74.67213866215795,36.71972051836116
2025010515_161_46206_6,74.80202790935073,37.135174835892734
2025010515_161_46206_7,74.76138274012634,37.15267347708639
2025010515_161_46206_8,74.68928545058466,37.18241550027429
2025010515_161_46206_9,74.63750759356921,37.2027700060988
2025010515_161_54500_1,70.73266780765036,30.293583133805015
2025010515_161_54500_10,72.44197912174107,33.2493435371343
2025010515_161_54500_2,71.07329152714911,30.86489656727401
2025010515_161_54500_3,71.43384412040345,31.46089043515722
2025010515_161_54500_4,71.88690171542048,32.0672610708815
2025010515_161_54500_5,72.22926247385844,32.68889574424032
2025010515_161_54500_6,72.55463224824588,33.177603429108125
2025010515_161_54500_7,72.54097100841625,33.1865872228704
2025010515_161_54500_8,72.52698682823154,33.19570087309736
2025010515_161_54500_9,72.48458156186852,33.22283336209914
2025010515_161_55137_1,68.12339806196275,38.00417645851248
2025010515_161_55137_10,68.18598753456517,41.40768775549603
2025010515_161_55137_2,68.14567621575043,38.73859381910865
2025010515_161_55137_3,68.17968692624086,39.45603830794482
2025010515_161_55137_4,68.17918838979111,40.20679771689595
2025010515_161_55137_5,68.19601909918977,40.956160901222326
2025010515_161_55137_6,68.18795658953444,41.40762028954777
2025010515_161_55137_7,68.16054765060312,41.4084721103124
2025010515_161_55137_8,68.14162157942587,41.40895054810427
2025010515_161_55137_9,68.14477813140833,41.408876980579265
2025010515_1728_46095_1,75.71610153203461,17.730569152062813
2025010515_1728_46095_10,75.41477410120639,21.18658609345124
2025010515_1728_46095_11,75.31919941139122,21.181488826613613
2025010515_1728_46095_2,75.79304401040402,18.400240224593656
2025010515_1728_46095_3,75.87364682305771,19.068494297694304
2025010515_1728_46095_4,75.86119179747051,19.7346953950412
2025010515_1728_46095_5,75.83117717729489,20.425000906442296
2025010515_1728_46095_6,75.79629562390353,21.1238983678739
2025010515_1728_46095_7,75.72623443550884,21.187326042477824
2025010515_1728_46095_8,75.60350415288912,21.189930943753527
2025010515_1728_46095_9,75.47166283628866,21.18853261321688
2025010515_1728_47788_1,68.10477314126157,27.086525186697244
2025010515_1728_47788_10,68.90519647268201,30.386390072457814
2025010515_1728_47788_11,68.86878520454982,30.395861687323652
2025010515_1728_47788_2,68.26847308232125,27.679330556391914
2025010515_1728_47788_3,68.48052322498017,28.28854890469605
2025010515_1728_47788_4,68.63429764579308,28.893036488364505
2025010515_1728_47788_5,68.79569067879068,29.531470458455825
2025010515_1728_47788_6,68.93630321199609,30.147644284166898
2025010515_1728_47788_7,68.9792230841412,30.365999039429298
2025010515_1728_47788_8,68.90706122392092,30.385895141143646
2025010515_1728_47788_9,68.87478184942191,30.3943269185835
2025010515_1728_48000_1,77.77831426937773,15.730514093998945
2025010515_1728_48000_10,77.25836234805917,19.120781324009428
2025010515_1728_48000_11,77.14943346439058,19.108555548739112
2025010515_1728_48000_2,77.8662726331758,16.387551734409016
2025010515_1728_48000_3,77.95802152247775,17.081325464374455
2025010515_1728_48000_4,77.92231115616616,17.818946418619703
2025010515_1728_48000_5,77.86595470809795,18.520015943769252
2025010515_1728_48000_6,77.7373974193805,19.139045097405834
2025010515_1728_48000_7,77.62423256609488,19.139917004057704
2025010515_1728_48000_8,77.51346381016911,19.137669054444913
2025010515_1728_48000_9,77.35713644529942,19.12926446081582
2025010515_1728_48268_1,62.196952446422905,23.446281740676053
2025010515_1728_48268_10,63.18179741681402,25.752479552561834
2025010515_1728_48268_11,63.45679603679305,25.903709052126928
2025010515_1728_48268_2,62.1865421711645,23.706972860620702
2025010515_1728_48268_3,62.1945284831313,23.98173262873746
2025010515_1728_48268_4,62.24493564297428,24.273719086881478
2025010515_1728_48268_5,62.32047230387018,24.562603927303194
2025010515_1728_48268_6,62.410407003923225,24.857628983727004
2025010515_1728_48268_7,62.51254665038657,25.070593204036857
2025010515_1728_48268_8,62.71018838763464,25.31100419624078
2025010515_1728_48268_9,62.936058939228296,25.61498460178332
2025010515_1728_57199_1,82.52627556790733,25.699882403672234
2025010515_1728_57199_10,78.83611456884076,25.14436810085112
2025010515_1728_57199_11,78.83899810607404,25.125833328193902
2025010515_1728_57199_2,82.35098873389201,25.6811160590365
2025010515_1728_57199_3,82.04758240767397,25.633623221944216
2025010515_1728_57199_4,81.69654714900697,25.607699026064015
2025010515_1728_57199_5,81.26404837531199,25.585644565630133
2025010515_1728_57199_6,80.76037207466351,25.51674571007177
2025010515_1728_57199_7,80.24312469836428,25.415319126972275
2025010515_1728_57199_8,79.7847587242963,25.3516102903574
2025010515_1728_57199_9,79.25153304363243,25.20119002471396
2025010515_1957_46142_1,49.756965772301555,37.196050414523825
2025010515_1957_46142_2,49.75534701567926,37.0662566805208
2025010515_1957_46142_3,49.77910383764966,36.92296361875849
2025010515_1957_46142_4,49.81069602028899,36.6987029655473
2025010515_1957_46142_5,49.900145897149905,36.42769192162506
2025010515_1957_46142_6,50.01337917733536,36.17458783893295
2025010515_1957_46206_1,51.94460371145513,35.964027746493194
2025010515_1957_46206_2,51.6772029397302,35.88435487933235
2025010515_1957_46206_3,51.37855744480158,35.770915974466114
2025010515_1957_46206_4,51.10123433201916,35.688729018630035
2025010515_1957_46206_5,50.885537807344775,35.563073534315556
2025010515_1957_46206_6,50.66241332448294,35.40730532402757
2025010515_1957_55081_1,44.626478291800346,32.58083064223639
2025010515_1957_55081_2,44.51001412710344,32.36354670262006
2025010515_1957_55081_3,44.31512974688473,32.17409284326614
2025010515_1957_55081_4,44.160171378041866,32.00283554472756
2025010515_1957_55081_5,43.98040256877484,31.817946449474725
2025010515_1957_55081_6,43.75957562634082,31.66731097848449
2025010515_2065_43366_1,15.033111807965398,22.10519454122353
2025010515_2065_43366_2,15.106597120627306,21.767371324586414
2025010515_2065_43366_3,15.257246050350734,21.441684192219252
2025010515_2065_43366_4,15.452446903169069,21.104464758207815
2025010515_2065_43366_5,15.672381032981772,20.66462717045441
2025010515_2065_43366_6,15.932553438923001,20.283589652392685
2025010515_2065_43366_7,16.23258193253,19.93851771480672
2025010515_2065_46206_1,20.012537957350737,22.518241495474083
2025010515_2065_46206_2,19.79816073889387,22.096681157959953
2025010515_2065_46206_3,19.576586929083604,21.68454983662892
2025010515_2065_46206_4,19.39247093270646,21.225431136236228
2025010515_2065_46206_5,19.300053889217498,20.714903930982835
2025010515_2065_46206_6,19.24367595006611,20.25455052971364
2025010515_2065_46206_7,19.21987502965326,19.77811296380368
2025010515_2065_48555_1,20.968573872172893,26.48889129139382
2025010515_2065_48555_2,20.8537458220345,26.24639983439616
2025010515_2065_48555_3,20.700814524812202,26.025674945527136
2025010515_2065_48555_4,20.56443139142603,25.780213868270074
2025010515_2065_48555_5,20.35137251974727,25.4725861628255
2025010515_2065_48555_6,20.128221884679558,25.204773060555887
2025010515_2065_48555_7,19.953165557482052,24.852298007406457
2025010515_2065_54500_1,20.077916569506197,16.578715130980775
2025010515_2065_54500_2,19.898114682165318,16.363150646217683
2025010515_2065_54500_3,19.713136305446838,16.13660664576443
2025010515_2065_54500_4,19.52180993920182,15.890273857684482
2025010515_2065_54500_5,19.343078931662973,15.614034555466933
2025010515_2065_54500_6,19.193257944249254,15.340449049698247
2025010515_2065_54500_7,19.10187728801256,15.127787983024113
2025010515_208_44860_1,75.36948487842199,42.2527835106979
2025010515_208_44860_2,75.44615585132685,42.733310843777936
2025010515_208_44860_3,75.63191408079845,43.204272049000416
2025010515_208_44860_4,75.79755261004657,43.61849026117365
2025010515_208_44860_5,76.01193236181662,44.024691460680486
2025010515_208_44860_6,76.2289052169046,44.39956425852826
2025010515_208_44860_7,76.4598388375892,44.76933127829682
2025010515_208_44860_8,76.73467511078186,45.02701689736717
2025010515_2090_43366_1,8.871212332806236,15.712872119692964
2025010515_2090_43366_2,8.848512430747398,15.96799633871134
2025010515_2090_43366_3,8.818375309635144,16.258262555771555
2025010515_2090_43366_4,8.807752653335049,16.524586762462725
2025010515_2090_43366_5,8.791885334383043,16.778456711918466
2025010515_2090_43366_6,8.791330608493217,17.120421109538576
2025010515_2090_43366_7,8.78985942494263,17.301690810352195
2025010515_2090_43366_8,8.80100414616863,17.45529831451697
2025010515_2090_43366_9,8.849335356040221,17.598791040472605
2025010515_2090_46142_1,12.06115722016256,20.268001960075868
2025010515_2090_46142_2,12.032398432286264,20.104080725425362
2025010515_2090_46142_3,11.9597985657615,19.916476829905484
2025010515_2090_46142_4,11.905191437096986,19.726981898552776
2025010515_2090_46142_5,11.802312382249132,19.519467149485596
2025010515_2090_46142_6,11.700523157576113,19.27373048377226
2025010515_2090_46142_7,11.58411887482402,19.001412931756455
2025010515_2090_46142_8,11.518347186039918,18.663920021381394
2025010515_2090_46142_9,11.466593597743703,18.312907607918177
2025010515_2090_47849_1,13.50241688273671,9.082035554062148
2025010515_2090_47849_2,13.26441895288122,9.313418103956419
2025010515_2090_47849_3,12.992628168634434,9.561180943633897
2025010515_2090_47849_4,12.68015708164552,9.905171986617246
2025010515_2090_47849_5,12.409864886450496,10.191514392155074
2025010515_2090_47849_6,12.109358069099535,10.510326751703179
2025010515_2090_47849_7,11.83579888426263,10.90243371635178
2025010515_2090_47849_8,11.623875625485613,11.285392571631363
2025010515_2090_47849_9,11.416453537462724,11.63027916366915
2025010515_2090_57267_1,12.538984948838706,9.010623895989173
2025010515_2090_57267_2,12.350258376458997,9.043773672265507
2025010515_2090_57267_3,12.138494374244056,9.09902929792364
2025010515_2090_57267_4,11.92587008184579,9.158136309595662
2025010515_2090_57267_5,11.665221767460759,9.25629282053326
2025010515_2090_57267_6,11.39431909331288,9.353471778041753
2025010515_2090_57267_7,11.183372461270196,9.508610469111812
2025010515_2090_57267_8,11.053189611091787,9.629584477447784
2025010515_2090_57267_9,10.856686871273428,9.759182936226571
2025010515_2257_47788_1,71.10056173618213,17.25014454169365
2025010515_2257_47788_2,71.06310850281976,17.112085205907672
2025010515_2257_47788_3,71.01607552824937,17.020383846277625
2025010515_2257_47788_4,71.03547838819347,16.99690913208692
2025010515_2257_47788_5,71.09443669887136,17.080386453239246
2025010515_2257_47788_6,71.14766480356153,17.159603397911837
2025010515_2257_47788_7,71.22469869508642,17.294939165628882
2025010515_2257_56012_1,73.44628948823004,22.07259205753043
2025010515_2257_56012_2,73.31176326805024,21.79387472731198
2025010515_2257_56012_3,73.16911080826507,21.507262310539744
2025010515_2257_56012_4,73.07242990030137,21.19891873591769
2025010515_2257_56012_5,72.96416312469832,20.86548833195525
2025010515_2257_56012_6,72.84582765530332,20.56262819357766
2025010515_2257_56012_7,72.80382431621881,20.232684864991057
2025010515_2257_56032_1,71.89558114773246,25.670981813243465
2025010515_2257_56032_2,71.90221689261115,25.332886688670197
2025010515_2257_56032_3,71.92686981972228,25.016557288896486
2025010515_2257_56032_4,71.98124513570278,24.617242233586296
2025010515_2257_56032_5,72.04063336087673,24.20305966209878
2025010515_2257_56032_6,72.15458358870193,23.78584469760836
2025010515_2257_56032_7,72.22396626671026,23.321048162733472
2025010515_2326_46122_1,55.815702352556926,34.765515987097395
2025010515_2326_46122_2,55.8064513841767,35.11512652888651
2025010515_2326_46122_3,55.8068866099955,35.46304070001355
2025010515_2326_46122_4,55.85483388035651,35.904441955616946
2025010515_2326_46122_5,55.93497645105924,36.38004817888005
2025010515_2326_46122_6,56.00292278593946,36.80255941574719
2025010515_2326_46122_7,56.10496435069835,37.31749216372178
2025010515_2326_46122_8,56.289812355891854,37.84116830275403
2025010515_2326_47788_1,60.488174496777845,38.94713716162124
2025010515_2326_47788_2,60.4548197532667,39.20741783550129
2025010515_2326_47788_3,60.46608205149846,39.412759181845985
2025010515_2326_47788_4,60.535270579482855,39.565427839526144
2025010515_2326_47788_5,60.641025571724676,39.67460101255247
2025010515_2326_47788_6,60.76051472376194,39.72122109874127
2025010515_2326_47788_7,60.950414689268264,39.72680231371704
2025010515_2326_47788_8,61.17572832405803,39.72516193399874
2025010515_2326_48000_1,55.641159090751266,42.51806936552694
2025010515_2326_48000_2,55.20450009947324,42.56448282600931
2025010515_2326_48000_3,54.82154675089885,42.64252225870987
2025010515_2326_48000_4,54.49363321559682,42.738732428150286
2025010515_2326_48000_5,54.12567869874009,42.825997573544484
2025010515_2326_48000_6,53.70944003323058,42.98729913262543
2025010515_2326_48000_7,53.40613154200652,43.13004746297969
2025010515_2326_48000_8,53.19286014666995,43.316420159966
2025010515_2326_56012_1,64.00763153333668,39.22212461920874
2025010515_2326_56012_2,63.83188475885986,39.33202432092733
2025010515_2326_56012_3,63.67342220339262,39.442600060416396
2025010515_2326_56012_4,63.49301633717706,39.53947820560115
2025010515_2326_56012_5,63.384467685002114,39.59112559215299
2025010515_2326_56012_6,63.26127582549685,39.66802556335034
2025010515_2326_56012_7,63.201855111078245,39.75079926493136
2025010515_2326_56012_8,63.16302458321773,39.79346282934005
2025010515_2351_56012_1,61.80702649381597,16.030986298918336
2025010515_2351_56012_2,61.75970211131986,15.39974658020949
2025010515_2351_56012_3,61.71158179704162,14.768212150969152
2025010515_2351_56012_4,61.6978837796329,14.181168736683272
2025010515_2351_56012_5,61.71494557660299,13.58759264773798
2025010515_2351_56012_6,61.70517724172137,13.032211006990206
2025010515_2351_56012_7,61.696074641152784,12.616272739198989
2025010515_2351_56012_8,61.73630379322277,12.614220263375913
2025010515_2351_56012_9,61.77627120899429,12.612583079708092
2025010515_238_44872_1,90.26598683125175,47.283260795745214
2025010515_238_44872_10,93.3924131334188,48.96671453738985
2025010515_238_44872_11,93.39118635732214,48.96902179600504
2025010515_238_44872_12,93.40546799724211,48.9419332278816
2025010515_238_44872_13,93.41550020493688,48.92259878115584
2025010515_238_44872_14,93.43455918250228,48.88513973015713
2025010515_238_44872_15,93.45650552799042,48.84075640428199
2025010515_238_44872_16,93.46823783964565,48.816447129960636
2025010515_238_44872_2,90.71683291635632,47.602316498025566
2025010515_238_44872_3,91.18909867309176,47.83895872686248
2025010515_238_44872_4,91.6815664596045,48.160532353341075
2025010515_238_44872_5,92.18709887917686,48.45049992006831
2025010515_238_44872_6,92.79664375228039,48.75705792631654
2025010515_238_44872_7,93.30759093878127,49.011651336022055
2025010515_238_44872_8,93.37509030311072,48.99896311147621
2025010515_238_44872_9,93.37347654339597,49.001931635547244
2025010515_238_53518_1,89.43323066406062,47.59089904818475
2025010515_238_53518_10,92.40543235761189,49.10332309774322
2025010515_238_53518_11,92.4211691828954,49.07114345077147
2025010515_238_53518_12,92.4428479475675,49.02557445982353
2025010515_238_53518_13,92.4532977298185,49.00306533240505
2025010515_238_53518_14,92.4722526624068,48.961272659595075
2025010515_238_53518_15,92.47217189301679,48.96145348197798
2025010515_238_53518_16,92.49344719331143,48.91296737741254
2025010515_238_53518_2,89.94410439573849,47.98029831130132
2025010515_238_53518_3,90.53767456545488,48.307316042776414
2025010515_238_53518_4,91.20661549443315,48.66486225337905
2025010515_238_53518_5,91.80146884551338,48.98812435150899
2025010515_238_53518_6,92.34264484144232,49.224986364346655
2025010515_238_53518_7,92.36826658292092,49.17656552998441
2025010515_238_53518_8,92.36831406120034,49.17647429526866
2025010515_238_53518_9,92.39372224539751,49.12680530741393
2025010515_238_57362_1,89.37432481652456,33.815981117219664
2025010515_238_57362_10,90.03041582325561,37.44510629910547
2025010515_238_57362_11,90.04001199201107,37.443210584753125
2025010515_238_57362_12,90.05005188967964,37.441201092983334
2025010515_238_57362_13,90.06957812819603,37.437216263412914
2025010515_238_57362_14,90.13901542990612,37.422221402481796
2025010515_238_57362_15,90.27735887757024,37.38845975993406
2025010515_238_57362_16,90.36497718540494,37.36434980454882
2025010515_238_57362_2,89.46391508089421,34.279700157216624
2025010515_238_57362_3,89.5746107822335,34.77719078364452
2025010515_238_57362_4,89.67541435742847,35.288964914972574
2025010515_238_57362_5,89.77935672607774,35.83955820116824
2025010515_238_57362_6,89.88822353322874,36.43764111616728
2025010515_238_57362_7,90.01791253015901,37.046452916042014
2025010515_238_57362_8,90.06026935631769,37.439128596683055
2025010515_238_57362_9,90.04830406478315,37.441552843128136
2025010515_2564_43366_1,62.65672309638694,31.054252966693834
2025010515_2564_43366_10,65.7743415640523,32.00492963812821
2025010515_2564_43366_11,65.71521703684176,32.21949331808929
2025010515_2564_43366_12,65.67149636904269,32.35394984984738
2025010515_2564_43366_13,65.62476944668325,32.48230484887866
2025010515_2564_43366_14,65.58099891372765,32.59159885147247
2025010515_2564_43366_15,65.51869808240633,32.73301818966422
2025010515_2564_43366_2,63.1994767313225,31.07148605385258
2025010515_2564_43366_3,63.77040323886857,31.10739899238068
2025010515_2564_43366_4,64.42725050330557,31.157722710351635
2025010515_2564_43366_5,65.00166464933152,31.266175914820657
2025010515_2564_43366_6,65.62539603790452,31.44429647215645
2025010515_2564_43366_7,65.84888792596801,31.622019571015436
2025010515_2564_43366_8,65.8309399720284,31.73483000581808
2025010515_2564_43366_9,65.80826833953112,31.854470769778473
2025010515_2564_44872_1,56.3989683559787,34.66903024964437
2025010515_2564_44872_10,59.488319047037926,34.70404829413184
2025010515_2564_44872_11,59.487544436291984,34.679862639274766
2025010515_2564_44872_12,59.48672348644341,34.65813161855492
2025010515_2564_44872_13,59.48441300183869,34.60865958563947
2025010515_2564_44872_14,59.48587794406942,34.63845260646451
2025010515_2564_44872_15,59.48556928308263,34.631781764734235
2025010515_2564_44872_2,57.145186365593034,34.70242016683155
2025010515_2564_44872_3,57.92470787525246,34.66494755899797
2025010515_2564_44872_4,58.78367921214574,34.69379658697714
2025010515_2564_44872_5,59.48918448554171,34.739232118992234
2025010515_2564_44872_6,59.488898818500004,34.726147778932614
2025010515_2564_44872_7,59.489469320301865,34.75484513859913
2025010515_2564_44872_8,59.48985522016407,34.78596740200501
2025010515_2564_44872_9,59.48930485902825,34.7454302705312
2025010515_2564_46142_1,51.164752300324075,33.526357135706085
2025010515_2564_46142_10,52.827043151601636,36.39493788167435
2025010515_2564_46142_11,52.77291739892542,36.4287676308712
2025010515_2564_46142_12,52.7181621781028,36.461786590675146
2025010515_2564_46142_13,52.67034209014666,36.48965968996826
2025010515_2564_46142_14,52.69106932853779,36.47768711074536
2025010515_2564_46142_15,52.707152319402894,36.46828268474896
2025010515_2564_46142_2,51.559808324119,34.07975803756044
2025010515_2564_46142_3,51.96352955462684,34.6826730877129
2025010515_2564_46142_4,52.40157254257965,35.30334065780582
2025010515_2564_46142_5,52.814642329635305,35.95574159696642
2025010515_2564_46142_6,52.99693497266746,36.28064599925084
2025010515_2564_46142_7,52.953845560067954,36.31083976652758
2025010515_2564_46142_8,52.8998172113246,36.347523335501506
2025010515_2564_46142_9,52.850845287930966,36.379677177329384
2025010515_2564_57244_1,52.71424705524252,33.98423115603631
2025010515_2564_57244_10,54.21513034498605,36.845206423233755
2025010515_2564_57244_11,54.179323821222894,36.864894386138914
2025010515_2564_57244_12,54.147816023571025,36.88182771120279
2025010515_2564_57244_13,54.0989575664332,36.90737462466167
2025010515_2564_57244_14,54.09808725420777,36.90782194481443
2025010515_2564_57244_15,54.09983615846955,36.90692277582146
2025010515_2564_57244_2,53.12004029455436,34.66488779457089
2025010515_2564_57244_3,53.514797506562815,35.34611904866274
2025010515_2564_57244_4,53.92523058682708,36.06359607335707
2025010515_2564_57244_5,54.29823023425441,36.797648780960195
2025010515_2564_57244_6,54.29104858145469,36.801863646119294
2025010515_2564_57244_7,54.277711629628996,36.80963784408896
2025010515_2564_57244_8,54.26390411985221,36.817613929034835
2025010515_2564_57244_9,54.24016312283899,36.831157461162206
2025010515_2592_44872_1,47.29902882052289,43.46993335352543
2025010515_2592_44872_2,47.44626140729346,43.58148985854135
2025010515_2592_44872_3,47.59739330662813,43.71486074816783
2025010515_2592_44872_4,47.68915027499074,43.81675886081919
2025010515_2592_44872_5,47.795632543898186,43.93601033787929
2025010515_2592_44872_6,47.93678262958425,44.01991267567028
2025010515_2592_44872_7,48.02737494424242,44.12114595629732
2025010515_2592_44872_8,48.019440774100275,44.19765098875061
2025010515_2592_45719_1,41.762309545770336,38.31206895729167
2025010515_2592_45719_2,42.21302296899232,38.332545283028345
2025010515_2592_45719_3,42.74183167790118,38.34671165727669
2025010515_2592_45719_4,43.23666555022609,38.32721450021257
2025010515_2592_45719_5,43.726129128906734,38.30236339373869
2025010515_2592_45719_6,44.30719207161499,38.21666279789267
2025010515_2592_45719_7,44.80169258777615,38.18314488095551
2025010515_2592_45719_8,45.21486425056649,38.08996753731839
2025010515_2617_43366_1,82.34457190899957,33.35909035706876
2025010515_2617_43366_10,83.80697914257644,35.735261810143236
2025010515_2617_43366_11,83.69000488619947,35.95942472472378
2025010515_2617_43366_12,83.55085683872373,36.22023347991863
2025010515_2617_43366_2,82.67931315897434,33.548204244304294
2025010515_2617_43366_3,82.98627424322031,33.7308216483948
2025010515_2617_43366_4,83.27146702568571,33.97706772334087
2025010515_2617_43366_5,83.48814874067008,34.20215374633914
2025010515_2617_43366_6,83.67983616716948,34.51125755393199
2025010515_2617_43366_7,83.82124457204132,34.8225065196276
2025010515_2617_43366_8,83.8723632663718,35.117949432448924
2025010515_2617_43366_9,83.87752614242791,35.446768248093946
2025010515_2617_46142_1,65.65590084242434,32.83164069454739
2025010515_2617_46142_10,68.56251234519803,32.7694433128606
2025010515_2617_46142_11,68.94535721050276,32.84521829183556
2025010515_2617_46142_12,69.35509766265422,32.92155645138715
2025010515_2617_46142_2,65.81663094412862,32.72329936125203
2025010515_2617_46142_3,66.08423613754475,32.60720883796104
2025010515_2617_46142_4,66.37574142091493,32.57611613757086
2025010515_2617_46142_5,66.69030708560656,32.54491717689147
2025010515_2617_46142_6,67.06944249114302,32.538727389489424
2025010515_2617_46142_7,67.4290983097687,32.54702859571383
2025010515_2617_46142_8,67.77380887925811,32.57199058611924
2025010515_2617_46142_9,68.12091257786267,32.67234672676008
2025010515_2617_54500_1,73.24395714715868,27.527019597971837
2025010515_2617_54500_10,74.78013736740985,30.380615503559884
2025010515_2617_54500_11,74.67519110516234,30.44874058708229
2025010515_2617_54500_12,74.58940095739564,30.501052707380943
2025010515_2617_54500_2,73.78428382041496,28.033717348928935
2025010515_2617_54500_3,74.26537532815458,28.594044448488102
2025010515_2617_54500_4,74.73462140609524,29.168333920335165
2025010515_2617_54500_5,75.21480608857186,29.778391698716373
2025010515_2617_54500_6,75.23139467137536,30.02818507110319
2025010515_2617_54500_7,75.12086490234965,30.12441734329166
2025010515_2617_54500_8,74.970669612021,30.244392976602928
2025010515_2617_54500_9,74.87968836753329,30.31154611072641
2025010515_2617_54509_1,73.28670637100628,28.620283831933286
2025010515_2617_54509_10,74.98552253066242,31.460142598429112
2025010515_2617_54509_11,74.91655787535056,31.50896400712737
2025010515_2617_54509_12,74.81517740700565,31.576874029220065
2025010515_2617_54509_2,73.77383525267733,29.104575818650613
2025010515_2617_54509_3,74.23074226897938,29.60934822239595
2025010515_2617_54509_4,74.68018096569111,30.12355712533616
2025010515_2617_54509_5,75.08920324019363,30.683562123688713
2025010515_2617_54509_6,75.3663669433189,31.14693069449517
2025010515_2617_54509_7,75.28560269898178,31.220131056994063
2025010515_2617_54509_8,75.17347521718496,31.315400349536333
2025010515_2617_54509_9,75.08299426375858,31.387298379888243
2025010515_2686_48555_1,94.22713477141475,32.79453517789012
2025010515_2686_48555_2,94.1736834690429,32.87298597765459
2025010515_2686_48555_3,94.07783866211602,32.942784530335565
2025010515_2686_48555_4,94.00945623571234,32.96148925818688
2025010515_2686_48555_5,93.94000133649934,32.92505445026567
2025010515_2686_48555_6,93.85981348468002,32.836289994307485
2025010515_2686_48555_7,93.81329105825716,32.70918464649766
2025010515_2686_48555_8,93.78270871886399,32.61014761133636
2025010515_2686_48555_9,93.79214612651629,32.34719605277015
2025010515_2686_54500_1,102.47173717316504,21.00130192111929
2025010515_2686_54500_2,103.17731226220869,21.11111358042746
2025010515_2686_54500_3,103.95520485518182,21.209414291682634
2025010515_2686_54500_4,104.78142005532503,21.274774368022168
2025010515_2686_54500_5,105.55578239269403,21.309493305915097
2025010515_2686_54500_6,105.56149720249395,21.25429159050488
2025010515_2686_54500_7,105.56622583314424,21.201667917009566
2025010515_2686_54500_8,105.56791339266502,21.180719765388265
2025010515_2686_54500_9,105.56451917279264,21.221577817343185
2025010515_2686_54509_1,93.09828815119042,17.79701271117752
2025010515_2686_54509_2,93.26950030166421,18.533093563884204
2025010515_2686_54509_3,93.5004627438288,19.23684352860438
2025010515_2686_54509_4,93.76651330624128,19.964151371115864
2025010515_2686_54509_5,94.04354599782341,20.742147595613094
2025010515_2686_54509_6,94.14983467664301,20.966334177925823
2025010515_2686_54509_7,94.19986792162305,20.94891946751393
2025010515_2686_54509_8,94.21964643054478,20.941829552745155
2025010515_2686_54509_9,94.2058280960355,20.946795287233094
2025010515_2686_57267_1,93.94754095299142,16.73549019390124
2025010515_2686_57267_2,94.07815550341469,17.4193871059684
2025010515_2686_57267_3,94.24106656160399,18.124980157597403
2025010515_2686_57267_4,94.38556376803777,18.84699658370239
2025010515_2686_57267_5,94.53735355854215,19.615516741938357
2025010515_2686_57267_6,94.5893177481913,20.01660632872618
2025010515_2686_57267_7,94.56059414003333,20.022813996926292
2025010515_2686_57267_8,94.47947971802435,20.039157689921613
2025010515_2686_57267_9,94.40593092425704,20.05247604756618
2025010515_2813_39989_1,111.32094993153996,15.587233190239614
2025010515_2813_39989_10,112.73819926080047,12.40193614703832
2025010515_2813_39989_11,112.72403504858342,12.395703128441145
2025010515_2813_39989_12,112.70815112000273,12.388790932126838
2025010515_2813_39989_13,112.65018947339732,12.364256478663046
2025010515_2813_39989_14,112.67329549266012,12.373908151920006
2025010515_2813_39989_15,112.70086975207813,12.385649604764888
2025010515_2813_39989_16,112.7067412100784,12.388181331786804
2025010515_2813_39989_17,112.69124139954945,12.38152199077636
2025010515_2813_39989_18,112.64428320308699,12.36181656528683
2025010515_2813_39989_19,112.62497143526116,12.353915681066068
2025010515_2813_39989_2,111.66528300211382,15.032305769064877
2025010515_2813_39989_3,111.98501067161592,14.353542676720904
2025010515_2813_39989_4,112.3527119559186,13.699474146293825
2025010515_2813_39989_5,112.58924653011243,13.127609109084839
2025010515_2813_39989_6,112.8259318448512,12.442017614647273
2025010515_2813_39989_7,112.76388305187263,12.41340590252137
2025010515_2813_39989_8,112.79953471508897,12.429688285999253
2025010515_2813_39989_9,112.79032044111507,12.425439555600544
2025010515_2813_54500_1,111.59408673940716,16.647011050144386
2025010515_2813_54500_10,113.08550779653446,13.371982160458082
2025010515_2813_54500_11,113.0452089742097,13.354715065759827
2025010515_2813_54500_12,113.04715487941127,13.355536853010241
2025010515_2813_54500_13,112.95376570006924,13.317448459013525
2025010515_2813_54500_14,113.0046565786004,13.337863394078699
2025010515_2813_54500_15,113.06361378492568,13.362536246828272
2025010515_2813_54500_16,113.07040759771176,13.365450799744963
2025010515_2813_54500_17,113.09652179644789,13.376792700714597
2025010515_2813_54500_18,113.01607696511802,13.34255641063502
2025010515_2813_54500_19,112.9863756046255,13.330436676658332
2025010515_2813_54500_2,111.86142642736175,16.143912767779515
2025010515_2813_54500_3,112.11195666801251,15.578053109791814
2025010515_2813_54500_4,112.33987054513055,14.980444648694512
2025010515_2813_54500_5,112.59007590034774,14.443242935915647
2025010515_2813_54500_6,112.86897444423637,13.833629215944171
2025010515_2813_54500_7,113.08288350072174,13.37084176504631
2025010515_2813_54500_8,113.10099131533794,13.37875608817089
2025010515_2813_54500_9,113.12336008782994,13.388680399706956
2025010515_2813_57267_1,110.13542334265875,12.174919391289611
2025010515_2813_57267_10,111.05342247229312,15.657225843433533
2025010515_2813_57267_11,111.18878402858196,15.62035444944733
2025010515_2813_57267_12,111.28703007965655,15.59035927245859
2025010515_2813_57267_13,111.28254754471187,15.591788091147405
2025010515_2813_57267_14,111.36033575872823,15.56616344466892
2025010515_2813_57267_15,111.47299185816786,15.525879582409809
2025010515_2813_57267_16,111.654249681455,15.45289435551987
2025010515_2813_57267_17,111.85582468745206,15.359222008437968
2025010515_2813_57267_18,111.90319533737765,15.335192660745241
2025010515_2813_57267_19,111.99960016358429,15.283804105353989
2025010515_2813_57267_2,110.21186945242943,12.652093045751078
2025010515_2813_57267_3,110.24176164089432,13.175232176669798
2025010515_2813_57267_4,110.3624310555092,13.646330470852174
2025010515_2813_57267_5,110.46409038126293,14.114793172695304
2025010515_2813_57267_6,110.55986240149177,14.570270635779092
2025010515_2813_57267_7,110.70227569566731,15.019722754030287
2025010515_2813_57267_8,110.91284033211707,15.491237109006821
2025010515_2813_57267_9,111.0157894802559,15.666577190670118
2025010515_2994_46095_1,24.109002297291834,7.466825469979404
2025010515_2994_46095_10,27.113584882044993,6.263328549338057
2025010515_2994_46095_11,27.125059679289905,6.2964300466484975
2025010515_2994_46095_12,27.129197934633368,6.3086027110336795
2025010515_2994_46095_13,27.13427156316791,6.323704890266352
2025010515_2994_46095_14,27.15341028330092,6.382563868680924
2025010515_2994_46095_15,27.15246637573159,6.379586792076345
2025010515_2994_46095_16,27.159469458162658,6.401869932135945
2025010515_2994_46095_17,27.16882600830748,6.432376832424214
2025010515_2994_46095_18,27.17449038410637,6.451279887682761
2025010515_2994_46095_19,27.175980323280168,6.456309142928559
2025010515_2994_46095_2,24.839266134314098,7.075137933761151
2025010515_2994_46095_20,27.179424566209676,6.4680289663339625
2025010515_2994_46095_21,27.183799453373485,6.483109868936531
2025010515_2994_46095_22,27.18757391915255,6.4963021730582575
2025010515_2994_46095_23,27.18892511428604,6.501066822702969
2025010515_2994_46095_24,27.190893730889236,6.508049227830585
2025010515_2994_46095_25,27.18720236838538,6.494995919327271
2025010515_2994_46095_26,27.18286113129483,6.479856619357918
2025010515_2994_46095_27,27.189260099895286,6.502251553274315
2025010515_2994_46095_3,25.62942196630132,6.745520749088844
2025010515_2994_46095_4,26.477160064879634,6.389997334981379
2025010515_2994_46095_5,27.067270411206884,6.138292287772206
2025010515_2994_46095_6,27.068825417053784,6.142291117270579
2025010515_2994_46095_7,27.08063266948307,6.173078254808699
2025010515_2994_46095_8,27.08834247851715,6.193601538333732
2025010515_2994_46095_9,27.102523721530048,6.23227571100622
2025010515_2994_46122_1,26.88844197737683,17.192256388714046
2025010515_2994_46122_10,29.403778233055984,14.45836899337313
2025010515_2994_46122_11,29.426273075574763,14.480037918660395
2025010515_2994_46122_12,29.41343791255324,14.46763254507474
2025010515_2994_46122_13,29.429412324381396,14.483088964653913
2025010515_2994_46122_14,29.515897209075167,14.569853377457646
2025010515_2994_46122_15,29.565030397044776,14.62159438932477
2025010515_2994_46122_16,29.594558715077845,14.653598175501738
2025010515_2994_46122_17,29.584880036182778,14.643030925094987
2025010515_2994_46122_18,29.59400823168728,14.65299511177236
2025010515_2994_46122_19,29.63629451388004,14.70005298428584
2025010515_2994_46122_2,27.06201303139468,16.862151106936967
2025010515_2994_46122_20,29.69351026092373,14.766189812228172
2025010515_2994_46122_21,29.705659296567234,14.780616206680893
2025010515_2994_46122_22,29.721086387934097,14.79913609338185
2025010515_2994_46122_23,29.73911917625415,14.821075261820987
2025010515_2994_46122_24,29.763488160918353,14.851235963800725
2025010515_2994_46122_25,29.81150008682897,14.912462882489
2025010515_2994_46122_26,29.801469233554588,14.899466938544235
2025010515_2994_46122_27,29.825381482829954,14.930631320190319
2025010515_2994_46122_3,27.284449475947383,16.614504966212085
2025010515_2994_46122_4,27.483972090660874,16.30979814747028
2025010515_2994_46122_5,27.738810227031934,15.994475481967457
2025010515_2994_46122_6,28.04434882509519,15.6810391395043
2025010515_2994_46122_7,28.40880505454499,15.451280817832092
2025010515_2994_46122_8,28.83185554547778,14.99172950621788
2025010515_2994_46122_9,29.211350632882557,14.600091526445809
2025010515_2994_47788_1,22.553774107210263,10.971989580202887
2025010515_2994_47788_10,25.63878657872255,9.686607613692068
2025010515_2994_47788_11,25.954560508579714,9.653491344646168
2025010515_2994_47788_12,25.98681821532609,9.742561512486809
2025010515_2994_47788_13,25.9900814020665,9.751953902283653
2025010515_2994_47788_14,26.024074813128788,9.854664644235227
2025010515_2994_47788_15,26.030017626719097,9.873633559326885
2025010515_2994_47788_16,26.037794044670093,9.898969099641107
2025010515_2994_47788_17,26.026688460483587,9.862966501884168
2025010515_2994_47788_18,26.01069017388703,9.81310216853241
2025010515_2994_47788_19,26.011625936376316,9.815958103651287
2025010515_2994_47788_2,22.865429229939032,10.743743986524063
2025010515_2994_47788_20,26.016857774082723,9.832061122080614
2025010515_2994_47788_21,26.025351088134215,9.858710661716731
2025010515_2994_47788_22,26.023189413620827,9.851866523992463
2025010515_2994_47788_23,26.016198454090173,9.830018972470885
2025010515_2994_47788_24,26.01618896188304,9.82998959905222
2025010515_2994_47788_25,26.010659126313357,9.813007535880429
2025010515_2994_47788_26,26.007671403486395,9.80393793499617
2025010515_2994_47788_27,26.015539958683945,9.82798310772141
2025010515_2994_47788_3,23.177107401773466,10.599464705578699
2025010515_2994_47788_4,23.53358946817251,10.465534029367157
2025010515_2994_47788_5,23.79939291954593,10.380114835440686
2025010515_2994_47788_6,24.10737657727105,10.35647661733671
2025010515_2994_47788_7,24.465626007817175,10.298052909329334
2025010515_2994_47788_8,24.969131201166633,10.086725495490303
2025010515_2994_47788_9,25.32290724693575,9.854239208086398
2025010515_2994_48000_1,25.948749255347952,7.665021846762306
2025010515_2994_48000_10,29.148236304461435,6.465647188598378
2025010515_2994_48000_11,29.154044107045877,6.483372153131937
2025010515_2994_48000_12,29.153583071366846,6.481954839591229
2025010515_2994_48000_13,29.156284412902323,6.490285005337898
2025010515_2994_48000_14,29.161395230009468,6.506218141237448
2025010515_2994_48000_15,29.166718295579464,6.5230616339221985
2025010515_2994_48000_16,29.173474064092233,6.544820830165019
2025010515_2994_48000_17,29.175722731765152,6.552162006245984
2025010515_2994_48000_18,29.18181951814057,6.572324444628636
2025010515_2994_48000_19,29.179872549753604,6.565843921887583
2025010515_2994_48000_2,26.463362683009827,7.404348638316813
2025010515_2994_48000_20,29.19099922111079,6.603431603784916
2025010515_2994_48000_21,29.18738950773143,6.591088238190096
2025010515_2994_48000_22,29.18447135879766,6.581215824416036
2025010515_2994_48000_23,29.184702872616608,6.581995659610235
2025010515_2994_48000_24,29.183305777779044,6.577298458018971
2025010515_2994_48000_25,29.178173852065154,6.560222021952197
2025010515_2994_48000_26,29.169078432495223,6.530613634494724
2025010515_2994_48000_27,29.167435071633477,6.525349643676984
2025010515_2994_48000_3,27.01014344774056,7.215297291365873
2025010515_2994_48000_4,27.66176876804159,6.962002403053447
2025010515_2994_48000_5,28.28591189766568,6.756793961845672
2025010515_2994_48000_6,28.94312527960802,6.554445106445257
2025010515_2994_48000_7,29.172945337587553,6.543101981555918
2025010515_2994_48000_8,29.165023434029262,6.517670511961221
2025010515_2994_48000_9,29.14872467243348,6.467126956533443
2025010515_2994_57199_1,34.105981058462255,32.06644285156943
2025010515_2994_57199_10,37.002794853833734,29.893987356678323
2025010515_2994_57199_11,36.92739914171305,29.781183007992023
2025010515_2994_57199_12,36.908240017182486,29.753789430670512
2025010515_2994_57199_13,36.862600245459504,29.69043302311069
2025010515_2994_57199_14,36.838518895457355,29.6580264623851
2025010515_2994_57199_15,36.81291356016216,29.624303068988446
2025010515_2994_57199_16,36.822498940828424,29.636840803491037
2025010515_2994_57199_17,36.775151035277595,29.575884868610594
2025010515_2994_57199_18,36.74107519345145,29.53347419475675
2025010515_2994_57199_19,36.69669655664144,29.47996004670154
2025010515_2994_57199_2,34.60285949715597,31.841953786901513
2025010515_2994_57199_20,36.65284293416273,29.428882850562193
2025010515_2994_57199_21,36.63438761313638,29.407898414031735
2025010515_2994_57199_22,36.59542511290886,29.364547829771855
2025010515_2994_57199_23,36.56054801936559,29.32679688523159
2025010515_2994_57199_24,36.53331892670397,29.29798885078706
2025010515_2994_57199_25,36.535678059880304,29.300462253650476
2025010515_2994_57199_26,36.52302190006436,29.287242397224507
2025010515_2994_57199_27,36.488880985731015,29.25217573036697
2025010515_2994_57199_3,35.08851143590234,31.593383700953215
2025010515_2994_57199_4,35.61197521999908,31.267903860155407
2025010515_2994_57199_5,36.139725629681095,30.909566735569676
2025010515_2994_57199_6,36.68849253608257,30.457387215335384
2025010515_2994_57199_7,37.17482198714608,30.18782652534852
2025010515_2994_57199_8,37.08854987152307,30.033302246604546
2025010515_2994_57199_9,37.058427054329044,29.98289709589745
2025010515_3171_42771_1,53.106790292986965,19.2185413524036
2025010515_3171_42771_10,55.82674720339398,20.058491797479352
2025010515_3171_42771_11,56.18059613165298,20.079860758088888
2025010515_3171_42771_12,56.56497784515935,20.09632530730254
2025010515_3171_42771_13,56.71679427507689,20.113670862256313
2025010515_3171_42771_14,56.74108151921636,20.017083928677945
2025010515_3171_42771_15,56.76036350274157,19.932055387980324
2025010515_3171_42771_16,56.76918274916825,19.890004111628176
2025010515_3171_42771_17,56.77962161693701,19.837043471092155
2025010515_3171_42771_18,56.78945969933389,19.783294509803863
2025010515_3171_42771_19,56.7943972838504,19.754627765861148
2025010515_3171_42771_2,53.32787729689361,19.36913864697976
2025010515_3171_42771_20,56.80678801124012,19.67636902553463
2025010515_3171_42771_21,56.816430591533546,19.6071347624622
2025010515_3171_42771_22,56.81992450341427,19.57959109182149
2025010515_3171_42771_23,56.824354323873074,19.5422252849094
2025010515_3171_42771_24,56.82748399949267,19.51381721741782
2025010515_3171_42771_25,56.829817915205794,19.49130955857915
2025010515_3171_42771_26,56.83245017071862,19.464286838859234
2025010515_3171_42771_27,56.83230659901676,19.46581132424071
2025010515_3171_42771_28,56.83379251685549,19.449718198936665
2025010515_3171_42771_3,53.56989290588073,19.481392739379253
2025010515_3171_42771_4,53.84264337818687,19.59606809843955
2025010515_3171_42771_5,54.06229094673392,19.713802516946455
2025010515_3171_42771_6,54.36479406133023,19.761975236404194
2025010515_3171_42771_7,54.67149840023246,19.80455906512091
2025010515_3171_42771_8,55.0709027151685,19.95945059185016
2025010515_3171_42771_9,55.45654048310539,20.01583251189224
2025010515_3171_46095_1,61.285944346230494,14.450634368166533
2025010515_3171_46095_10,64.25342646640473,15.595334018905199
2025010515_3171_46095_11,64.25096468425005,15.603312672844284
2025010515_3171_46095_12,64.25322840345974,15.595978135416901
2025010515_3171_46095_13,64.25380339275031,15.594107155923682
2025010515_3171_46095_14,64.26358064772704,15.56177905803739
2025010515_3171_46095_15,64.27385069325273,15.526712179376636
2025010515_3171_46095_16,64.27834047993126,15.510997502528047
2025010515_3171_46095_17,64.28686662568202,15.480462084046447
2025010515_3171_46095_18,64.29367619969169,15.45537733408455
2025010515_3171_46095_19,64.30270421806463,15.421080436021182
2025010515_3171_46095_2,61.98300765910464,14.599162378550488
2025010515_3171_46095_20,64.30303980293051,15.419781318547171
2025010515_3171_46095_21,64.30983741411804,15.393068157946752
2025010515_3171_46095_22,64.3086132393671,15.397936265513328
2025010515_3171_46095_23,64.31577685769415,15.369072290296467
2025010515_3171_46095_24,64.31726695476837,15.362950487759477
2025010515_3171_46095_25,64.31862232967849,15.357345388384594
2025010515_3171_46095_26,64.32138371211244,15.345814671036322
2025010515_3171_46095_27,64.32650720932635,15.324008610394689
2025010515_3171_46095_28,64.33175858448107,15.30106750503483
2025010515_3171_46095_3,62.77769305951704,14.76776456666596
2025010515_3171_46095_4,63.62405867597795,15.003273631680155
2025010515_3171_46095_5,64.34424389745182,15.243829297404037
2025010515_3171_46095_6,64.32694909552754,15.322101849497656
2025010515_3171_46095_7,64.30296628414848,15.420066078741373
2025010515_3171_46095_8,64.29470107967691,15.45154523155512
2025010515_3171_46095_9,64.26781386460537,15.547468288087423
2025010515_3171_48000_1,61.68861812915058,12.498780129078096
2025010515_3171_48000_10,64.76444552971249,13.292849393986979
2025010515_3171_48000_11,64.77189415991265,13.260466901615011
2025010515_3171_48000_12,64.7834701950567,13.207496847367327
2025010515_3171_48000_13,64.78987455848012,13.17660746028407
2025010515_3171_48000_14,64.79674629843308,13.14201280024821
2025010515_3171_48000_15,64.8031618936301,13.108174099028517
2025010515_3171_48000_16,64.80826906160078,13.08002628410517
2025010515_3171_48000_17,64.81187407862207,13.05943266648535
2025010515_3171_48000_18,64.81432717673655,13.045043699960669
2025010515_3171_48000_19,64.81502419790266,13.040896419995217
2025010515_3171_48000_2,62.387413810222235,12.7158737275608
2025010515_3171_48000_20,64.81524250062279,13.039592003650426
2025010515_3171_48000_21,64.81761773119412,13.025224184575974
2025010515_3171_48000_22,64.81921541327726,13.015372032382029
2025010515_3171_48000_23,64.82107846221425,13.003681798216567
2025010515_3171_48000_24,64.82206605916708,12.997392795535808
2025010515_3171_48000_25,64.82436840713866,12.982470331737286
2025010515_3171_48000_26,64.82614843496079,12.970668740121972
2025010515_3171_48000_27,64.82690956059733,12.965548229656148
2025010515_3171_48000_28,64.82772894205273,12.959984156023374
2025010515_3171_48000_3,63.14756757024805,12.883827896608548
2025010515_3171_48000_4,63.98997795269177,13.062000066426942
2025010515_3171_48000_5,64.77318975919317,13.25470549542659
2025010515_3171_48000_6,64.780126733318,13.22315415517679
2025010515_3171_48000_7,64.78573840798038,13.196696222758073
2025010515_3171_48000_8,64.76843287724807,13.275667963919295
2025010515_3171_48000_9,64.76361933704023,13.29636698883493
2025010515_3171_54718_1,67.58730146630992,20.318719620336648
2025010515_3171_54718_10,70.88622291899584,19.424173337921452
2025010515_3171_54718_11,70.90034020393581,19.478938775504165
2025010515_3171_54718_12,70.91597458042885,19.54369868771352
2025010515_3171_54718_13,70.93677367725661,19.638283324583206
2025010515_3171_54718_14,70.95208035106637,19.716008097621142
2025010515_3171_54718_15,70.95909523553544,19.754637702070397
2025010515_3171_54718_16,70.97209297680321,19.83277953476678
2025010515_3171_54718_17,70.97345484855501,19.841563675938986
2025010515_3171_54718_18,70.97546356952728,19.854762274261343
2025010515_3171_54718_19,70.97759109907126,19.86907600105362
2025010515_3171_54718_2,68.03161533341634,20.085708200922245
2025010515_3171_54718_20,70.97950539386412,19.88227027912837
2025010515_3171_54718_21,70.98406181290257,19.915010333288944
2025010515_3171_54718_22,70.98520585993408,19.92355675676822
2025010515_3171_54718_23,70.9872951622367,19.939540309433582
2025010515_3171_54718_24,70.98856437197577,19.949503421106083
2025010515_3171_54718_25,70.9904148231045,19.96440126393077
2025010515_3171_54718_26,70.99024579327744,19.96302121097246
2025010515_3171_54718_27,70.99214464960103,19.978760270514197
2025010515_3171_54718_28,70.9942845124654,19.997161602801185
2025010515_3171_54718_3,68.56484225685611,19.897741877780344
2025010515_3171_54718_4,69.1156142084591,19.70798006812075
2025010515_3171_54718_5,69.66405492241327,19.546153794845907
2025010515_3171_54718_6,70.291619411529,19.437993914140307
2025010515_3171_54718_7,70.85847396055264,19.369158830631644
2025010515_3171_54718_8,70.8756608088681,19.385162112357683
2025010515_3171_54718_9,70.87724685159176,19.390921756485696
2025010515_3237_46122_1,61.084835366521716,36.56961636696014
2025010515_3237_46122_10,62.19475541712845,40.114257951543436
2025010515_3237_46122_11,62.06489387502087,40.157358854946395
2025010515_3237_46122_12,61.97752087611634,40.183617763119344
2025010515_3237_46122_13,61.941265994840684,40.19387975529829
2025010515_3237_46122_14,61.91555562673497,40.20093426924143
2025010515_3237_46122_15,61.98010078562753,40.18287343608259
2025010515_3237_46122_16,61.9672282873392,40.1865686118231
2025010515_3237_46122_2,61.26574649198343,36.894144425888086
2025010515_3237_46122_3,61.44610305790981,37.19922460253104
2025010515_3237_46122_4,61.65561810144701,37.591281326015675
2025010515_3237_46122_5,61.800126755555134,38.01139059051768
2025010515_3237_46122_6,61.96663722788183,38.513593434940745
2025010515_3237_46122_7,62.06425548659578,38.95815693357541
2025010515_3237_46122_8,62.16046234527795,39.6002664236407
2025010515_3237_46122_9,62.25013529422122,40.09090204359123
2025010515_3237_47788_1,52.42617673311369,38.30277832294124
2025010515_3237_47788_10,53.67908056957267,41.63600437977124
2025010515_3237_47788_11,53.6901817130431,41.631739089676046
2025010515_3237_47788_12,53.72988991600132,41.61617085674456
2025010515_3237_47788_13,53.67673109927231,41.6369022425492
2025010515_3237_47788_14,53.724761338290506,41.61820911126359
2025010515_3237_47788_15,53.805387146129995,41.58520973971002
2025010515_3237_47788_16,53.88542453212278,41.55039540320374
2025010515_3237_47788_2,52.59656828873269,38.76313199333286
2025010515_3237_47788_3,52.764931805607056,39.22460346344185
2025010515_3237_47788_4,52.92827397806741,39.6897631784079
2025010515_3237_47788_5,53.12140433454193,40.17690852535904
2025010515_3237_47788_6,53.32449045994608,40.7136701053856
2025010515_3237_47788_7,53.52538219449211,41.25503706550966
2025010515_3237_47788_8,53.697062392897216,41.62907635092962
2025010515_3237_47788_9,53.68565466562596,41.63348304952177
2025010515_3237_48103_1,51.08994820196723,46.669335751969456
2025010515_3237_48103_10,52.34011967990642,47.684507682649304
2025010515_3237_48103_11,52.685472855872945,47.80113110498689
2025010515_3237_48103_12,52.97939528082834,47.918082630579285
2025010515_3237_48103_13,53.21774476427019,48.06736727626238
2025010515_3237_48103_14,53.474607107373004,48.155783834049465
2025010515_3237_48103_15,53.805213495542276,48.24223703140663
2025010515_3237_48103_16,54.27618774383605,48.28561622834042
2025010515_3237_48103_2,51.113671798756684,46.790860354582776
2025010515_3237_48103_3,51.1566945252644,46.887121878982036
2025010515_3237_48103_4,51.23547385936794,46.9851491416245
2025010515_3237_48103_5,51.32586585831332,47.03536219366977
2025010515_3237_48103_6,51.47440879835955,47.083383454544624
2025010515_3237_48103_7,51.63833629564923,47.16062023722637
2025010515_3237_48103_8,51.85129578550853,47.293709146965895
2025010515_3237_48103_9,52.08966421233309,47.50154145240002
2025010515_3237_53074_1,50.8943641511552,47.553361252366045
2025010515_3237_53074_10,53.67885159248484,49.22423190063015
2025010515_3237_53074_11,53.6920183527191,49.20084797569493
2025010515_3237_53074_12,53.73143292732068,49.128558351458715
2025010515_3237_53074_13,53.73981878350609,49.11270850643291
2025010515_3237_53074_14,53.77013969310192,49.05391312754749
2025010515_3237_53074_15,53.78186937052936,49.0305088633488
2025010515_3237_53074_16,53.815329978260486,48.96154583587207
2025010515_3237_53074_2,51.43434967410232,47.931915827055754
2025010515_3237_53074_3,52.003067831373635,48.3696598824708
2025010515_3237_53074_4,52.62510909823741,48.76123689062086
2025010515_3237_53074_5,53.19919737692655,49.087718114282396
2025010515_3237_53074_6,53.62163152585338,49.3218199007844
2025010515_3237_53074_7,53.64583700643392,49.28130680230498
2025010515_3237_53074_8,53.645710291610534,49.28152174152512
2025010515_3237_53074_9,53.668983946330066,49.24151961579702
2025010515_3290_46122_1,80.34295320561809,32.5404169723991
2025010515_3290_46122_10,82.03305363655217,35.72110664888097
2025010515_3290_46122_11,81.89448736551756,35.8056968406054
2025010515_3290_46122_12,81.79179964047698,35.86354836805644
2025010515_3290_46122_13,81.67550555946805,35.9243754399782
2025010515_3290_46122_14,81.60037584586712,35.961136517629456
2025010515_3290_46122_15,81.49648032745606,36.008823766041154
2025010515_3290_46122_16,81.43350360112932,36.03600414558615
2025010515_3290_46122_17,81.40850392292576,36.04644095821921
2025010515_3290_46122_18,81.33095692452055,36.07756274302471
2025010515_3290_46122_2,80.73604648827613,32.87150643490159
2025010515_3290_46122_3,81.11838504615528,33.22359230647965
2025010515_3290_46122_4,81.45149265444356,33.614652535262
2025010515_3290_46122_5,81.73013464772268,34.06717177422045
2025010515_3290_46122_6,82.01960755483086,34.5664197851232
2025010515_3290_46122_7,82.2462920801369,35.11326206936092
2025010515_3290_46122_8,82.29971255668606,35.53512027135802
2025010515_3290_46122_9,82.18298408988886,35.62051437570893
2025010515_3290_48103_1,67.25669138547346,42.6315243780856
2025010515_3290_48103_10,70.12134415577984,44.355693869377326
2025010515_3290_48103_11,70.10433615235718,44.38382068295397
2025010515_3290_48103_12,70.10637012618646,44.38048435728335
2025010515_3290_48103_13,70.11452663650411,44.36703103892366
2025010515_3290_48103_14,70.08562469820434,44.41417428537589
2025010515_3290_48103_15,70.05734201279009,44.458936721837574
2025010515_3290_48103_16,70.03284979073143,44.496669132256095
2025010515_3290_48103_17,70.0141273924715,44.524899341233365
2025010515_3290_48103_18,70.01438802572038,44.52450989084045
2025010515_3290_48103_2,67.75396598276184,43.053102947560774
2025010515_3290_48103_3,68.3541536675604,43.45313946413951
2025010515_3290_48103_4,68.95594419269578,43.85926536190796
2025010515_3290_48103_5,69.57922324251166,44.20868098443001
2025010515_3290_48103_6,70.0694102164152,44.43999686663053
2025010515_3290_48103_7,70.07992814998872,44.42329629065613
2025010515_3290_48103_8,70.07612031631987,44.429363567690075
2025010515_3290_48103_9,70.10591971468331,44.38122379931565
2025010515_3290_53074_1,66.38931509026385,43.85657599189775
2025010515_3290_53074_10,68.99953239819757,45.86723727034414
2025010515_3290_53074_11,69.00285915940846,45.8627580703473
2025010515_3290_53074_12,69.02162724320577,45.83724104855025
2025010515_3290_53074_13,69.05787883484103,45.78672233283463
2025010515_3290_53074_14,69.06756042348022,45.77294519568965
2025010515_3290_53074_15,69.08548158946873,45.74711294237246
2025010515_3290_53074_16,69.11138853723487,45.70898590949446
2025010515_3290_53074_17,69.12959881369002,45.68160844920258
2025010515_3290_53074_18,69.14634571962031,45.655992511564875
2025010515_3290_53074_2,66.85495555761534,44.38563094917056
2025010515_3290_53074_3,67.43247059410925,44.859913090590794
2025010515_3290_53074_4,68.02269351123314,45.343021281857936
2025010515_3290_53074_5,68.67153653302374,45.7927921400243
2025010515_3290_53074_6,68.95518487625111,45.92573193526013
2025010515_3290_53074_7,68.97925842609384,45.89425572207864
2025010515_3290_53074_8,68.98682246336918,45.88423088277692
2025010515_3290_53074_9,69.00830754755276,45.85539397350524
2025010515_3504_47788_1,37.90362527531624,37.29225168548902
2025010515_3504_47788_10,40.37740931887116,40.03274048017109
2025010515_3504_47788_11,40.37447165251792,40.03540249322545
2025010515_3504_47788_12,40.41455794460698,39.998614690682096
2025010515_3504_47788_13,40.46942845738916,39.94659129009585
2025010515_3504_47788_14,40.53510982786844,39.88164543770483
2025010515_3504_47788_15,40.56475320544897,39.851329539583695
2025010515_3504_47788_16,40.62643595429741,39.7861266329664
2025010515_3504_47788_17,40.64285922834448,39.76826284442062
2025010515_3504_47788_18,40.64090614063734,39.77039866485466
2025010515_3504_47788_2,38.115256380754765,37.62400522396996
2025010515_3504_47788_3,38.382714554129166,37.908157478379295
2025010515_3504_47788_4,38.63355848030629,38.23278942538017
2025010515_3504_47788_5,38.92705770674681,38.52856419778306
2025010515_3504_47788_6,39.27518119551175,38.84655901886723
2025010515_3504_47788_7,39.61460804825053,39.124756991068516
2025010515_3504_47788_8,40.030118277956255,39.57412294644657
2025010515_3504_47788_9,40.37762976393902,39.98912240590338
2025010515_3504_48103_1,40.00702845675475,42.404605078753036
2025010515_3504_48103_10,42.965248566589906,43.97308691276774
2025010515_3504_48103_11,42.97654128491811,43.95101719013781
2025010515_3504_48103_12,42.98865568452731,43.92695928649769
2025010515_3504_48103_13,42.98768887195636,43.92889416553345
2025010515_3504_48103_14,43.002346941976406,43.8992735570322
2025010515_3504_48103_15,42.999205015854294,43.90567475888577
2025010515_3504_48103_16,43.00242406351298,43.89911607004565
2025010515_3504_48103_17,43.00374371145917,43.89641855386113
2025010515_3504_48103_18,43.00825298988451,43.887162104896724
2025010515_3504_48103_2,40.526305035998334,42.74698750127479
2025010515_3504_48103_3,41.07264924035049,43.073687248791785
2025010515_3504_48103_4,41.73687337525941,43.38396115620819
2025010515_3504_48103_5,42.40638535968042,43.68440987928848
2025010515_3504_48103_6,42.97487123081481,43.95430237493888
2025010515_3504_48103_7,43.008668472403514,43.88630616609142
2025010515_3504_48103_8,43.00532738544202,43.89317454678381
2025010515_3504_48103_9,42.98503620868189,43.93418954032549
2025010515_3504_54718_1,56.18689734883056,30.411859574414134
2025010515_3504_54718_10,58.89031234592983,32.36006339300989
2025010515_3504_54718_11,58.92288032219564,32.81615476163205
2025010515_3504_54718_12,58.79453203931808,32.97876000031394
2025010515_3504_54718_13,58.657016395871786,33.13549897631731
2025010515_3504_54718_14,58.50994800229907,33.28638974050415
2025010515_3504_54718_15,58.33168371160859,33.44970430743965
2025010515_3504_54718_16,58.18818147675777,33.567710310335094
2025010515_3504_54718_17,58.068955933307514,33.6576544014733
2025010515_3504_54718_18,57.95141527369127,33.73975690018672
2025010515_3504_54718_2,56.567647848147956,30.413258244080946
2025010515_3504_54718_3,56.94212525308759,30.464652249128164
2025010515_3504_54718_4,57.31068900223626,30.50722454292491
2025010515_3504_54718_5,57.61947643342272,30.630559235258144
2025010515_3504_54718_6,57.92690662837642,30.793905362720704
2025010515_3504_54718_7,58.210431943128214,31.08814528856374
2025010515_3504_54718_8,58.49966999839001,31.395249950779093
2025010515_3504_54718_9,58.70477111276336,31.78334079298161
2025010515_3504_55112_1,39.50542505123034,43.19189885875209
2025010515_3504_55112_10,42.33088089305277,44.800688716903984
2025010515_3504_55112_11,42.34516245161925,44.7732539220186
2025010515_3504_55112_12,42.37011124612657,44.72404132949829
2025010515_3504_55112_13,42.38848349843465,44.68668729642529
2025010515_3504_55112_14,42.40584666190078,44.650454009209525
2025010515_3504_55112_15,42.41130555229612,44.638866120949295
2025010515_3504_55112_16,42.41870221104114,44.623009288026985
2025010515_3504_55112_17,42.41653554508254,44.62767293639879
2025010515_3504_55112_18,42.42737788954791,44.604176099043606
2025010515_3504_55112_2,40.09949044860364,43.55833016396486
2025010515_3504_55112_3,40.738163563081535,43.88343686960339
2025010515_3504_55112_4,41.426777003139,44.206095389567
2025010515_3504_55112_5,42.16246135709614,44.54595125027972
2025010515_3504_55112_6,42.40478378787387,44.652699088259304
2025010515_3504_55112_7,42.43271278351889,44.59246590790492
2025010515_3504_55112_8,42.425984636579805,44.60721795892307
2025010515_3504_55112_9,42.3595817315096,44.74501697002353
2025010515_3527_46122_1,44.1859491181491,39.23786143358076
2025010515_3527_46122_10,44.51870556818466,43.034330837554485
2025010515_3527_46122_11,44.60248741146494,43.05762547095043
2025010515_3527_46122_12,44.68690581386304,43.047750810707726
2025010515_3527_46122_13,44.75194758573062,43.03889832645105
2025010515_3527_46122_14,44.788752553420004,43.033406167939816
2025010515_3527_46122_15,44.93427435096483,43.00824008984642
2025010515_3527_46122_16,45.152603525559776,42.959953914941345
2025010515_3527_46122_17,45.307727020168024,42.91773784513519
2025010515_3527_46122_2,44.19155912740349,39.522851811435466
2025010515_3527_46122_3,44.1928708236884,39.84875717089853
2025010515_3527_46122_4,44.2169719227311,40.23089610677572
2025010515_3527_46122_5,44.249457739828244,40.647735683747115
2025010515_3527_46122_6,44.261170449906615,41.111082088712365
2025010515_3527_46122_7,44.281229195764105,41.49369268773522
2025010515_3527_46122_8,44.31905323385043,42.0660047984586
2025010515_3527_46122_9,44.38023260795487,42.53936349641073
2025010515_3527_48103_1,45.913591642755634,42.087409329072315
2025010515_3527_48103_10,49.24394000687864,41.13633785790245
2025010515_3527_48103_11,49.27154326056157,41.230363713085396
2025010515_3527_48103_12,49.29472006715803,41.316750584614894
2025010515_3527_48103_13,49.31928576335254,41.418052391832234
2025010515_3527_48103_14,49.33985989067074,41.51332036707921
2025010515_3527_48103_15,49.352663419474844,41.579138570504355
2025010515_3527_48103_16,49.372038551510315,41.69243114766349
2025010515_3527_48103_17,49.38498540539836,41.7818989348827
2025010515_3527_48103_2,46.371791303607885,41.93963833723042
2025010515_3527_48103_3,46.860034474109476,41.772928098997866
2025010515_3527_48103_4,47.406674133169176,41.58396590620488
2025010515_3527_48103_5,47.970474020845046,41.361432177573654
2025010515_3527_48103_6,48.58034186280935,41.14237868607546
2025010515_3527_48103_7,49.17904434658203,40.96145663216568
2025010515_3527_48103_8,49.21153981660724,41.035548816516716
2025010515_3527_48103_9,49.23057828847003,41.093655843340045
2025010515_3527_56012_1,42.81737368281821,38.342910397338244
2025010515_3527_56012_10,43.568760121466525,41.94339787164353
2025010515_3527_56012_11,43.46292775094657,41.968006429327524
2025010515_3527_56012_12,43.37678928769756,41.98581637220493
2025010515_3527_56012_13,43.31213833596047,41.997893060657525
2025010515_3527_56012_14,43.33574909547129,41.993610078594806
2025010515_3527_56012_15,43.30561204921638,41.99905113916854
2025010515_3527_56012_16,43.35162098248357,41.990648587490384
2025010515_3527_56012_17,43.32363716976342,41.99582545216783
2025010515_3527_56012_2,43.048911250739565,38.8062854086752
2025010515_3527_56012_3,43.248278053860474,39.294167092583
2025010515_3527_56012_4,43.44504197939494,39.81968932647674
2025010515_3527_56012_5,43.58444946890226,40.40408447052348
2025010515_3527_56012_6,43.725285263555044,40.98809606814829
2025010515_3527_56012_7,43.76731830452906,41.57131316585424
2025010515_3527_56012_8,43.744566569590894,41.895721405311754
2025010515_3527_56012_9,43.6358884181839,41.92620653269276
2025010515_358_43366_1,110.27249834696875,37.83258085865535
2025010515_358_43366_10,111.15716021701414,41.49178260396344
2025010515_358_43366_11,111.2953394862071,41.46149673458247
2025010515_358_43366_2,110.17849206820267,38.248070613667224
2025010515_358_43366_3,110.18238304425401,38.692076819789655
2025010515_358_43366_4,110.22327938875304,39.176723085332256
2025010515_358_43366_5,110.30504082536801,39.70351778685224
2025010515_358_43366_6,110.40638650682097,40.24541397858354
2025010515_358_43366_7,110.54495233423907,40.788300790536724
2025010515_358_43366_8,110.7666477793292,41.44745362835009
2025010515_358_43366_9,110.97898726485803,41.52337001952015
2025010515_358_44872_1,110.30934361095561,43.595044221710666
2025010515_358_44872_10,112.34036622935025,46.47530364380985
2025010515_358_44872_11,112.40545296419626,46.42826400640023
2025010515_358_44872_2,110.50373133484489,44.085864602969295
2025010515_358_44872_3,110.77693752563628,44.5940015508319
2025010515_358_44872_4,111.08045925726431,45.131912061616895
2025010515_358_44872_5,111.38873503126833,45.62968836534087
2025010515_358_44872_6,111.77644832452218,46.14934383039025
2025010515_358_44872_7,112.14396681689996,46.60575386284781
2025010515_358_44872_8,112.16325628090932,46.5936692568809
2025010515_358_44872_9,112.23789777108273,46.54544411322509
2025010515_358_53518_1,114.29768586568389,42.05024459292481
2025010515_358_53518_10,115.42328192049983,45.28274173441273
2025010515_358_53518_11,115.38285803348504,45.29837866147172
2025010515_358_53518_2,114.57846137531108,42.67638246746664
2025010515_358_53518_3,114.85914653601397,43.329045073288434
2025010515_358_53518_4,115.16410990489346,44.008370549218974
2025010515_358_53518_5,115.40010749714246,44.6718889551545
2025010515_358_53518_6,115.63238505901188,45.19361090575117
2025010515_358_53518_7,115.61256726029822,45.20266680471745
2025010515_358_53518_8,115.54814738210061,45.231210684873176
2025010515_358_53518_9,115.4889523560882,45.25625549614909
2025010515_3636_44872_1,55.67897873544573,32.05060556616901
2025010515_3636_44872_10,52.363467546735585,31.743647119500448
2025010515_3636_44872_11,52.36340614392998,31.74411902439847
2025010515_3636_44872_2,55.19873945250131,31.961489529945343
2025010515_3636_44872_3,54.66533640632102,31.849495648603934
2025010515_3636_44872_4,54.040338094506964,31.779718120221972
2025010515_3636_44872_5,53.42958994977579,31.727529761736353
2025010515_3636_44872_6,52.87930218663552,31.59688378656644
2025010515_3636_44872_7,52.403195881181865,31.498285215823575
2025010515_3636_44872_8,52.39369896545577,31.548990741659427
2025010515_3636_44872_9,52.37635620829611,31.65279264800128
2025010515_3636_54500_1,58.64919244098941,33.20641937539605
2025010515_3636_54500_10,58.22054092146205,36.84345605533643
2025010515_3636_54500_11,58.25870504569523,36.848463603057056
2025010515_3636_54500_2,58.560653650700615,33.67044021667387
2025010515_3636_54500_3,58.46386937727634,34.20158950507046
2025010515_3636_54500_4,58.415428707588674,34.70929733062647
2025010515_3636_54500_5,58.32406396160723,35.25974177557217
2025010515_3636_54500_6,58.23207058405208,35.893387904167284
2025010515_3636_54500_7,58.173568614952224,36.59794633039545
2025010515_3636_54500_8,58.18875648194516,36.83899998018191
2025010515_3636_54500_9,58.20615065196054,36.84147080005347
2025010515_3636_54509_1,59.38684328985956,33.78978145386176
2025010515_3636_54509_10,58.23732698565641,37.21844907605527
2025010515_3636_54509_11,58.27446434659757,37.232371377296055
2025010515_3636_54509_2,59.12359866127616,34.28480346477306
2025010515_3636_54509_3,58.88738098200368,34.822486048431074
2025010515_3636_54509_4,58.609577437841786,35.33199143646397
2025010515_3636_54509_5,58.38017138547909,35.912061481162944
2025010515_3636_54509_6,58.16020232131455,36.53775394763237
2025010515_3636_54509_7,57.966367098006955,37.103756006312594
2025010515_3636_54509_8,58.07358638737344,37.151960218966586
2025010515_3636_54509_9,58.17144445610966,37.19270822887462
2025010515_3711_42771_1,25.86158424795085,27.635761978093253
2025010515_3711_42771_2,26.07611313997488,27.548633056687045
2025010515_3711_42771_3,26.351872854455856,27.48330793596078
2025010515_3711_42771_4,26.63219935311653,27.46094534994055
2025010515_3711_42771_5,26.867004297921905,27.542913807523657
2025010515_3711_42771_6,27.084718034503183,27.639267297207482
2025010515_3711_42771_7,27.330277500822035,27.7341481530977
2025010515_3711_42771_8,27.521504425505885,27.888627270802907
2025010515_3711_42771_9,27.67165332887044,28.142593551949922
2025010515_3711_47788_1,21.97063455503446,38.82547975238862
2025010515_3711_47788_2,21.870964359812564,38.901919626145464
2025010515_3711_47788_3,21.703946695343653,38.94301203830681
2025010515_3711_47788_4,21.593261032808908,38.95493466124102
2025010515_3711_47788_5,21.434799450605855,38.8861869910258
2025010515_3711_47788_6,21.298268185215672,38.810784165057235
2025010515_3711_47788_7,21.192727884061004,38.73601973646469
2025010515_3711_47788_8,21.12990288539376,38.56828896846499
2025010515_3711_47788_9,21.079841291541882,38.35474273035008
2025010515_3711_48103_1,25.291293778044018,41.08956718576523
2025010515_3711_48103_2,25.850571929188735,40.93498580603862
2025010515_3711_48103_3,26.397270219431537,40.73467843939062
2025010515_3711_48103_4,26.90986145849722,40.48084225624332
2025010515_3711_48103_5,27.387546912212613,40.24141903769008
2025010515_3711_48103_6,27.835140908680458,39.89702550083906
2025010515_3711_48103_7,28.248520945689062,39.51957272371537
2025010515_3711_48103_8,28.22353214741783,39.34539322438952
2025010515_3711_48103_9,28.137360010390736,39.19127898449323
2025010515_3711_57791_1,24.50792022946601,39.80364109768551
2025010515_3711_57791_2,24.947052918984326,39.453587170035505
2025010515_3711_57791_3,25.386532375672047,39.081868753349454
2025010515_3711_57791_4,25.77413632866894,38.611204300090904
2025010515_3711_57791_5,26.156173702751495,38.196195864554824
2025010515_3711_57791_6,26.492705403822416,37.71572488574535
2025010515_3711_57791_7,26.75844793158229,37.187165317523394
2025010515_3711_57791_8,26.620691575312815,37.008084106550214
2025010515_3711_57791_9,26.483501518997066,36.894362870940064
2025010515_3758_48103_1,39.42015200267715,46.44586940176595
2025010515_3758_48103_2,39.84923670034865,46.454300051624045
2025010515_3758_48103_3,40.23134030673214,46.487734546719814
2025010515_3758_48103_4,40.65108376207883,46.491152560568906
2025010515_3758_48103_5,41.08978782324772,46.47363640070496
2025010515_3758_48103_6,41.504410138679155,46.427873872101856
2025010515_3758_48103_7,41.80088934406556,46.36468162034337
2025010515_3758_48103_8,42.09089606324299,46.323162608889426
2025010515_3758_48103_9,42.32920289032757,46.2385323544662
2025010515_3758_48364_1,41.055124487639695,36.172358408024024
2025010515_3758_48364_2,41.31002826379781,36.16853309604114
2025010515_3758_48364_3,41.594603508346005,36.14549912698235
2025010515_3758_48364_4,41.91387233047833,36.134865589393925
2025010515_3758_48364_5,42.11959617667956,36.10682064567149
2025010515_3758_48364_6,42.32666661334211,36.126052791946016
2025010515_3758_48364_7,42.46977348965959,36.15811486507163
2025010515_3758_48364_8,42.568719866521405,36.25274858392424
2025010515_3758_48364_9,42.56018296783462,36.22210654839415
2025010515_3758_53074_1,37.96733413991295,44.2782588576168
2025010515_3758_53074_2,38.129936613427724,43.902477287556025
2025010515_3758_53074_3,38.297440575674536,43.48961585733961
2025010515_3758_53074_4,38.449671044879466,43.028624759580794
2025010515_3758_53074_5,38.591906640951066,42.57719608728526
2025010515_3758_53074_6,38.7332876214894,42.09221972575958
2025010515_3758_53074_7,38.85467609436014,41.61035014178472
2025010515_3758_53074_8,38.868911975928604,41.13966975743706
2025010515_3758_53074_9,38.835684774807135,40.69058846540634
2025010515_3832_48103_1,51.90140623829205,45.42377323982731
2025010515_3832_48103_2,52.12008829104498,45.35625386878631
2025010515_3832_48103_3,52.35879732747314,45.27373281931748
2025010515_3832_48103_4,52.612123204042305,45.193816301037614
2025010515_3832_48103_5,52.79420407278774,45.07105313134957
2025010515_3832_48103_6,52.949109180694286,44.961485086969695
2025010515_3832_48103_7,53.08922459480988,44.72477162357211
2025010515_3832_48103_8,53.18528368357016,44.499387963438046
2025010515_3832_48364_1,52.68739799652046,32.67290653607064
2025010515_3832_48364_2,52.885495473848955,32.72608268430894
2025010515_3832_48364_3,53.11991053003546,32.762152446236705
2025010515_3832_48364_4,53.32855896445459,32.79442286900311
2025010515_3832_48364_5,53.46103483620146,32.84238648726091
2025010515_3832_48364_6,53.587880100051365,32.860309400478634
2025010515_3832_48364_7,53.61322260823545,32.91545210969598
2025010515_3832_48364_8,53.606325397616736,32.963607064820536
2025010515_3832_53074_1,49.72796574623384,42.11350119441032
2025010515_3832_53074_2,49.85852503419829,41.71642541832845
2025010515_3832_53074_3,50.005052588671134,41.26724482935747
2025010515_3832_53074_4,50.07697848997274,40.80236481198208
2025010515_3832_53074_5,50.13643333366691,40.343147965628944
2025010515_3832_53074_6,50.209093913560515,39.87343629381644
2025010515_3832_53074_7,50.281975560431675,39.34022589737848
2025010515_3832_53074_8,50.268463852046885,38.844269420217096
2025010515_3902_42771_1,74.55884987170512,27.087548137265024
2025010515_3902_42771_10,74.96984236015193,30.706837379805595
2025010515_3902_42771_11,75.01134363941534,30.702132320754522
2025010515_3902_42771_12,74.99767816573758,30.70373007344574
2025010515_3902_42771_13,75.06706365337953,30.69512344136803
2025010515_3902_42771_14,75.11563684659954,30.688363578656837
2025010515_3902_42771_15,75.29839277554842,30.65744705858602
2025010515_3902_42771_16,75.45972594935283,30.622827273086624
2025010515_3902_42771_17,75.60787362279382,30.5848211275935
2025010515_3902_42771_18,75.6736633829935,30.56598844289966
2025010515_3902_42771_19,75.67112765866113,30.56673692345615
2025010515_3902_42771_2,74.63484694224344,27.52231415128316
2025010515_3902_42771_20,75.80299386938226,30.525371719068215
2025010515_3902_42771_21,75.83389518943049,30.51494851203668
2025010515_3902_42771_22,75.91679967132511,30.485585528920765
2025010515_3902_42771_23,76.01347155940726,30.448720420200736
2025010515_3902_42771_24,76.11691793217432,30.406048127430747
2025010515_3902_42771_25,76.2218891772245,30.359221513704437
2025010515_3902_42771_26,76.31579160956669,30.31421039552543
2025010515_3902_42771_27,76.39397665294011,30.274399888606396
2025010515_3902_42771_28,76.44535064992075,30.247049743868654
2025010515_3902_42771_29,76.51360850333502,30.20920529367897
2025010515_3902_42771_3,74.65414524122258,27.967044750170242
2025010515_3902_42771_30,76.56083497949103,30.181988700106867
2025010515_3902_42771_4,74.65517890963848,28.420015927402833
2025010515_3902_42771_5,74.6994968675818,28.85752855080467
2025010515_3902_42771_6,74.73298991661568,29.371865010082228
2025010515_3902_42771_7,74.78266606329989,29.851164311202684
2025010515_3902_42771_8,74.84948691758915,30.29066004771597
2025010515_3902_42771_9,74.91783120705374,30.71211546529936
2025010515_3902_46122_1,76.93495902720176,34.685274944338694
2025010515_3902_46122_10,77.66173878463223,36.64002303305255
2025010515_3902_46122_11,77.80576941062245,36.73884613333096
2025010515_3902_46122_12,77.9656214414731,36.7935449481459
2025010515_3902_46122_13,78.13610404574598,36.9386091397031
2025010515_3902_46122_14,78.31315571982657,37.0584367662548
2025010515_3902_46122_15,78.63676588675243,37.1515114074499
2025010515_3902_46122_16,78.96217336424243,37.16338321567337
2025010515_3902_46122_17,79.36399601704669,37.17443931411674
2025010515_3902_46122_18,79.68136870928271,37.17312654679694
2025010515_3902_46122_19,79.89816643136444,37.047828931377445
2025010515_3902_46122_2,77.0162688072158,34.98662477494087
2025010515_3902_46122_20,80.0483343618533,36.867385406857586
2025010515_3902_46122_21,80.10321568254463,36.79570642840483
2025010515_3902_46122_22,80.20475692891546,36.65357086438065
2025010515_3902_46122_23,80.29357351628727,36.51746518024587
2025010515_3902_46122_24,80.36270220137739,36.40242189974447
2025010515_3902_46122_25,80.44080008298455,36.26084248993208
2025010515_3902_46122_26,80.50835301450704,36.12620639632056
2025010515_3902_46122_27,80.564355884403,36.00390023144867
2025010515_3902_46122_28,80.58991665716182,35.944187509080336
2025010515_3902_46122_29,80.6043765076736,35.90917019894906
2025010515_3902_46122_3,77.09943539143602,35.22067957234931
2025010515_3902_46122_30,80.63037187039934,35.84371940089942
2025010515_3902_46122_4,77.12218694901799,35.496707748226704
2025010515_3902_46122_5,77.2044676962839,35.74225682763403
2025010515_3902_46122_6,77.29209651626968,35.94457091435251
2025010515_3902_46122_7,77.37671928348314,36.10380109538097
2025010515_3902_46122_8,77.47042778379928,36.39282242211286
2025010515_3902_46122_9,77.54941553364706,36.55797890141911
2025010515_3902_47788_1,72.59133878377409,43.50619627023805
2025010515_3902_47788_10,71.7740434046687,42.31473371195229
2025010515_3902_47788_11,71.7407045601623,42.16069943784773
2025010515_3902_47788_12,71.6341535341762,41.96772500808577
2025010515_3902_47788_13,71.6519068902056,41.60040854986324
2025010515_3902_47788_14,71.59441231725889,41.289758744822116
2025010515_3902_47788_15,71.64024783732,40.95345956886016
2025010515_3902_47788_16,71.77967429367908,40.82424973868055
2025010515_3902_47788_17,72.03386855872488,40.6623263343791
2025010515_3902_47788_18,72.20328179406812,40.5162733510601
2025010515_3902_47788_19,72.27232990612433,40.44443096282797
2025010515_3902_47788_2,72.53707421015574,43.46324883043065
2025010515_3902_47788_20,72.3522214703121,40.30432184066217
2025010515_3902_47788_21,72.44719206523492,40.09266429710006
2025010515_3902_47788_22,72.5784631058901,39.84770542170476
2025010515_3902_47788_23,72.6809987160826,39.7153394715192
2025010515_3902_47788_24,72.94431389209495,39.55468581199185
2025010515_3902_47788_25,73.18180582644897,39.5226889046505
2025010515_3902_47788_26,73.44186499012622,39.527523218602866
2025010515_3902_47788_27,73.51664538510244,39.54217876585813
2025010515_3902_47788_28,73.53178561251367,39.54532652612437
2025010515_3902_47788_29,73.6171118027243,39.56421404882683
2025010515_3902_47788_3,72.39414970913799,43.3711472323347
2025010515_3902_47788_30,73.64789463117845,39.57151010534852
2025010515_3902_47788_4,72.30266349234373,43.25176269118932
2025010515_3902_47788_5,72.22483618733219,43.13918017536228
2025010515_3902_47788_6,72.08162596546845,43.00686823228787
2025010515_3902_47788_7,71.96364539055182,42.81334035133367
2025010515_3902_47788_8,71.88000094588735,42.638256414312664
2025010515_3902_47788_9,71.83219278342479,42.47448910372536
2025010515_3902_48000_1,80.79540589377295,13.588776864133381
2025010515_3902_48000_10,84.04644610195987,14.809214412897283
2025010515_3902_48000_11,84.00939926807878,14.91851752241317
2025010515_3902_48000_12,83.99945720837275,14.946192335805662
2025010515_3902_48000_13,83.98108531194048,14.995726205444825
2025010515_3902_48000_14,83.95234953376496,15.069449878027141
2025010515_3902_48000_15,83.92250838973192,15.14177205748918
2025010515_3902_48000_16,83.9201830780376,15.147243603313063
2025010515_3902_48000_17,83.92022342820249,15.14714885014458
2025010515_3902_48000_18,83.91091549714544,15.16882957324486
2025010515_3902_48000_19,83.89250027741507,15.210718161879257
2025010515_3902_48000_2,81.2996050018509,13.67725179415767
2025010515_3902_48000_20,83.87921847927991,15.240147240478242
2025010515_3902_48000_21,83.85616082660253,15.289789716937506
2025010515_3902_48000_22,83.84165947536111,15.320129024969539
2025010515_3902_48000_23,83.83873976231932,15.326159249066887
2025010515_3902_48000_24,83.824264462939,15.355682477165505
2025010515_3902_48000_25,83.8276741702749,15.348783211120635
2025010515_3902_48000_26,83.81258609726883,15.379063250028015
2025010515_3902_48000_27,83.80500082188715,15.394047722620293
2025010515_3902_48000_28,83.7918228674466,15.419715825415283
2025010515_3902_48000_29,83.79085870188048,15.421576085661302
2025010515_3902_48000_3,81.87400380248322,13.798110493576344
2025010515_3902_48000_30,83.79766213515015,15.40839824221062
2025010515_3902_48000_4,82.55289007297159,13.981981372315092
2025010515_3902_48000_5,83.18751161160995,14.182040112925277
2025010515_3902_48000_6,83.80906696563915,14.42739332981584
2025010515_3902_48000_7,84.1028753430336,14.618361249365073
2025010515_3902_48000_8,84.07647619350979,14.712011668063798
2025010515_3902_48000_9,84.05738752859817,14.774802266696506
2025010515_3902_48103_1,82.21506338700769,39.809911554368675
2025010515_3902_48103_10,85.48174947434475,38.77209061078032
2025010515_3902_48103_11,85.5045483195697,38.85114208048848
2025010515_3902_48103_12,85.52143751477914,38.914032023789616
2025010515_3902_48103_13,85.53002508156106,38.947680419585694
2025010515_3902_48103_14,85.54089602886107,38.99213789139053
2025010515_3902_48103_15,85.54435833116104,39.00677867495516
2025010515_3902_48103_16,85.54627578274844,39.014994461471034
2025010515_3902_48103_17,85.54467034411941,39.008110253025706
2025010515_3902_48103_18,85.54219130124937,38.9975863864411
2025010515_3902_48103_19,85.54145700454409,38.99449344584447
2025010515_3902_48103_2,82.77294527806839,39.49075629564937
2025010515_3902_48103_20,85.54332887791863,39.002399733890094
2025010515_3902_48103_21,85.54467558983782,39.008132657717425
2025010515_3902_48103_22,85.54942812647214,39.028674982692586
2025010515_3902_48103_23,85.55333115745019,39.04592570379935
2025010515_3902_48103_24,85.5564533016294,39.059986859292955
2025010515_3902_48103_25,85.55890365679065,39.071193660527456
2025010515_3902_48103_26,85.55902400297282,39.07174806561826
2025010515_3902_48103_27,85.56048797618801,39.07852285349569
2025010515_3902_48103_28,85.56225267455305,39.08676593297412
2025010515_3902_48103_29,85.5620608580694,39.08586581249699
2025010515_3902_48103_3,83.3947514638898,39.26732955389551
2025010515_3902_48103_30,85.56613456307123,39.10520549589544
2025010515_3902_48103_4,84.10668650833543,39.052774198067944
2025010515_3902_48103_5,84.7640561140422,38.857589874316574
2025010515_3902_48103_6,85.45484573359748,38.68584079490324
2025010515_3902_48103_7,85.4739906294699,38.74650280540323
2025010515_3902_48103_8,85.48157614901373,38.77151220541569
2025010515_3902_48103_9,85.48539343438323,38.78432522107335
2025010515_3902_52991_1,72.9265485960267,18.914416218526636
2025010515_3902_52991_10,74.44233369217793,20.594054982361413
2025010515_3902_52991_11,74.63290794690221,20.704968997585027
2025010515_3902_52991_12,74.82789008395797,20.78184081312807
2025010515_3902_52991_13,74.98563986655826,20.87458637564078
2025010515_3902_52991_14,75.39148871118324,21.030697972315885
2025010515_3902_52991_15,75.84576138591966,21.207622743767736
2025010515_3902_52991_16,75.92414526805725,21.212721280968246
2025010515_3902_52991_17,76.01566003602096,21.091702390035113
2025010515_3902_52991_18,76.04601152506203,21.049365436253442
2025010515_3902_52991_19,76.09129686980128,20.98395032031554
2025010515_3902_52991_2,73.04732908153895,19.13297409377069
2025010515_3902_52991_20,76.15009918961917,20.894630235592224
2025010515_3902_52991_21,76.19525306590619,20.82231757804096
2025010515_3902_52991_22,76.2621066041982,20.708485102051654
2025010515_3902_52991_23,76.29242574862745,20.653861374389194
2025010515_3902_52991_24,76.33976347019042,20.56430371273476
2025010515_3902_52991_25,76.360469071736,20.523323085237745
2025010515_3902_52991_26,76.38283507405148,20.477693709830497
2025010515_3902_52991_27,76.40030530297595,20.440996623525212
2025010515_3902_52991_28,76.41610415063641,20.40695728971219
2025010515_3902_52991_29,76.41140921966269,20.41716042147101
2025010515_3902_52991_3,73.20636691757852,19.34638361336685
2025010515_3902_52991_30,76.41504626988385,20.409262895952452
2025010515_3902_52991_4,73.29793601044838,19.55200037861361
2025010515_3902_52991_5,73.42833084333118,19.70334611939462
2025010515_3902_52991_6,73.5605928873318,19.808921584346944
2025010515_3902_52991_7,73.75784679915351,19.890297233697122
2025010515_3902_52991_8,73.99196469387365,20.141214412852314
2025010515_3902_52991_9,74.21823811070568,20.40630065657942
2025010515_3902_54718_1,91.417435256156,27.067154047184438
2025010515_3902_54718_10,94.07211272292874,29.353609463783886
2025010515_3902_54718_11,94.10657637127666,29.312037672873586
2025010515_3902_54718_12,94.18579346499209,29.211940761555184
2025010515_3902_54718_13,94.22457816321315,29.16043845385535
2025010515_3902_54718_14,94.32189811418775,29.023062834884406
2025010515_3902_54718_15,94.38938985623346,28.920029018398214
2025010515_3902_54718_16,94.47628241611912,28.77621797700136
2025010515_3902_54718_17,94.54683937660212,28.648359500769782
2025010515_3902_54718_18,94.59130320212843,28.561647376566057
2025010515_3902_54718_19,94.60127997362775,28.541450581486835
2025010515_3902_54718_2,91.79418027329989,27.46397591086
2025010515_3902_54718_20,94.63621867913918,28.46835366291018
2025010515_3902_54718_21,94.6721288780162,28.388978583076806
2025010515_3902_54718_22,94.70146930514292,28.32047212541729
2025010515_3902_54718_23,94.71550215737821,28.28640424908638
2025010515_3902_54718_24,94.73773896748924,28.230504115906733
2025010515_3902_54718_25,94.74757931455957,28.204956444027836
2025010515_3902_54718_26,94.75804953181773,28.177184564415498
2025010515_3902_54718_27,94.77276302481793,28.137060948912392
2025010515_3902_54718_28,94.77607215353169,28.12785033827695
2025010515_3902_54718_29,94.77957936796827,28.118010234859202
2025010515_3902_54718_3,92.15886307708462,27.816337750361757
2025010515_3902_54718_30,94.77871363873672,28.120446757316344
2025010515_3902_54718_4,92.50499622755278,28.173144608763405
2025010515_3902_54718_5,92.88183213202758,28.52409088939682
2025010515_3902_54718_6,93.25178215435848,28.860006409796668
2025010515_3902_54718_7,93.63547260864517,29.080573435201188
2025010515_3902_54718_8,94.03207690380508,29.400505902967577
2025010515_3902_54718_9,94.05686918334744,29.37163812666192
2025010515_3902_55112_1,81.51896001511476,16.546061324004974
2025010515_3902_55112_10,84.1891080306368,18.52460508252078
2025010515_3902_55112_11,84.14389894111736,18.5950717235649
2025010515_3902_55112_12,84.13102449369688,18.61455996134479
2025010515_3902_55112_13,84.11444290182072,18.63930083967523
2025010515_3902_55112_14,84.09449130423835,18.668551750852938
2025010515_3902_55112_15,84.06446541468884,18.71155046587792
2025010515_3902_55112_16,84.07300177729267,18.699447621895096
2025010515_3902_55112_17,84.07898522213324,18.690907224885326
2025010515_3902_55112_18,84.09191527613466,18.67228823320265
2025010515_3902_55112_19,84.09578338150232,18.666674194103134
2025010515_3902_55112_2,82.15549791460022,16.841281355733475
2025010515_3902_55112_20,84.11548213845724,18.637761870613364
2025010515_3902_55112_21,84.13003824053239,18.616042715425845
2025010515_3902_55112_22,84.13199058345272,18.613106132064704
2025010515_3902_55112_23,84.1389283434861,18.602625142203074
2025010515_3902_55112_24,84.14507188849817,18.593283853216278
2025010515_3902_55112_25,84.16105580111015,18.568710193138713
2025010515_3902_55112_26,84.1671611304293,18.559218822103507
2025010515_3902_55112_27,84.17405956558122,18.548423153829297
2025010515_3902_55112_28,84.18785672277781,18.52659982740741
2025010515_3902_55112_29,84.1994185744113,18.508068631697604
2025010515_3902_55112_3,82.82921389601591,17.200454036241243
2025010515_3902_55112_30,84.21032724800229,18.490375100677657
2025010515_3902_55112_4,83.52825328348897,17.616027398109658
2025010515_3902_55112_5,84.23572721035049,18.065128699647435
2025010515_3902_55112_6,84.33033878603395,18.280613744452673
2025010515_3902_55112_7,84.31388157288069,18.311187142006126
2025010515_3902_55112_8,84.24708580940724,18.429186887051856
2025010515_3902_55112_9,84.2045526276735,18.499766988358815
2025010515_524_44872_1,31.955447523783384,37.64605375654528
2025010515_524_44872_10,32.3427306811097,35.399421035936705
2025010515_524_44872_2,32.10918514076311,37.336402945963265
2025010515_524_44872_3,32.24230228533052,37.07854658763486
2025010515_524_44872_4,32.29718907998039,36.760212118720375
2025010515_524_44872_5,32.33620178084824,36.45713798944091
2025010515_524_44872_6,32.36166015898747,36.23350200130288
2025010515_524_44872_7,32.3907427454449,36.057725443877445
2025010515_524_44872_8,32.401793993919135,35.82192502695528
2025010515_524_44872_9,32.36593988425591,35.5639442165968
2025010515_524_54572_1,27.686037223195182,40.556338557552806
2025010515_524_54572_10,29.014092100251126,43.70545138798232
2025010515_524_54572_2,28.000505528222543,41.143699214172315
2025010515_524_54572_3,28.317617808567107,41.756991583557
2025010515_524_54572_4,28.647314193529688,42.38522396223391
2025010515_524_54572_5,28.925946218767333,43.02718434234117
2025010515_524_54572_6,29.195633652371512,43.61926982917004
2025010515_524_54572_7,29.152802978414396,43.64061633418182
2025010515_524_54572_8,29.11914881543677,43.65694391058048
2025010515_524_54572_9,29.07002356588972,43.68008551112163
2025010515_524_57362_1,29.664974754948176,38.921471241793355
2025010515_524_57362_10,29.601570357262187,42.34793769672143
2025010515_524_57362_2,29.64892075651059,39.5584162671401
2025010515_524_57362_3,29.601388006902937,40.24081408817357
2025010515_524_57362_4,29.59639482462764,40.961640429485605
2025010515_524_57362_5,29.567942818607026,41.67441765692018
2025010515_524_57362_6,29.511602126685236,42.34403334599645
2025010515_524_57362_7,29.523774690208324,42.34468035286947
2025010515_524_57362_8,29.553649586358333,42.34611067559551
2025010515_524_57362_9,29.5843762508609,42.34734833654595
2025010515_578_44872_1,32.87599489698036,42.998517247949714
2025010515_578_44872_10,31.633889453456742,46.52928301437377
2025010515_578_44872_2,32.96706266744721,43.385745547334714
2025010515_578_44872_3,32.993847366997194,43.76161520837823
2025010515_578_44872_4,32.94503974805426,44.21013293749895
2025010515_578_44872_5,32.84447205371758,44.69401021712427
2025010515_578_44872_6,32.671031356029225,45.18288843542838
2025010515_578_44872_7,32.454936778368754,45.702451260034515
2025010515_578_44872_8,32.16393486962484,46.262569065033354
2025010515_578_44872_9,31.829456362217865,46.582957110233934
2025010515_578_53518_1,27.444457496334763,42.24125424926058
2025010515_578_53518_10,27.84847631790077,45.72548648562515
2025010515_578_53518_2,27.676336638812575,42.7986105317786
2025010515_578_53518_3,27.884058786948664,43.39866301358944
2025010515_578_53518_4,28.071588388442592,44.00843746097738
2025010515_578_53518_5,28.15543080980458,44.636382997227024
2025010515_578_53518_6,28.261601622188465,45.26252167077656
2025010515_578_53518_7,28.20367988020853,45.638924787855906
2025010515_578_53518_8,28.072838422049706,45.674825398350464
2025010515_578_53518_9,27.946834183532832,45.70494538992019
2025010515_578_57362_1,25.822739659699064,37.813431023641584
2025010515_578_57362_10,26.56045401412221,40.89077003851413
2025010515_578_57362_2,25.892477675813364,38.153408054656126
2025010515_578_57362_3,25.970984327953403,38.42010943855069
2025010515_578_57362_4,26.057868191641745,38.745624495275656
2025010515_578_57362_5,26.169883221516137,39.014727093950434
2025010515_578_57362_6,26.29652374822258,39.36147336855182
2025010515_578_57362_7,26.40356221946457,39.64062333229537
2025010515_578_57362_8,26.47001798043696,40.0734983011267
2025010515_578_57362_9,26.521892505118956,40.49024988198883
2025010515_603_44872_1,36.97260540967741,50.38876927909252
2025010515_603_44872_10,39.782383770394006,52.24105269697957
2025010515_603_44872_11,39.740623290826825,52.305163311045455
2025010515_603_44872_12,39.72471495299513,52.328898117465485
2025010515_603_44872_13,39.64522748447185,52.44229741395895
2025010515_603_44872_2,37.493465998198545,50.61304922628577
2025010515_603_44872_3,38.016981442880294,50.82494883648995
2025010515_603_44872_4,38.56091464920276,51.05835977845614
2025010515_603_44872_5,39.02867661676645,51.30321259536052
2025010515_603_44872_6,39.36460790258942,51.55350989730339
2025010515_603_44872_7,39.66558795353111,51.817675149444554
2025010515_603_44872_8,39.7698779119451,51.980667792427646
2025010515_603_44872_9,39.8453419605732,52.139006006317466
2025010515_603_47849_1,36.50916624374428,51.40098102376444
2025010515_603_47849_10,39.414776559414946,52.49328206401649
2025010515_603_47849_11,39.477748682889086,52.61740883277394
2025010515_603_47849_12,39.564841786843054,52.66972647987374
2025010515_603_47849_13,39.64153843432298,52.68344270329391
2025010515_603_47849_2,36.97731737366985,51.56929890368254
2025010515_603_47849_3,37.438384037583916,51.71852994357759
2025010515_603_47849_4,37.91485037516562,51.81995688365858
2025010515_603_47849_5,38.326877039268965,51.972489974348974
2025010515_603_47849_6,38.69516707375739,52.05543705628149
2025010515_603_47849_7,39.004610128798724,52.173861495415295
2025010515_603_47849_8,39.10064494591526,52.25729775417439
2025010515_603_47849_9,39.21037536480031,52.3764733497524
2025010515_603_57362_1,36.15598818167202,37.44141954670329
2025010515_603_57362_10,36.75465399333604,40.96816717443924
2025010515_603_57362_11,36.76589015116741,40.96599188439619
2025010515_603_57362_12,36.772909835742226,40.96461595392631
2025010515_603_57362_13,36.79363588168995,40.96047727799744
2025010515_603_57362_2,36.243344844026744,38.05108781268472
2025010515_603_57362_3,36.36113439121488,38.68231970070419
2025010515_603_57362_4,36.46195173748455,39.36895034956037
2025010515_603_57362_5,36.59567695569715,39.99450399839584
2025010515_603_57362_6,36.741352385050014,40.67552392085133
2025010515_603_57362_7,36.803214106752485,40.958526138577334
2025010515_603_57362_8,36.7825765647633,40.962699825411484
2025010515_603_57362_9,36.754661079878225,40.9681658130121
2025010515_704_45719_1,39.73109786988264,20.448513365086207
2025010515_704_45719_2,39.78274585958774,19.865953624732654
2025010515_704_45719_3,39.86923103481554,19.28239687980318
2025010515_704_45719_4,39.9109629610761,18.718506701118255
2025010515_704_45719_5,39.915169227272735,18.1774874620622
2025010515_704_45719_6,39.95483619748837,17.683534615574644
2025010515_704_45719_7,39.9849459985624,17.139411559760706
2025010515_797_43383_1,78.70101381180855,27.008163344950756
2025010515_797_43383_2,78.54966316325299,26.356858808950367
2025010515_797_43383_3,78.36673098860855,25.677076434022272
2025010515_797_43383_4,78.19405165884018,25.046177169223316
2025010515_797_43383_5,78.0682065240634,24.357668207869423
2025010515_797_43383_6,77.9747442690931,23.73849940930658
2025010515_797_43383_7,78.04112219142372,23.700013302404656
2025010515_797_47788_1,76.7657529908871,29.762420462540682
2025010515_797_47788_2,76.67024492308688,29.25974655333041
2025010515_797_47788_3,76.50512234132997,28.70659005609179
2025010515_797_47788_4,76.38304583464537,28.1438774989695
2025010515_797_47788_5,76.21357751774687,27.542339083420913
2025010515_797_47788_6,76.0533382186071,26.941215361234274
2025010515_797_47788_7,75.90036102218706,26.30692345621248
2025010515_797_48268_1,75.62095765618996,29.766579250360078
2025010515_797_48268_2,75.59070482492264,29.561350867813974
2025010515_797_48268_3,75.56609714681917,29.337887039804325
2025010515_797_48268_4,75.56116217401772,29.024622742161505
2025010515_797_48268_5,75.54411003154858,28.666126181974928
2025010515_797_48268_6,75.52591303424347,28.288625778070042
2025010515_797_48268_7,75.50497808225299,27.888278491768748
2025010515_886_52991_1,60.75756796753286,17.750220920174215
2025010515_886_52991_10,61.64349120765681,16.143075300935617
2025010515_886_52991_11,61.66283119805373,15.849113028159493
2025010515_886_52991_12,61.66484070306629,15.565564303474796
2025010515_886_52991_13,61.73145174579084,15.300796954759388
2025010515_886_52991_14,61.89709586492518,15.021290694733912
2025010515_886_52991_15,62.086589530556445,14.673217471026241
2025010515_886_52991_16,62.357789408230246,14.42688986537281
2025010515_886_52991_17,62.47048326048614,14.32573567991788
2025010515_886_52991_18,62.38619071261211,14.281204209122237
2025010515_886_52991_2,60.92248857825159,17.669809850095305
2025010515_886_52991_3,61.060994755531716,17.587186134907732
2025010515_886_52991_4,61.18335565202208,17.469228759358423
2025010515_886_52991_5,61.30107278973808,17.33185897368123
2025010515_886_52991_6,61.382222077974006,17.141352441383727
2025010515_886_52991_7,61.4261525564144,16.96100811006646
2025010515_886_52991_8,61.51176990134179,16.75205280081144
2025010515_886_52991_9,61.53271396107272,16.465017917791478
2025010515_886_53074_1,64.62658373379476,14.141844241580637
2025010515_886_53074_10,66.17191147476088,11.111011975936497
2025010515_886_53074_11,65.99668908539333,11.003988935927763
2025010515_886_53074_12,65.8882618036988,10.943745987497193
2025010515_886_53074_13,65.78877203451545,10.892250063442738
2025010515_886_53074_14,65.70012524932079,10.84928541077567
2025010515_886_53074_15,65.65662663484406,10.8291775389721
2025010515_886_53074_16,65.64399866298862,10.823458022167902
2025010515_886_53074_17,65.66246739138015,10.831840826379683
2025010515_886_53074_18,65.62214063402739,10.813682212466043
2025010515_886_53074_2,65.11640160098978,13.687199149697829
2025010515_886_53074_3,65.570031212993,13.178353743590003
2025010515_886_53074_4,65.99410369638338,12.687318875229773
2025010515_886_53074_5,66.38075423432244,12.120428675643064
2025010515_886_53074_6,66.71524469987258,11.53274852628961
2025010515_886_53074_7,66.61315733238942,11.441566616849663
2025010515_886_53074_8,66.44382306011623,11.303341058648073
2025010515_886_53074_9,66.28110000150397,11.18418460909038
2025010515_886_54468_1,57.95957202794073,11.876607954821749
2025010515_886_54468_10,58.818311422227126,15.350827828230845
2025010515_886_54468_11,58.78743034785357,15.358740764100489
2025010515_886_54468_12,58.76579295464288,15.364129223887257
2025010515_886_54468_13,58.803391344096276,15.354683682247444
2025010515_886_54468_14,58.90325090097636,15.327700932701811
2025010515_886_54468_15,59.02785943269487,15.290094277336998
2025010515_886_54468_16,59.125201836478574,15.25759766641756
2025010515_886_54468_17,59.18317241498303,15.236913296674503
2025010515_886_54468_18,59.28469581760296,15.198235098207796
2025010515_886_54468_2,58.10091696670278,12.333711623317068
2025010515_886_54468_3,58.266438643649174,12.84834324512587
2025010515_886_54468_4,58.35120444073276,13.347722344769513
2025010515_886_54468_5,58.487918198212235,13.826075316725603
2025010515_886_54468_6,58.59393934007367,14.288443479038097
2025010515_886_54468_7,58.72392213698753,14.727828354982016
2025010515_886_54468_8,58.81620925627527,15.275222419888589
2025010515_886_54468_9,58.80639395676662,15.353912632329099
2025010515_886_57199_1,71.44450746210897,14.150349391274048
2025010515_886_57199_10,70.90220236708608,10.577448505728324
2025010515_886_57199_11,70.81499764473081,10.58869057183794
2025010515_886_57199_12,70.72962248153125,10.601593152442394
2025010515_886_57199_13,70.68840360387651,10.608499479539365
2025010515_886_57199_14,70.63641835420968,10.61784308947881
2025010515_886_57199_15,70.54752691511621,10.635470906399885
2025010515_886_57199_16,70.5080521760521,10.643973124927138
2025010515_886_57199_17,70.46775516049074,10.65308400788792
2025010515_886_57199_18,70.40473779277691,10.668213185747215
2025010515_886_57199_2,71.52720661192397,13.672946026114857
2025010515_886_57199_3,71.6063415792033,13.167467126348626
2025010515_886_57199_4,71.6083899818902,12.648225210215543
2025010515_886_57199_5,71.57932079417628,12.114139082854557
2025010515_886_57199_6,71.4898825166591,11.480716197848706
2025010515_886_57199_7,71.35071390665544,10.879272050246797
2025010515_886_57199_8,71.1848873538909,10.554285632299216
2025010515_886_57199_9,71.02825555419224,10.564625396056282
2025010515_92_53518_1,55.98400095107965,16.49126053986641
2025010515_92_53518_10,55.975138356434925,12.883836019867893
2025010515_92_53518_11,55.88827922319247,12.880974271306505
2025010515_92_53518_2,56.09744686836372,16.001104556761344
2025010515_92_53518_3,56.221659433086764,15.465193272269405
2025010515_92_53518_4,56.25207316334041,14.92619325166481
2025010515_92_53518_5,56.2901209537035,14.350125369734549
2025010515_92_53518_6,56.31963017853117,13.738141351084359
2025010515_92_53518_7,56.33070910404518,13.121278226324804
2025010515_92_53518_8,56.22074283437382,12.902189613955551
2025010515_92_53518_9,56.06573309400423,12.888836520167215
2025010515_92_57267_1,57.87737841510943,8.271360255901154
2025010515_92_57267_10,58.44738887349658,8.324165130967948
2025010515_92_57267_11,58.27231174589879,8.533134459202039
2025010515_92_57267_2,58.123132261172685,8.234572946516748
2025010515_92_57267_3,58.349525725694036,8.164091371964739
2025010515_92_57267_4,58.56395233766438,8.149761497734318
2025010515_92_57267_5,58.653004199480684,8.142799791503792
2025010515_92_57267_6,58.73765640929569,8.132755480071715
2025010515_92_57267_7,58.736481628115506,8.189419932067432
2025010515_92_57267_8,58.67216092282691,8.188217726925362
2025010515_92_57267_9,58.550881029568856,8.190914461058789
2025010515_92_57362_1,57.43505950725314,21.323039068575426
2025010515_92_57362_10,57.683977064579786,17.783611700623453
2025010515_92_57362_11,57.617490159245776,17.776916899830297
2025010515_92_57362_2,57.51857877247875,20.847048083149396
2025010515_92_57362_3,57.63354662351676,20.33001476769477
2025010515_92_57362_4,57.69894246440216,19.824351629608223
2025010515_92_57362_5,57.770548504259715,19.32303285261113
2025010515_92_57362_6,57.831896132685,18.79191208152367
2025010515_92_57362_7,57.88293651860409,18.2382553540639
2025010515_92_57362_8,57.85868549588919,17.806583507003833
2025010515_92_57362_9,57.75512534781559,17.792022129220708
