id,x,y
2024120805_1201_47877_1,43.26077826456979,10.600122304318004
2024120805_1201_47877_10,42.92802728070281,10.404968878579885
2024120805_1201_47877_11,42.91336254213704,10.366646644913684
2024120805_1201_47877_12,42.899223223148084,10.347274356012818
2024120805_1201_47877_13,42.88895894829704,10.318985583077183
2024120805_1201_47877_14,42.8643260695656,10.302421209887296
2024120805_1201_47877_15,42.84885668342947,10.282158793389254
2024120805_1201_47877_16,42.8391788568966,10.267633341245258
2024120805_1201_47877_17,42.83593374970501,10.247167712359595
2024120805_1201_47877_18,42.83745223366016,10.244745655730169
2024120805_1201_47877_19,42.831071265481626,10.22599197559859
2024120805_1201_47877_2,43.200293528210864,10.57613469908029
2024120805_1201_47877_20,42.820450555711396,10.225238488278757
2024120805_1201_47877_21,42.821969039666534,10.223535784161836
2024120805_1201_47877_22,42.834703948608016,10.23080725930857
2024120805_1201_47877_23,42.83691673410047,10.230053771988736
2024120805_1201_47877_24,42.83843521804122,10.229300284668904
2024120805_1201_47877_3,43.11941230862518,10.53820436978311
2024120805_1201_47877_4,43.096636408270946,10.533143195824273
2024120805_1201_47877_5,43.08085131938931,10.521567824706747
2024120805_1201_47877_6,43.054068695761636,10.486870584114978
2024120805_1201_47877_7,43.02354437551204,10.46801049718225
2024120805_1201_47877_8,42.99368346992044,10.44665072206302
2024120805_1201_47877_9,42.97749129791618,10.425076564545936
2024120805_1201_52453_1,30.0763465505751,17.011178543929947
2024120805_1201_52453_10,29.733756326727978,16.931334373497712
2024120805_1201_52453_11,29.720171167684256,16.91064556808543
2024120805_1201_52453_12,29.70757506823106,16.910236824684585
2024120805_1201_52453_13,29.693910337812177,16.90055508320638
2024120805_1201_52453_14,29.67802699400819,16.89597815231616
2024120805_1201_52453_15,29.66878601469758,16.878306761362303
2024120805_1201_52453_16,29.665356918676487,16.842304462899268
2024120805_1201_52453_17,29.663455134024485,16.848326543414156
2024120805_1201_52453_18,29.66497361797963,16.84490960348431
2024120805_1201_52453_19,29.658592649815493,16.83161965646139
2024120805_1201_52453_2,29.998616254795905,16.990810391108102
2024120805_1201_52453_20,29.650235876900584,16.82491711673274
2024120805_1201_52453_21,29.65769825938251,16.812323992690928
2024120805_1201_52453_22,29.66815845453903,16.82189778057063
2024120805_1201_52453_23,29.669676938494174,16.821144293250796
2024120805_1201_52453_24,29.671195422449312,16.820390805930963
2024120805_1201_52453_3,29.917657912672844,16.97670868009664
2024120805_1201_52453_4,29.902003463006327,16.967619563258403
2024120805_1201_52453_5,29.882625013926987,16.969332047624974
2024120805_1201_52453_6,29.86103787152738,16.951707737840003
2024120805_1201_52453_7,29.813361295787335,16.949467413942006
2024120805_1201_52453_8,29.78350002206131,16.939122221942156
2024120805_1201_52453_9,29.773018351368812,16.933739657383356
2024120805_1201_54831_1,42.843688467419334,24.3057192726589
2024120805_1201_54831_10,42.415435806594765,24.296316142938092
2024120805_1201_54831_11,42.39148292795471,24.28553804269749
2024120805_1201_54831_12,42.37683926479495,24.28561416932734
2024120805_1201_54831_13,42.35981606562896,24.29818509710976
2024120805_1201_54831_14,42.331954348436255,24.311898328711248
2024120805_1201_54831_15,42.31988494984242,24.319039434715233
2024120805_1201_54831_16,42.30004331042171,24.31554048005337
2024120805_1201_54831_17,42.30111750490601,24.306344251315284
2024120805_1201_54831_18,42.30263598886115,24.30316148329379
2024120805_1201_54831_19,42.29982715057268,24.294797174960838
2024120805_1201_54831_2,42.73853152796469,24.299579258164183
2024120805_1201_54831_20,42.299379102043744,24.294043687641004
2024120805_1201_54831_21,42.30089758599888,24.285241611972097
2024120805_1201_54831_22,42.30036961010619,24.292758632784466
2024120805_1201_54831_23,42.29828111290406,24.292005145464632
2024120805_1201_54831_24,42.2997995968448,24.291251658144795
2024120805_1201_54831_3,42.63021434410972,24.289660667181604
2024120805_1201_54831_4,42.603790045848726,24.28885000812904
2024120805_1201_54831_5,42.58133668607195,24.287935853328726
2024120805_1201_54831_6,42.552328220272464,24.296077256288463
2024120805_1201_54831_7,42.525291257968526,24.28932882097968
2024120805_1201_54831_8,42.49199704323471,24.290684337218565
2024120805_1201_54831_9,42.47178903766137,24.294079638618577
2024120805_1201_55965_1,39.01000704387761,14.109854686973714
2024120805_1201_55965_10,38.455569797177304,13.928395264257215
2024120805_1201_55965_11,38.41976170848722,13.901417892528299
2024120805_1201_55965_12,38.39754908098831,13.873817681078144
2024120805_1201_55965_13,38.381502182252255,13.851362502533593
2024120805_1201_55965_14,38.352812162603655,13.834308077865652
2024120805_1201_55965_15,38.34652462377026,13.81060490409009
2024120805_1201_55965_16,38.33030899551541,13.777328640691104
2024120805_1201_55965_17,38.33004023559456,13.764101639126881
2024120805_1201_55965_18,38.33155871954969,13.757731195065292
2024120805_1201_55965_19,38.32760817490059,13.736385279170806
2024120805_1201_55965_2,38.83439910289457,14.085867081736
2024120805_1201_55965_20,38.32183217902402,13.735631791850972
2024120805_1201_55965_21,38.32335066297916,13.726671073793444
2024120805_1201_55965_22,38.3281506344197,13.716804602695511
2024120805_1201_55965_23,38.329669118374845,13.716051115375675
2024120805_1201_55965_24,38.33118760232999,13.715297628055843
2024120805_1201_55965_3,38.714193952913774,14.052755773426016
2024120805_1201_55965_4,38.66902993539455,14.043575727383267
2024120805_1201_55965_5,38.651551322527425,14.037697385709597
2024120805_1201_55965_6,38.61786493207206,13.997344353502804
2024120805_1201_55965_7,38.58086109817676,13.978137248941055
2024120805_1201_55965_8,38.53107298838573,13.966383687837306
2024120805_1201_55965_9,38.51023535134994,13.956341451972417
2024120805_1201_56540_1,47.807340631806106,16.741267945888207
2024120805_1201_56540_10,47.7291977083337,16.43419730741248
2024120805_1201_56540_11,47.72105068341623,16.39998075466874
2024120805_1201_56540_12,47.71081734276002,16.3330276107955
2024120805_1201_56540_13,47.714677009753956,16.299338714497342
2024120805_1201_56540_14,47.7078379721668,16.274670298520864
2024120805_1201_56540_15,47.70747127165643,16.23830883335881
2024120805_1201_56540_16,47.70358775806634,16.1808826840047
2024120805_1201_56540_17,47.70192875594302,16.158314266842993
2024120805_1201_56540_18,47.70344723988377,16.147341774256486
2024120805_1201_56540_19,47.69490418673603,16.128741453480934
2024120805_1201_56540_2,47.789493502078884,16.705339896629862
2024120805_1201_56540_20,47.69530171945315,16.1220390978195
2024120805_1201_56540_21,47.696820203408286,16.087609743706125
2024120805_1201_56540_22,47.69160185854302,16.067841192676735
2024120805_1201_56540_23,47.69381464402108,16.067087705356897
2024120805_1201_56540_24,47.695333127976234,16.066334218037063
2024120805_1201_56540_3,47.766470015431636,16.634527942169004
2024120805_1201_56540_4,47.763027871130895,16.61248859546429
2024120805_1201_56540_5,47.75819796425846,16.596354983819168
2024120805_1201_56540_6,47.750442213649215,16.560893137085596
2024120805_1201_56540_7,47.73827847495345,16.533992472542256
2024120805_1201_56540_8,47.734244007051224,16.51207034655845
2024120805_1201_56540_9,47.7368573283803,16.480598925247367
2024120805_1231_54622_1,46.62933671932522,37.549445098778314
2024120805_1231_54622_2,46.56177000491687,37.52291555079474
2024120805_1231_54622_3,46.49795173030386,37.5022297548752
2024120805_1231_54622_4,46.48416296676675,37.49799206234305
2024120805_1231_54622_5,46.478513708297264,37.49286946349328
2024120805_1231_54622_6,46.46561667370786,37.48756009241082
2024120805_1231_54622_7,46.4495794249964,37.47940867778322
2024120805_1231_54622_8,46.439642074069134,37.46417149439248
2024120805_1231_54622_9,46.43024893260056,37.45331165877617
2024120805_1231_56540_1,49.511084723194365,35.54029311795805
2024120805_1231_56540_2,49.51261391952339,35.632053109702774
2024120805_1231_56540_3,49.51108970832811,35.70995656291472
2024120805_1231_56540_4,49.510959686294775,35.72099967280963
2024120805_1231_56540_5,49.51305508284699,35.74484976390651
2024120805_1231_56540_6,49.50745122945023,35.789036120180455
2024120805_1231_56540_7,49.50904048961939,35.83154090494756
2024120805_1231_56540_8,49.51253432561611,35.841679548138906
2024120805_1231_56540_9,49.51324095534253,35.871260325956996
2024120805_1231_57134_1,47.666990621969596,36.92769228200841
2024120805_1231_57134_2,47.52406216889886,36.909210531335766
2024120805_1231_57134_3,47.41817931554114,36.90539900619753
2024120805_1231_57134_4,47.40489394799977,36.89901953011341
2024120805_1231_57134_5,47.390910811578514,36.89613833598349
2024120805_1231_57134_6,47.36809892330128,36.89239266695039
2024120805_1231_57134_7,47.34701279859617,36.879396935565104
2024120805_1231_57134_8,47.305245346013514,36.87180062734611
2024120805_1231_57134_9,47.30964103399161,36.875602730553766
2024120805_1303_47890_1,33.1584566649228,36.6773681582201
2024120805_1303_47890_10,33.008177413718705,36.785590595234694
2024120805_1303_47890_11,33.001177067887696,36.79401625481055
2024120805_1303_47890_12,32.9947919858056,36.81748159233629
2024120805_1303_47890_13,32.98189495121261,36.84077321636931
2024120805_1303_47890_14,32.977267845270525,36.87226790495379
2024120805_1303_47890_15,32.97182384622637,36.88627663143934
2024120805_1303_47890_2,33.120043668470885,36.710126691839946
2024120805_1303_47890_3,33.08365049733163,36.72440198814413
2024120805_1303_47890_4,33.07220683775877,36.73119145970661
2024120805_1303_47890_5,33.05969577737714,36.74020159372454
2024120805_1303_47890_6,33.046697240913645,36.75379851531335
2024120805_1303_47890_7,33.045651194744146,36.76543060342325
2024120805_1303_47890_8,33.04578253879782,36.7673855218775
2024120805_1303_47890_9,33.01264454310703,36.77024959640165
2024120805_1303_52453_1,35.869651398025304,46.77292082510305
2024120805_1303_52453_10,35.764541271499084,46.99314929973313
2024120805_1303_52453_11,35.756000122598515,47.00255282793187
2024120805_1303_52453_12,35.75732742024064,47.023967525196795
2024120805_1303_52453_13,35.74953381566637,47.053654532284014
2024120805_1303_52453_14,35.748616532347555,47.07610681003155
2024120805_1303_52453_15,35.750088053692735,47.08239934894129
2024120805_1303_52453_2,35.83987697512244,46.82505029568847
2024120805_1303_52453_3,35.80715296247957,46.85965758891738
2024120805_1303_52453_4,35.80233264038572,46.87053400520752
2024120805_1303_52453_5,35.79288076583985,46.88046087329391
2024120805_1303_52453_6,35.78252243915744,46.89913585423544
2024120805_1303_52453_7,35.78013353217365,46.92463120101811
2024120805_1303_52453_8,35.778578537303986,46.9583249004489
2024120805_1303_52453_9,35.77142105262879,46.97854676182629
2024120805_1303_54622_1,26.82846935131005,40.77262561370653
2024120805_1303_54622_10,26.39069797896721,40.709875158718546
2024120805_1303_54622_11,26.374561778404725,40.70712678651781
2024120805_1303_54622_12,26.359567134938775,40.7057324417905
2024120805_1303_54622_13,26.33661561004061,40.70071385803036
2024120805_1303_54622_14,26.3303550470997,40.69602461691863
2024120805_1303_54622_15,26.31131632553506,40.69341385036901
2024120805_1303_54622_2,26.705466223159895,40.75523703211826
2024120805_1303_54622_3,26.573053527367673,40.748739758481946
2024120805_1303_54622_4,26.558791147812975,40.74657853062617
2024120805_1303_54622_5,26.533049801326,40.73185951191191
2024120805_1303_54622_6,26.495581864600712,40.72694152514268
2024120805_1303_54622_7,26.466350183966124,40.71834328176851
2024120805_1303_54622_8,26.447593742252177,40.71390200312997
2024120805_1303_54622_9,26.402508164108557,40.70988103720959
2024120805_1303_55900_1,28.82403337475849,38.6835817010014
2024120805_1303_55900_10,28.401020358373366,38.88764294151276
2024120805_1303_55900_11,28.385846829348566,38.901820311920495
2024120805_1303_55900_12,28.372493329162683,38.92422869263131
2024120805_1303_55900_13,28.345484663347346,38.9696569529348
2024120805_1303_55900_14,28.34050289734155,39.01281948605489
2024120805_1303_55900_15,28.320760937048263,39.02780879393355
2024120805_1303_55900_2,28.71800897469711,38.750106029506505
2024120805_1303_55900_3,28.607079383532003,38.77744585924545
2024120805_1303_55900_4,28.588029415137605,38.784235330807924
2024120805_1303_55900_5,28.562288068665023,38.79643137952848
2024120805_1303_55900_6,28.521619688585396,38.81389739398959
2024120805_1303_55900_7,28.486397921955227,38.831171112088136
2024120805_1303_55900_8,28.467407283757705,38.847019492449746
2024120805_1303_55900_9,28.418321052317587,38.86738079423416
2024120805_1303_56543_1,18.704571135831024,32.20081754908564
2024120805_1303_56543_10,18.543201069467095,32.380023426628405
2024120805_1303_56543_11,18.533225300687985,32.39128788927283
2024120805_1303_56543_12,18.53184716968287,32.41315141797878
2024120805_1303_56543_13,18.517058211149486,32.44932022449178
2024120805_1303_56543_14,18.515779736906914,32.48133068052986
2024120805_1303_56543_15,18.511558848624915,32.486194044731505
2024120805_1303_56543_2,18.666396208273206,32.26187729009344
2024120805_1303_56543_3,18.615750286376816,32.28702892877309
2024120805_1303_56543_4,18.60192519178472,32.29920862467776
2024120805_1303_56543_5,18.584510212648155,32.30265686164376
2024120805_1303_56543_6,18.56998492651058,32.32573948089251
2024120805_1303_56543_7,18.57070985523753,32.33759525468922
2024120805_1303_56543_8,18.57108396388479,32.34816838573873
2024120805_1303_56543_9,18.55241835212056,32.367058520272096
2024120805_143_41233_1,64.9984562858251,12.85086971253733
2024120805_143_41233_10,64.91006542047832,12.872092404238227
2024120805_143_41233_2,64.97227243139933,12.853494779213436
2024120805_143_41233_3,64.95448703341624,12.861959235282699
2024120805_143_41233_4,64.95446050369823,12.856564851910539
2024120805_143_41233_5,64.94143867342324,12.860095935576817
2024120805_143_41233_6,64.93767511651346,12.865683980432397
2024120805_143_41233_7,64.92260012843377,12.867842660117695
2024120805_143_41233_8,64.91539846177176,12.871936867793266
2024120805_143_41233_9,64.9093524240161,12.871469969533278
2024120805_143_57233_1,64.43200196291409,12.348397736339576
2024120805_143_57233_10,64.35146994664954,12.361454987450582
2024120805_143_57233_2,64.40698877597247,12.351022803015683
2024120805_143_57233_3,64.38920337799657,12.352847193301262
2024120805_143_57233_4,64.38988366639371,12.347452809929104
2024120805_143_57233_5,64.3783416623502,12.350983893595382
2024120805_143_57233_6,64.3703578120059,12.35657193845096
2024120805_143_57233_7,64.35528282391903,12.358730618136256
2024120805_143_57233_8,64.34808115726418,12.361662670379419
2024120805_143_57233_9,64.35075695019451,12.360447505506867
2024120805_1524_52518_1,27.181483569199056,40.293398491440065
2024120805_1524_52518_2,27.187206148351745,40.30122905094183
2024120805_1524_52518_3,27.188724632301494,40.30527971794966
2024120805_1524_52518_4,27.18878994359034,40.29337877606164
2024120805_1524_52518_5,27.190308427540085,40.29008295235967
2024120805_1524_52518_6,27.19182691148983,40.274271081179066
2024120805_1524_52518_7,27.193345395437778,40.26790796139602
2024120805_1524_52518_8,27.19486387938752,40.27630703230564
2024120805_1524_53472_1,24.291975503938573,35.28931204879638
2024120805_1524_53472_2,24.29769808309846,35.29969021040834
2024120805_1524_53472_3,24.299216567053605,35.30268433159852
2024120805_1524_53472_4,24.30361453044308,35.289542040408364
2024120805_1524_53472_5,24.305133014398226,35.286246216706395
2024120805_1524_53472_6,24.306651498338972,35.27043434552579
2024120805_1524_53472_7,24.308169982294118,35.26809640761391
2024120805_1524_53472_8,24.309688466249256,35.272610187736234
2024120805_1524_56663_1,20.90290479445709,34.0309238566431
2024120805_1524_56663_2,20.908627373616973,34.04130201825506
2024120805_1524_56663_3,20.910145857572115,34.04784127401806
2024120805_1524_56663_4,20.922227525842146,34.03415561640739
2024120805_1524_56663_5,20.923746009797288,34.03085979270542
2024120805_1524_56663_6,20.92526449372365,34.01504792152482
2024120805_1524_56663_7,20.92678297767879,34.020415037258765
2024120805_1524_56663_8,20.928301461633932,34.01914468919747
2024120805_1603_47877_1,57.226102158248416,14.41873475780265
2024120805_1603_47877_2,57.175227728128824,14.49904991162192
2024120805_1603_47877_3,57.1122629986727,14.618818338572542
2024120805_1603_47877_4,57.08980810738639,14.671606146963201
2024120805_1603_47877_5,57.079851161192884,14.711965836698813
2024120805_1603_47877_6,57.077567663777096,14.716067490325369
2024120805_1603_47877_7,57.07908614772504,14.724356304972833
2024120805_1603_47877_8,57.07933168935802,14.74955363354336
2024120805_1603_47877_9,57.073116262790975,14.756358866294946
2024120805_1603_55965_1,57.76290557287167,14.866626831117767
2024120805_1603_55965_2,57.71489890997142,14.946941984937036
2024120805_1603_55965_3,57.64840818892572,15.06599160214658
2024120805_1603_55965_4,57.631346621932046,15.12174215371236
2024120805_1603_55965_5,57.623195171335446,15.151354365777383
2024120805_1603_55965_6,57.62091167392685,15.153487052398463
2024120805_1603_55965_7,57.6224301578748,15.15698735843159
2024120805_1603_55965_8,57.622675699500576,15.182184687002115
2024120805_1603_55965_9,57.61618511021804,15.1889899197537
2024120805_1603_56540_1,56.11173810926472,13.748027210395998
2024120805_1603_56540_2,56.09268030928729,13.669683800547013
2024120805_1603_56540_3,56.072988454832256,13.557352488114766
2024120805_1603_56540_4,56.06878004969817,13.519026564011101
2024120805_1603_56540_5,56.062750374219924,13.459319479598397
2024120805_1603_56540_6,56.06149563136091,13.419855349448902
2024120805_1603_56540_7,56.06301411530886,13.415365665786426
2024120805_1603_56540_8,56.057740095903334,13.395156427264215
2024120805_1603_56540_9,56.05477660717637,13.392442808165251
2024120805_1682_47877_1,16.634704362842573,13.912119865423662
2024120805_1682_47877_2,16.617112875544596,13.881861871037435
2024120805_1682_47877_3,16.581414474264175,13.868823578436006
2024120805_1682_47877_4,16.58305117566243,13.861734040569377
2024120805_1682_47877_5,16.582920809274743,13.838328886674486
2024120805_1682_47877_6,16.57075262178957,13.832492065960144
2024120805_1682_47877_7,16.57227110573032,13.83186834602732
2024120805_1682_47877_8,16.572516647363305,13.831891868139483
2024120805_1682_47877_9,16.57226498617316,13.833834781461258
2024120805_1682_55097_1,27.841493704170848,12.464248406734521
2024120805_1682_55097_2,27.817490520560288,12.312223905169137
2024120805_1682_55097_3,27.787513728871836,12.190030835252813
2024120805_1682_55097_4,27.7856853128429,12.15524543442778
2024120805_1682_55097_5,27.78537492870395,12.110069118890294
2024120805_1682_55097_6,27.773212322085268,12.07210339141825
2024120805_1682_55097_7,27.774730806033215,12.05932405663314
2024120805_1682_55097_8,27.771903776192133,12.044130964068263
2024120805_1682_55097_9,27.768237300702204,12.043377476748427
2024120805_1682_57178_1,23.39656131707487,14.740983811540008
2024120805_1682_57178_2,23.38107920682805,14.637209367914139
2024120805_1682_57178_3,23.36138808864369,14.51315141137142
2024120805_1682_57178_4,23.36023961690385,14.474175911431978
2024120805_1682_57178_5,23.361189189302408,14.419528781380448
2024120805_1682_57178_6,23.359529819039253,14.38180905600448
2024120805_1682_57178_7,23.361048302987196,14.375037298002713
2024120805_1682_57178_8,23.3552703075471,14.355927620461538
2024120805_1682_57178_9,23.354971265526526,14.353708774038157
2024120805_1822_43329_1,57.87230329555566,25.982474309955208
2024120805_1822_43329_10,57.8759468836295,26.325885805529655
2024120805_1822_43329_11,57.88487962213052,26.331825764531654
2024120805_1822_43329_2,57.87515737122734,26.073361782749952
2024120805_1822_43329_3,57.87698656062806,26.171108415033956
2024120805_1822_43329_4,57.88362873959718,26.18040757462796
2024120805_1822_43329_5,57.8829781588355,26.19858482316436
2024120805_1822_43329_6,57.886248962683325,26.20928956719003
2024120805_1822_43329_7,57.873868427539115,26.251117146213826
2024120805_1822_43329_8,57.87159114387641,26.289212543085867
2024120805_1822_43329_9,57.87260916689988,26.28656774528944
2024120805_1822_52428_1,51.13041882718897,37.385977846977504
2024120805_1822_52428_10,51.19086215273164,37.24396648304992
2024120805_1822_52428_11,51.20565554190414,37.23983702144702
2024120805_1822_52428_2,51.133563729054124,37.35844172534767
2024120805_1822_52428_3,51.14023617069924,37.33514701783065
2024120805_1822_52428_4,51.15748356635809,37.331665654375335
2024120805_1822_52428_5,51.15179176933759,37.32165047575479
2024120805_1822_52428_6,51.157512139685494,37.30413818923667
2024120805_1822_52428_7,51.16619304712762,37.278185623625966
2024120805_1822_52428_8,51.173217438095456,37.25508333804115
2024120805_1822_52428_9,51.17866299530476,37.24697427145584
2024120805_1822_53472_1,53.56900326124059,23.527641666853743
2024120805_1822_53472_10,53.60969178551728,23.6756631508119
2024120805_1822_53472_11,53.62609339076356,23.690027304451657
2024120805_1822_53472_2,53.57156724697505,23.562930241501093
2024120805_1822_53472_3,53.57631066420047,23.615568651039606
2024120805_1822_53472_4,53.582952843162396,23.616575214435517
2024120805_1822_53472_5,53.58406930767965,23.628904763205284
2024120805_1822_53472_6,53.59053330957865,23.632301814676723
2024120805_1822_53472_7,53.59039913441863,23.644872999091415
2024120805_1822_53472_8,53.597423525386475,23.6597942691009
2024120805_1822_53472_9,53.604877082973104,23.664885652145845
2024120805_1822_55100_1,69.42408914293257,26.18397180558015
2024120805_1822_55100_10,69.58226870299008,26.090997040829798
2024120805_1822_55100_11,69.61498507439765,26.089104390886007
2024120805_1822_55100_2,69.42798724784404,26.160113746748447
2024120805_1822_55100_3,69.45984597473498,26.14340732006517
2024120805_1822_55100_4,69.47709410666089,26.141725397709752
2024120805_1822_55100_5,69.48331585947597,26.125979446931467
2024120805_1822_55100_6,69.49378295517845,26.131945563226637
2024120805_1822_55100_7,69.51494656491502,26.116910522351375
2024120805_1822_55100_8,69.53753667056075,26.098858437139917
2024120805_1822_55100_9,69.54775914014802,26.090565924802746
2024120805_1822_56068_1,49.87162192025975,25.723022350626586
2024120805_1822_56068_10,49.887191888656766,25.58229918907476
2024120805_1822_56068_11,49.89945275880531,25.577686735098077
2024120805_1822_56068_2,49.874766822124904,25.69768807272561
2024120805_1822_56068_3,49.87691481595027,25.67212469976116
2024120805_1822_56068_4,49.883556994919395,25.659971193509154
2024120805_1822_56068_5,49.88318768550395,25.63403675421191
2024120805_1822_56068_6,49.885714857793495,25.636040386638673
2024120805_1822_56068_7,49.88749324464989,25.607093724170298
2024120805_1822_56068_8,49.88750188266755,25.591870197422452
2024120805_1822_56068_9,49.886511905311906,25.58459888999754
2024120805_1822_57233_1,59.73170708267102,42.315386679366235
2024120805_1822_57233_10,59.71121986773865,42.481099759076244
2024120805_1822_57233_11,59.71204948366421,42.48913763702719
2024120805_1822_57233_2,59.73485198453618,42.356384619212044
2024120805_1822_57233_3,59.73452611498722,42.39957099909096
2024120805_1822_57233_4,59.73245381569286,42.402685868374576
2024120805_1822_57233_5,59.7334112627676,42.41889810912333
2024120805_1822_57233_6,59.73417286232852,42.432252613545884
2024120805_1822_57233_7,59.71768247438676,42.44533661998052
2024120805_1822_57233_8,59.711831635759474,42.468977200884744
2024120805_1822_57233_9,59.71408217285154,42.47439721608652
2024120805_1847_52518_1,72.45658004358403,20.803935532580674
2024120805_1847_52518_2,72.44639627023176,20.81532249293982
2024120805_1847_52518_3,72.44414211252837,20.8230611545505
2024120805_1847_52518_4,72.42890485419775,20.838427970506572
2024120805_1847_52518_5,72.42358301451677,20.852639831352068
2024120805_1847_52518_6,72.42278279812048,20.854013056641502
2024120805_1847_52518_7,72.41879118339561,20.861637885914945
2024120805_1847_52518_8,72.4089023078265,20.87529687766566
2024120805_1847_57213_1,67.86983050654575,13.300960105443433
2024120805_1847_57213_2,67.87444424816155,13.30526016450604
2024120805_1847_57213_3,67.87680502368818,13.318111168131926
2024120805_1847_57213_4,67.86399892513427,13.33970833411804
2024120805_1847_57213_5,67.86371947623643,13.35749438748643
2024120805_1847_57213_6,67.86473676298384,13.36440363145092
2024120805_1847_57213_7,67.86594201877121,13.380335415937846
2024120805_1847_57213_8,67.87381526637192,13.390099771605774
2024120805_1947_41233_1,70.24697791255264,14.398369055439803
2024120805_1947_41233_10,70.40105626966987,14.439124406273734
2024120805_1947_41233_11,70.41962562343294,14.446741900589807
2024120805_1947_41233_2,70.2793527542388,14.40941238401585
2024120805_1947_41233_3,70.30239366471461,14.419967387333823
2024120805_1947_41233_4,70.3261102759626,14.414818917761732
2024120805_1947_41233_5,70.34220317966839,14.420569852048379
2024120805_1947_41233_6,70.34306571755701,14.421173446317807
2024120805_1947_41233_7,70.36432483596226,14.425772930540248
2024120805_1947_41233_8,70.36782535334314,14.428373287058449
2024120805_1947_41233_9,70.3801774139859,14.430015246887812
2024120805_1947_52518_1,71.39794955217945,20.086591429118737
2024120805_1947_52518_10,71.53650003445178,20.02329195433539
2024120805_1947_52518_11,71.54850776011244,20.022216918533818
2024120805_1947_52518_2,71.41812267178132,20.06705878107603
2024120805_1947_52518_3,71.44275392300726,20.053214981191747
2024120805_1947_52518_4,71.46358877792034,20.054704383682903
2024120805_1947_52518_5,71.48055195142875,20.046156424458594
2024120805_1947_52518_6,71.48141448931737,20.047868908825166
2024120805_1947_52518_7,71.50252488140521,20.04569579648959
2024120805_1947_52518_8,71.5057247678313,20.032531977966787
2024120805_1947_52518_9,71.51210405118903,20.029046392064483
2024120805_1947_54586_1,71.8024451904129,10.141725961219207
2024120805_1947_54586_10,72.01478025879126,10.179402251433455
2024120805_1947_54586_11,72.04223140581159,10.184067675304126
2024120805_1947_54586_2,71.84249232142737,10.15406273011941
2024120805_1947_54586_3,71.8713070523317,10.161360699573724
2024120805_1947_54586_4,71.90233159140084,10.15635782716919
2024120805_1947_54586_5,71.93103752158713,10.15998793899747
2024120805_1947_54586_6,71.93190005947035,10.165575983853053
2024120805_1947_54586_7,71.95939552488136,10.177405214595138
2024120805_1947_54586_8,71.97633445708533,10.178343889761965
2024120805_1947_54586_9,71.9817944876315,10.172668343277355
2024120805_1947_55100_1,70.72806466426754,25.522418255385332
2024120805_1947_55100_10,70.88650424591302,25.469205072736433
2024120805_1947_55100_11,70.89851197156649,25.45827096278947
2024120805_1947_55100_2,70.76043950594651,25.514567617249124
2024120805_1947_55100_3,70.78773899553727,25.503120708107808
2024120805_1947_55100_4,70.81029819212627,25.504610110598964
2024120805_1947_55100_5,70.82726136563468,25.499068187836123
2024120805_1947_55100_6,70.8281239035161,25.49815403303581
2024120805_1947_55100_7,70.85691563625673,25.504043453702938
2024120805_1947_55100_8,70.86162346831156,25.492428877782206
2024120805_1947_55100_9,70.86852292195454,25.485064064334164
2024120805_1947_57801_1,78.75518099437042,16.231297162891295
2024120805_1947_57801_10,78.90766589759588,16.287130573996553
2024120805_1947_57801_11,78.9254710042725,16.29390615291968
2024120805_1947_57801_2,78.7876699887434,16.261108145544835
2024120805_1947_57801_3,78.79846298560756,16.29329662645002
2024120805_1947_57801_4,78.82290793244584,16.256549183145083
2024120805_1947_57801_5,78.83003605771853,16.261018060256134
2024120805_1947_57801_6,78.83443121360212,16.267921201336886
2024120805_1947_57801_7,78.85554160568995,16.28180583741776
2024120805_1947_57801_8,78.86840874656264,16.2760962119707
2024120805_1947_57801_9,78.88176196858575,16.28254764005475
2024120805_2274_47890_1,68.95613835178379,20.341365080061053
2024120805_2274_47890_10,69.0216339683461,20.36223967724061
2024120805_2274_47890_2,68.96855856027098,20.33947281461859
2024120805_2274_47890_3,68.99028302202065,20.33651990374807
2024120805_2274_47890_4,68.99483657604252,20.33671067189945
2024120805_2274_47890_5,69.00344354681876,20.34190735015502
2024120805_2274_47890_6,69.00124983970242,20.34361983452159
2024120805_2274_47890_7,69.0092391397828,20.349573265727653
2024120805_2274_47890_8,69.0110724395743,20.350216452427183
2024120805_2274_47890_9,69.01718788679082,20.356889088475825
2024120805_2274_54622_1,67.52622654441919,14.583721362918444
2024120805_2274_54622_10,67.711261927685,14.514473199664165
2024120805_2274_54622_2,67.56812171027754,14.552701316222556
2024120805_2274_54622_3,67.59957018586961,14.541024709401665
2024120805_2274_54622_4,67.6221293824586,14.542939123093692
2024120805_2274_54622_5,67.63865082587877,14.534390243533302
2024120805_2274_54622_6,67.639626749165,14.536102727899872
2024120805_2274_54622_7,67.66073714125284,14.530721727425236
2024120805_2274_54622_8,67.6732557357781,14.517849709578218
2024120805_2274_54622_9,67.68305425173315,14.52086708690032
2024120805_2274_55900_1,63.415822863050494,19.82987423417695
2024120805_2274_55900_10,63.44533529911697,19.522073478376942
2024120805_2274_55900_2,63.414687554027815,19.729298281332333
2024120805_2274_55900_3,63.415220916941436,19.680699057101176
2024120805_2274_55900_4,63.42008845354301,19.66445310447443
2024120805_2274_55900_5,63.43484012126051,19.646638319198576
2024120805_2274_55900_6,63.43251314946568,19.59549866811915
2024120805_2274_55900_7,63.42514508050675,19.585127242588456
2024120805_2274_55900_8,63.431903775020736,19.556120191198954
2024120805_2274_55900_9,63.44463716541705,19.541069139334873
2024120805_2343_38588_1,75.43401925254825,19.364409098824535
2024120805_2343_38588_10,75.48781478048991,19.301650628500507
2024120805_2343_38588_2,75.4506829363672,19.344829124798085
2024120805_2343_38588_3,75.47998205492806,19.308214519427086
2024120805_2343_38588_4,75.47824147940806,19.31015724868164
2024120805_2343_38588_5,75.4797599633632,19.304107138390037
2024120805_2343_38588_6,75.48174084469093,19.303948188176655
2024120805_2343_38588_7,75.48325932863888,19.30319470085682
2024120805_2343_38588_8,75.48477781258684,19.302441213536987
2024120805_2343_38588_9,75.48629629653479,19.302404115820345
2024120805_2343_48097_1,71.83107012677735,10.36740417132677
2024120805_2343_48097_10,71.95384134119084,10.280563596158657
2024120805_2343_48097_2,71.89650542535362,10.342487120594267
2024120805_2343_48097_3,71.93827404519043,10.303024291501073
2024120805_2343_48097_4,71.95684803424956,10.296321935839638
2024120805_2343_48097_5,71.9583665182011,10.27787542737163
2024120805_2343_48097_6,71.94776740539184,10.278898188682522
2024120805_2343_48097_7,71.9492858893434,10.278144701362686
2024120805_2343_48097_8,71.95080437329135,10.277391214042852
2024120805_2343_48097_9,71.9523228572393,10.278895863324236
2024120805_2343_56543_1,79.1481746681103,13.25289403409165
2024120805_2343_56543_10,79.14864683495321,13.066699702987535
2024120805_2343_56543_2,79.1484046815525,13.18440855965436
2024120805_2343_56543_3,79.1444813846923,13.13549655885389
2024120805_2343_56543_4,79.1398560872644,13.134743071534054
2024120805_2343_56543_5,79.14137457121235,13.083721451649026
2024120805_2343_56543_6,79.14187786134806,13.062144992427822
2024120805_2343_56543_7,79.14409138310579,13.061391505107988
2024120805_2343_56543_8,79.14560986705374,13.06063801778815
2024120805_2343_56543_9,79.14712835100526,13.06745319030737
2024120805_2524_38588_1,100.03681071883379,20.208320063900608
2024120805_2524_38588_2,100.06688678682542,20.140752953677115
2024120805_2524_38588_3,100.1042700484531,20.067475637506597
2024120805_2524_38588_4,100.1005733366451,20.045190553951127
2024120805_2524_38588_5,100.11036609986914,20.01919856786233
2024120805_2524_38588_6,100.11979509175035,19.996773117156344
2024120805_2524_38588_7,100.1261959507978,19.99407546992725
2024120805_2524_55900_1,95.289589162028,29.498975816991685
2024120805_2524_55900_2,95.31730641498537,29.325607477395277
2024120805_2524_55900_3,95.35372810947865,29.22580500050474
2024120805_2524_55900_4,95.3495616581292,29.19771828798117
2024120805_2524_55900_5,95.3570220824525,29.18087988353206
2024120805_2524_55900_6,95.3625150748607,29.163148958424326
2024120805_2524_55900_7,95.36891593391535,29.143753884041868
2024120805_2524_57210_1,97.13470185657405,29.880388674599036
2024120805_2524_57210_2,97.13575659823312,29.776298345847824
2024120805_2524_57210_3,97.14148882248948,29.69353071453949
2024120805_2524_57210_4,97.14217271917718,29.657705816271278
2024120805_2524_57210_5,97.14466485307308,29.63681587091003
2024120805_2524_57210_6,97.14580931243889,29.618412364196427
2024120805_2524_57210_7,97.14887931323206,29.599917010363914
2024120805_2549_38588_1,109.9603299106066,34.26807334331545
2024120805_2549_38588_10,110.14705606717696,34.488616842490025
2024120805_2549_38588_2,110.00820255273858,34.29336763448423
2024120805_2549_38588_3,110.05101226601852,34.321178020761664
2024120805_2549_38588_4,110.0521665625851,34.34740199389609
2024120805_2549_38588_5,110.05612663073335,34.36971734320055
2024120805_2549_38588_6,110.06641433381564,34.40107821729994
2024120805_2549_38588_7,110.10566005893372,34.43824985012827
2024120805_2549_38588_8,110.10941504543527,34.451098090628165
2024120805_2549_38588_9,110.12748086598492,34.4580060658742
2024120805_2549_56543_1,112.11321122631433,31.168245923945303
2024120805_2549_56543_10,112.15467133367319,31.263233890639096
2024120805_2549_56543_2,112.12076367345875,31.19508842560649
2024120805_2549_56543_3,112.1244826710822,31.209767213999804
2024120805_2549_56543_4,112.10398059842063,31.22353328578316
2024120805_2549_56543_5,112.10704214597581,31.228277806771626
2024120805_2549_56543_6,112.11015410836664,31.2345171704149
2024120805_2549_56543_7,112.11983090249659,31.23039488945035
2024120805_2549_56543_8,112.13144671687566,31.244743652898627
2024120805_2549_56543_9,112.14361142530345,31.245925492504906
2024120805_2549_57134_1,104.24799400610856,39.114213414826416
2024120805_2549_57134_10,104.31024998891924,39.24586320278782
2024120805_2549_57134_2,104.25042572405467,39.13324466184689
2024120805_2549_57134_3,104.25062040477354,39.16538329958184
2024120805_2549_57134_4,104.25700510576682,39.17869170204092
2024120805_2549_57134_5,104.26502176343729,39.19864213001244
2024120805_2549_57134_6,104.26332910805043,39.21184595553652
2024120805_2549_57134_7,104.2763128516265,39.22027740417285
2024120805_2549_57134_8,104.2858254728119,39.2314999465139
2024120805_2549_57134_9,104.29838423499145,39.229043421242956
2024120805_2549_57210_1,104.67071568879409,38.51975408002147
2024120805_2549_57210_10,104.68412424896108,38.72894205262899
2024120805_2549_57210_2,104.66987248283992,38.540040510362076
2024120805_2549_57210_3,104.6651659580421,38.58484665387595
2024120805_2549_57210_4,104.66890307828798,38.612257967821265
2024120805_2549_57210_5,104.6748223076837,38.63703831953063
2024120805_2549_57210_6,104.6751745473325,38.67270490235506
2024120805_2549_57210_7,104.68148366280322,38.69531125928884
2024120805_2549_57210_8,104.68433813995449,38.70276237498863
2024120805_2549_57210_9,104.68308236282863,38.7127642975322
2024120805_2656_46902_1,79.69095276470141,29.288797721999995
2024120805_2656_46902_2,79.65790017569097,29.31857376938367
2024120805_2656_46902_3,79.61935820768085,29.32806277530445
2024120805_2656_46902_4,79.6048921430096,29.3320645624179
2024120805_2656_46902_5,79.59820291562575,29.337901549350608
2024120805_2656_46902_6,79.5997213995737,29.34360550808913
2024120805_2656_46902_7,79.5999669411995,29.340552759912388
2024120805_2656_52428_1,85.01946356359157,22.17031766380622
2024120805_2656_52428_2,84.98641097458473,22.244032607260152
2024120805_2656_52428_3,84.95045264143714,22.322872897077065
2024120805_2656_52428_4,84.93743966259932,22.341312997220985
2024120805_2656_52428_5,84.92568246461903,22.34638181532327
2024120805_2656_52428_6,84.92720094856696,22.3498821213564
2024120805_2656_52428_7,84.92737481043673,22.372017878089327
2024120805_2656_54571_1,85.28135969595841,26.873572580674182
2024120805_2656_54571_2,85.24830710695515,26.848734250367333
2024120805_2656_54571_3,85.21747550133351,26.80898703235108
2024120805_2656_54571_4,85.20370258036236,26.794748683392466
2024120805_2656_54571_5,85.19858116687644,26.792214172255367
2024120805_2656_54571_6,85.2000996508316,26.790967752932104
2024120805_2656_54571_7,85.20027351270495,26.792263607656544
2024120805_2802_54622_1,75.67447748696323,12.638513885439759
2024120805_2802_54622_10,75.84423098378444,12.76360524830669
2024120805_2802_54622_11,75.87168213080298,12.776693215771806
2024120805_2802_54622_12,75.87285812758236,12.800866294254744
2024120805_2802_54622_13,75.88958123037612,12.81162991437887
2024120805_2802_54622_14,75.90660157860817,12.827106997727189
2024120805_2802_54622_15,75.92312261462355,12.83482802863976
2024120805_2802_54622_16,75.9385117553867,12.849711937311053
2024120805_2802_54622_2,75.71471310281275,12.688584286137063
2024120805_2802_54622_3,75.73835947023007,12.706810029943291
2024120805_2802_54622_4,75.75583841166797,12.712860631667875
2024120805_2802_54622_5,75.77593072784192,12.719027707581983
2024120805_2802_54622_6,75.78043926913033,12.732907757667714
2024120805_2802_54622_7,75.79561781501603,12.745741383003878
2024120805_2802_54622_8,75.8116656600092,12.749581423505408
2024120805_2802_54622_9,75.82768417531446,12.757973906556087
2024120805_2802_54831_1,64.96627019502948,22.63344755924591
2024120805_2802_54831_10,64.9587853143,22.43939683059239
2024120805_2802_54831_11,64.96414878334745,22.426057508260666
2024120805_2802_54831_12,64.96883279398232,22.389154965254257
2024120805_2802_54831_13,64.97035916249175,22.35517812126355
2024120805_2802_54831_14,64.97198481950792,22.32959907765914
2024120805_2802_54831_15,64.9722052153529,22.303379413213474
2024120805_2802_54831_16,64.97127369902748,22.277492848730482
2024120805_2802_54831_2,64.95558920179975,22.569319675975663
2024120805_2802_54831_3,64.95197466987153,22.532805578205604
2024120805_2802_54831_4,64.95344066433687,22.52698085462378
2024120805_2802_54831_5,64.96532088349069,22.514292092462
2024120805_2802_54831_6,64.96271044818381,22.50534336051136
2024120805_2802_54831_7,64.95534237922489,22.49069420155313
2024120805_2802_54831_8,64.95583605462483,22.473550121270065
2024120805_2802_54831_9,64.96123089632502,22.463442978211734
2024120805_2802_55965_1,52.55981796329144,19.744882211801066
2024120805_2802_55965_10,52.67965481325348,19.570596290177104
2024120805_2802_55965_11,52.69219780636277,19.55464545629223
2024120805_2802_55965_12,52.69847204401516,19.529569571294378
2024120805_2802_55965_13,52.72265607304185,19.489397348936897
2024120805_2802_55965_14,52.73178825197708,19.46120852751585
2024120805_2802_55965_15,52.73003605232065,19.438775759488685
2024120805_2802_55965_16,52.7382349821221,19.409376267688195
2024120805_2802_55965_2,52.5799910829005,19.688049286794662
2024120805_2802_55965_3,52.59498187357051,19.665178983357254
2024120805_2802_55965_4,52.609579058680666,19.656682492497424
2024120805_2802_55965_5,52.62437244785857,19.64060127958641
2024120805_2802_55965_6,52.62872269133436,19.631652547635774
2024120805_2802_55965_7,52.65599929820765,19.62107521916483
2024120805_2802_55965_8,52.65273913822949,19.608620858970525
2024120805_2802_55965_9,52.66339467114048,19.59218514046793
2024120805_2802_56543_1,66.82883782281395,13.268189111744862
2024120805_2802_56543_10,66.72897163070422,13.057799714694939
2024120805_2802_56543_11,66.7032080189641,13.038196090184123
2024120805_2802_56543_12,66.69491651850039,13.01354917674115
2024120805_2802_56543_13,66.68532633172033,12.967555574372092
2024120805_2802_56543_14,66.68584736135911,12.939212136489925
2024120805_2802_56543_15,66.67987073706433,12.917666973028076
2024120805_2802_56543_16,66.66955741971292,12.89564509009047
2024120805_2802_56543_2,66.79497410118391,13.208820476776085
2024120805_2802_56543_3,66.78431161211297,13.181599015035324
2024120805_2802_56543_4,66.77636359059805,13.173813207695002
2024120805_2802_56543_5,66.77247435088859,13.152348518837446
2024120805_2802_56543_6,66.76203606890752,13.14339978688681
2024120805_2802_56543_7,66.7308554166188,13.122232814587571
2024120805_2802_56543_8,66.72414579382476,13.09906789497864
2024120805_2802_56543_9,66.72746197640001,13.07768316836656
2024120805_2870_47890_1,67.08210121614795,13.411905921401472
2024120805_2870_47890_10,67.14381761176968,13.384391806487011
2024120805_2870_47890_11,67.13812507847852,13.390253233299914
2024120805_2870_47890_12,67.15204158276057,13.398511818871293
2024120805_2870_47890_2,67.08299387156279,13.41345088140307
2024120805_2870_47890_3,67.08630737900106,13.416282103107426
2024120805_2870_47890_4,67.08782586294899,13.39203595398828
2024120805_2870_47890_5,67.1035867317763,13.396648210070964
2024120805_2870_47890_6,67.1050076141492,13.395187720575937
2024120805_2870_47890_7,67.1066173954361,13.389757453441646
2024120805_2870_47890_8,67.12406284742076,13.398596985185987
2024120805_2870_47890_9,67.12876356105033,13.38957338574537
2024120805_2870_48097_1,69.69434850292745,2.194628746498498
2024120805_2870_48097_10,69.71729901517699,2.1366277651045684
2024120805_2870_48097_11,69.72006179350971,2.1150736824225835
2024120805_2870_48097_12,69.72347837859233,2.124029300963515
2024120805_2870_48097_2,69.69586698688259,2.1925444532097353
2024120805_2870_48097_3,69.69918049431006,2.186116806272296
2024120805_2870_48097_4,69.7006989782652,2.1590844009127825
2024120805_2870_48097_5,69.70116165265716,2.1669489866450493
2024120805_2870_48097_6,69.70258253503725,2.1654884971500206
2024120805_2870_48097_7,69.70945972855569,2.1590905402579748
2024120805_2870_48097_8,69.71337697645038,2.14865797491399
2024120805_2870_48097_9,69.71605736832853,2.146506141487083
2024120805_2870_57210_1,71.03594094717144,2.4020073680641296
2024120805_2870_57210_10,71.07920145603451,2.3329865951044106
2024120805_2870_57210_11,71.07487543775213,2.3146389232585522
2024120805_2870_57210_12,71.07952453690511,2.319057515018486
2024120805_2870_57210_2,71.03745943112119,2.4035523280657336
2024120805_2870_57210_3,71.0389904516765,2.3934415537558698
2024120805_2870_57210_4,71.04050893562625,2.3684751075936084
2024120805_2870_57210_5,71.05043855506092,2.376339693325875
2024120805_2870_57210_6,71.05185943743382,2.3748792038308464
2024120805_2870_57210_7,71.05873663094685,2.3716940509440394
2024120805_2870_57210_8,71.06265387885054,2.3619825229004396
2024120805_2870_57210_9,71.06735459248195,2.353658225481134
2024120805_2968_43329_1,75.32095979761205,16.52323328887917
2024120805_2968_43329_2,75.32247828156,16.495622416618918
2024120805_2968_43329_3,75.3295762109478,16.47769214487192
2024120805_2968_43329_4,75.3309970933279,16.448660033106034
2024120805_2968_43329_5,75.33537819060597,16.443272469565766
2024120805_2968_43329_6,75.33929543851505,16.429944574489255
2024120805_2968_43329_7,75.3394444623788,16.409543859436084
2024120805_2968_43329_8,75.34608737760956,16.396587280989966
2024120805_2968_43329_9,75.34571659566362,16.365084532330897
2024120805_2968_57233_1,77.64948841280038,7.839221407128838
2024120805_2968_57233_2,77.65100689675553,7.829743287403106
2024120805_2968_57233_3,77.65112352478211,7.833260259208514
2024120805_2968_57233_4,77.65254440716221,7.831799769713484
2024120805_2968_57233_5,77.65414829830539,7.8298854179832
2024120805_2968_57233_6,77.6580655462001,7.814103353168474
2024120805_2968_57233_7,77.65783171026256,7.816961305674208
2024120805_2968_57233_8,77.66447462548615,7.808555513033452
2024120805_2968_57233_9,77.66410384354016,7.790207864195996
2024120805_3013_41233_1,60.654468072359315,42.42985800527019
2024120805_3013_41233_10,60.87559679530898,42.63721786612471
2024120805_3013_41233_11,60.89831219378596,42.655921125768494
2024120805_3013_41233_12,60.909295352641465,42.68206704671148
2024120805_3013_41233_13,60.9477261384357,42.69518540360279
2024120805_3013_41233_2,60.70157138333576,42.4792721162908
2024120805_3013_41233_3,60.76921928603755,42.505063572611945
2024120805_3013_41233_4,60.77821726671557,42.51185304417442
2024120805_3013_41233_5,60.80352601480453,42.525243320989915
2024120805_3013_41233_6,60.815357201979246,42.54270933545103
2024120805_3013_41233_7,60.82346264654652,42.574239571297504
2024120805_3013_41233_8,60.85083097126262,42.589440157976625
2024120805_3013_41233_9,60.87828138201227,42.61169020386536
2024120805_3013_53472_1,52.28635590786934,37.673615742592084
2024120805_3013_53472_10,52.35885846011144,37.81514047133714
2024120805_3013_53472_11,52.37517697457547,37.81922228712621
2024120805_3013_53472_12,52.38175282802738,37.843209347854255
2024120805_3013_53472_13,52.37231245914489,37.87375702224683
2024120805_3013_53472_2,52.30533386199017,37.70542787391744
2024120805_3013_53472_3,52.32863094055913,37.73143795398267
2024120805_3013_53472_4,52.32512964655229,37.73822742554513
2024120805_3013_53472_5,52.33228618959707,37.748225510311734
2024120805_3013_53472_6,52.333522839787705,37.76903043589322
2024120805_3013_53472_7,52.33843006980091,37.78549686535416
2024120805_3013_53472_8,52.34239800735002,37.79392798894756
2024120805_3013_53472_9,52.34769252920328,37.79753508076469
2024120805_3013_57233_1,63.01075624270102,42.77179856894091
2024120805_3013_57233_10,63.248452301173444,42.7751422495508
2024120805_3013_57233_11,63.26950556007372,42.770219616506495
2024120805_3013_57233_12,63.28048871892921,42.78807599221637
2024120805_3013_57233_13,63.315101950671504,42.8003072250385
2024120805_3013_57233_2,63.07525890175251,42.76158482084874
2024120805_3013_57233_3,63.145543874407096,42.77281605317331
2024120805_3013_57233_4,63.15090133369394,42.77074492308539
2024120805_3013_57233_5,63.17544511195069,42.76871875097161
2024120805_3013_57233_6,63.18571714829111,42.776073155454135
2024120805_3013_57233_7,63.19142597199919,42.79080327297652
2024120805_3013_57233_8,63.222163149271175,42.79291270866083
2024120805_3013_57233_9,63.24961356002084,42.78459833627722
2024120805_3068_43329_1,60.47561582947827,32.24389421248926
2024120805_3068_43329_10,60.59479645377531,32.473723626676346
2024120805_3068_43329_11,60.60137230722002,32.50020661522543
2024120805_3068_43329_2,60.49002773836457,32.28226191836968
2024120805_3068_43329_3,60.508870949057865,32.31523852604029
2024120805_3068_43329_4,60.524468859227355,32.31482023315901
2024120805_3068_43329_5,60.524265687569795,32.327835924206546
2024120805_3068_43329_6,60.53944117502754,32.357964189838135
2024120805_3068_43329_7,60.553668880383796,32.39216117159579
2024120805_3068_43329_8,60.57018257147563,32.44372571683104
2024120805_3068_43329_9,60.57791356282727,32.45215376402119
2024120805_3068_46902_1,63.52336773002914,24.95962152849286
2024120805_3068_46902_10,63.768171733381195,24.916865394084937
2024120805_3068_46902_11,63.78170900892245,24.916287985225697
2024120805_3068_46902_2,63.56140086051302,24.953287672819826
2024120805_3068_46902_3,63.611370160731155,24.94531790630027
2024120805_3068_46902_4,63.656645966733684,24.950528559791866
2024120805_3068_46902_5,63.67129733026632,24.942919415089374
2024120805_3068_46902_6,63.675337466316364,24.94868452453342
2024120805_3068_46902_7,63.706170358537776,24.943827902352677
2024120805_3068_46902_8,63.73350664761556,24.936554439738305
2024120805_3068_46902_9,63.74420692219529,24.922820217181762
2024120805_3068_53472_1,65.5016434790971,35.74801541316721
2024120805_3068_53472_10,65.49903983480867,35.85463566859976
2024120805_3068_53472_11,65.50113375881418,35.86979604902698
2024120805_3068_53472_2,65.50547096048994,35.7703737031652
2024120805_3068_53472_3,65.49834557709232,35.779631150768736
2024120805_3068_53472_4,65.49311563289564,35.795479987568854
2024120805_3068_53472_5,65.49284889202033,35.81089863390402
2024120805_3068_53472_6,65.4995940508071,35.829017250692345
2024120805_3068_53472_7,65.5008651539999,35.8401271059674
2024120805_3068_53472_8,65.50456760050797,35.85086758516631
2024120805_3068_53472_9,65.50365741555343,35.85753616399478
2024120805_3068_53509_1,53.82177827861174,25.346980168111635
2024120805_3068_53509_10,53.83397357570005,25.2555760631812
2024120805_3068_53509_11,53.83451986255662,25.251305908557736
2024120805_3068_53509_2,53.83042578514916,25.33585552472761
2024120805_3068_53509_3,53.82546288528176,25.31001304870603
2024120805_3068_53509_4,53.81809481632283,25.305390723216625
2024120805_3068_53509_5,53.81957414737266,25.299831476629855
2024120805_3068_53509_6,53.82497119787224,25.285090618946427
2024120805_3068_53509_7,53.82252267077178,25.281650883193706
2024120805_3068_53509_8,53.825945335097735,25.274885943333693
2024120805_3068_53509_9,53.831121549973,25.25721035574638
2024120805_3068_57233_1,56.74576842234929,43.13484528232656
2024120805_3068_57233_10,56.82213312899052,43.13472847662885
2024120805_3068_57233_11,56.827984222112974,43.141247757205335
2024120805_3068_57233_2,56.76586223981697,43.14420171442241
2024120805_3068_57233_3,56.785114633071494,43.13994267307415
2024120805_3068_57233_4,56.7886579721774,43.15056118312754
2024120805_3068_57233_5,56.79114025087039,43.15029833361273
2024120805_3068_57233_6,56.79787820391236,43.1536517959268
2024120805_3068_57233_7,56.80267824376298,43.15950046816367
2024120805_3068_57233_8,56.80892904128399,43.14893916405161
2024120805_3068_57233_9,56.81728324282867,43.13979215216894
2024120805_312_41233_1,45.86257346713964,39.048161768087894
2024120805_312_41233_10,45.82384515665155,39.374026200116454
2024120805_312_41233_11,45.82566591094239,39.44353237505616
2024120805_312_41233_2,45.845780045951365,39.09503347816017
2024120805_312_41233_3,45.83212742190935,39.15263456605943
2024120805_312_41233_4,45.831866800880306,39.17381603556902
2024120805_312_41233_5,45.82770402079697,39.208931181977526
2024120805_312_41233_6,45.826106804029365,39.25377957508087
2024120805_312_41233_7,45.82716650695786,39.26466875524047
2024120805_312_41233_8,45.82725144261253,39.2853342612787
2024120805_312_41233_9,45.82944901005011,39.322382151198866
2024120805_312_54586_1,38.65405540864243,46.92071251234902
2024120805_312_54586_10,38.306020018029116,47.099915092294104
2024120805_312_54586_11,38.2956381901305,47.107748828546086
2024120805_312_54586_2,38.56566088501258,46.952291359888456
2024120805_312_54586_3,38.501623444742926,46.98750381786912
2024120805_312_54586_4,38.46988496611553,47.004400894176996
2024120805_312_54586_5,38.43930830934505,47.01631642765785
2024120805_312_54586_6,38.38934788917894,47.03422239625424
2024120805_312_54586_7,38.37253135688827,47.05078190779532
2024120805_312_54586_8,38.35238690862406,47.062928118252366
2024120805_312_54586_9,38.337393001426975,47.07478867072619
2024120805_312_57801_1,42.61499761461574,38.808308994091604
2024120805_312_57801_10,42.62907080860938,39.139456757279305
2024120805_312_57801_11,42.63613600601124,39.21034628438084
2024120805_312_57801_2,42.60896494285857,38.85495687842968
2024120805_312_57801_3,42.61373112696273,38.90655189443159
2024120805_312_57801_4,42.61874458139216,38.92773336394117
2024120805_312_57801_5,42.619647550146496,38.965804519523466
2024120805_312_57801_6,42.62316813824555,39.007197671983484
2024120805_312_57801_7,42.627385122790926,39.019311267261386
2024120805_312_57801_8,42.626695004708594,39.04404102322036
2024120805_312_57801_9,42.63114867042553,39.07999132423563
2024120805_3169_48097_1,86.76671873967744,40.38078451842197
2024120805_3169_48097_2,86.72946756462233,40.25238290495954
2024120805_3169_48097_3,86.70309807662723,40.153627287881484
2024120805_3169_48097_4,86.69370516707535,40.1405744334804
2024120805_3169_48097_5,86.69522365102688,40.132417026479494
2024120805_3169_48097_6,86.68937360769092,40.125853947365854
2024120805_3169_48097_7,86.6833334742313,40.12642415818605
2024120805_3169_48097_8,86.68485195817927,40.13048955057113
2024120805_3169_48097_9,86.67840580236646,40.100637981537325
2024120805_3169_54622_1,86.45356372901972,41.21198856894539
2024120805_3169_54622_2,86.42450627158347,41.09593360092605
2024120805_3169_54622_3,86.40014931215181,41.00401392289526
2024120805_3169_54622_4,86.38562154461542,40.99227012227088
2024120805_3169_54622_5,86.38714002856427,40.98591014872741
2024120805_3169_54622_6,86.38486211512019,40.98481607472425
2024120805_3169_54622_7,86.37856234018389,40.98538628554445
2024120805_3169_54622_8,86.38008082413366,40.980203404747954
2024120805_3169_54622_9,86.36949241970143,40.95960010889573
2024120805_3169_57210_1,87.22538326348644,30.340987405953697
2024120805_3169_57210_2,87.1989483957401,30.229957412357024
2024120805_3169_57210_3,87.17935951346006,30.125910111624435
2024120805_3169_57210_4,87.16483174592638,30.11323897694529
2024120805_3169_57210_5,87.16635022987433,30.105037025678197
2024120805_3169_57210_6,87.16050018653839,30.099101494686057
2024120805_3169_57210_7,87.15446005307875,30.099159998646837
2024120805_3169_57210_8,87.15597853702671,30.09750826331478
2024120805_3169_57210_9,87.1546244564197,30.077868743403535
2024120805_3249_46902_1,32.872342870435816,41.7996720282344
2024120805_3249_46902_10,32.68038883566426,42.10954831724938
2024120805_3249_46902_11,32.67757999738299,42.14632612838087
2024120805_3249_46902_2,32.79406436805612,41.87128538429356
2024120805_3249_46902_3,32.7316844323629,41.99327953224691
2024120805_3249_46902_4,32.718706869041334,42.00335525821695
2024120805_3249_46902_5,32.71671489760033,42.02711254883339
2024120805_3249_46902_6,32.69792828339233,42.05689617149165
2024120805_3249_46902_7,32.69027363958201,42.08277113092217
2024120805_3249_46902_8,32.68490714470073,42.09937407822202
2024120805_3249_46902_9,32.67887035171631,42.10450663235265
2024120805_3249_53472_1,40.897162952610536,30.483919077275452
2024120805_3249_53472_10,41.262507491746085,30.335930994134667
2024120805_3249_53472_11,41.26757773667943,30.336997635911704
2024120805_3249_53472_2,40.99681518462461,30.460515914370706
2024120805_3249_53472_3,41.137188360526196,30.41373407822106
2024120805_3249_53472_4,41.17320638961546,30.403884195610043
2024120805_3249_53472_5,41.19530573576384,30.40456356008734
2024120805_3249_53472_6,41.22918048982627,30.384786049732188
2024120805_3249_53472_7,41.24541048801506,30.3693580781426
2024120805_3249_53472_8,41.24386157171997,30.351160211115587
2024120805_3249_53472_9,41.24715241342776,30.33848907643644
2024120805_3249_55100_1,36.30962918212244,36.54284321828032
2024120805_3249_55100_10,36.33003294517998,36.71554374711202
2024120805_3249_55100_11,36.331551429135125,36.72963815669315
2024120805_3249_55100_2,36.31275829068063,36.582719642402985
2024120805_3249_55100_3,36.31426212521038,36.63956859548993
2024120805_3249_55100_4,36.313189883581224,36.640964506841094
2024120805_3249_55100_5,36.31764354930535,36.65012017428418
2024120805_3249_55100_6,36.3155656874964,36.671830331678954
2024120805_3249_55100_7,36.32263088488387,36.6853591243798
2024120805_3249_55100_8,36.327807831507414,36.699967920346836
2024120805_3249_55100_9,36.32851446122484,36.70913922855085
2024120805_3249_57213_1,43.255596811955485,40.12963098682805
2024120805_3249_57213_10,43.684458452567945,40.096977248445505
2024120805_3249_57213_11,43.69021637262605,40.085032680197735
2024120805_3249_57213_2,43.382081346132715,40.116071755472255
2024120805_3249_57213_3,43.5380557072606,40.11682522557436
2024120805_3249_57213_4,43.569322037400624,40.11147251518507
2024120805_3249_57213_5,43.5980320627197,40.113540150970756
2024120805_3249_57213_6,43.63524867071428,40.114040943761324
2024120805_3249_57213_7,43.65478537566398,40.10067053644503
2024120805_3249_57213_8,43.656579141612866,40.0937243536316
2024120805_3249_57213_9,43.658725217724616,40.10063973404098
2024120805_3249_57233_1,46.56230249626219,40.98139983844408
2024120805_3249_57233_10,46.77727529971623,40.93391430298974
2024120805_3249_57233_11,46.787088588668844,40.93040093390891
2024120805_3249_57233_2,46.631078018007855,40.96912815214776
2024120805_3249_57233_3,46.7065844299855,40.96775365245943
2024120805_3249_57233_4,46.732018625793856,40.96285039544459
2024120805_3249_57233_5,46.74300178465296,40.95988951073518
2024120805_3249_57233_6,46.76579543487103,40.960214167404004
2024120805_3249_57233_7,46.764367520198505,40.94336032170746
2024120805_3249_57233_8,46.77577868750035,40.936481945984895
2024120805_3249_57233_9,46.77369628857908,40.93657988054543
2024120805_3272_41233_1,45.94853050083946,33.279252717226335
2024120805_3272_41233_10,46.03480597615393,33.01153987383536
2024120805_3272_41233_11,46.04498738475874,32.95990364782441
2024120805_3272_41233_2,45.96192405674843,33.21591626383645
2024120805_3272_41233_3,45.96445418082429,33.171869345806925
2024120805_3272_41233_4,45.9673766723973,33.1607412131328
2024120805_3272_41233_5,45.992687918393884,33.14859231107981
2024120805_3272_41233_6,45.995628943281275,33.102317707647984
2024120805_3272_41233_7,46.008368342263,33.086641625213296
2024120805_3272_41233_8,46.00819314882581,33.059580339277375
2024120805_3272_41233_9,46.02656109807846,33.03219748652523
2024120805_3272_46902_1,43.14623967131828,29.850195806978967
2024120805_3272_46902_10,43.17390580733161,29.890124629963196
2024120805_3272_46902_11,43.18001953434991,29.88811321270846
2024120805_3272_46902_2,43.14947269613804,29.866439892132497
2024120805_3272_46902_3,43.155700362426884,29.868551038498094
2024120805_3272_46902_4,43.15428753762029,29.865734589503727
2024120805_3272_46902_5,43.17167490359922,29.869557933228933
2024120805_3272_46902_6,43.16934793180439,29.8688044459091
2024120805_3272_46902_7,43.164266713932314,29.866855617937226
2024120805_3272_46902_8,43.164559843772025,29.867574427997845
2024120805_3272_46902_9,43.1728312879251,29.882313430660012
2024120805_3272_52518_1,47.22761691620538,26.71973385948328
2024120805_3272_52518_10,47.390149487795064,26.34637365222182
2024120805_3272_52518_11,47.4081526507885,26.26148356762141
2024120805_3272_52518_2,47.267661838419535,26.63903994503142
2024120805_3272_52518_3,47.28999077690533,26.588421532155447
2024120805_3272_52518_4,47.30631230369861,26.56681235107466
2024120805_3272_52518_5,47.32690359278852,26.546949324827725
2024120805_3272_52518_6,47.3312538362643,26.497303624770357
2024120805_3272_52518_7,47.353952287855925,26.474656593064896
2024120805_3272_52518_8,47.358721813000194,26.42187606656605
2024120805_3272_52518_9,47.37251940810598,26.393214234589173
2024120805_3272_57233_1,46.89181299230676,36.138405319346276
2024120805_3272_57233_10,46.91341573476631,35.91188770915599
2024120805_3272_57233_11,46.917849924311284,35.875453152136316
2024120805_3272_57233_2,46.889099544452236,36.07866573947335
2024120805_3272_57233_3,46.88963290736587,36.04060127095458
2024120805_3272_57233_4,46.89236798301439,36.03642849958253
2024120805_3272_57233_5,46.90711965072469,36.01924258253556
2024120805_3272_57233_6,46.904046838579355,35.99574864221103
2024120805_3272_57233_7,46.90112546684939,35.97527448535391
2024120805_3272_57233_8,46.90439761257216,35.95265346724508
2024120805_3272_57233_9,46.915321631722314,35.92812096995956
2024120805_3419_53488_1,71.49665722374188,16.99675480409122
2024120805_3419_53488_2,71.48243271375681,17.061208628060303
2024120805_3419_53488_3,71.47066315185324,17.12637008759234
2024120805_3419_53488_4,71.46987236049247,17.165636415212877
2024120805_3419_53488_5,71.468575672154,17.202610575879948
2024120805_3419_53488_6,71.46834287047614,17.208768076237757
2024120805_3419_53488_7,71.46986135443127,17.21439435861129
2024120805_3419_53488_8,71.47010689604987,17.22932951370722
2024120805_3419_55947_1,69.63423805260685,21.596405792351803
2024120805_3419_55947_2,69.56907931516955,21.544360253275077
2024120805_3419_55947_3,69.50657228901244,21.510547451067797
2024120805_3419_55947_4,69.49885235344811,21.500336854544052
2024120805_3419_55947_5,69.49130760088954,21.481748549211808
2024120805_3419_55947_6,69.48768322876599,21.470039717935915
2024120805_3419_55947_7,69.48920171271573,21.465399467291068
2024120805_3419_55947_8,69.48282074454619,21.461035062736865
2024120805_3419_57210_1,71.44853821234742,15.286665185648536
2024120805_3419_57210_2,71.45204609895035,15.215017330685534
2024120805_3419_57210_3,71.45336553972132,15.159787569424262
2024120805_3419_57210_4,71.45641635542646,15.126270171581607
2024120805_3419_57210_5,71.4576165624145,15.096106053846544
2024120805_3419_57210_6,71.45975351220693,15.072839286469902
2024120805_3419_57210_7,71.46127199615488,15.07086377690557
2024120805_3419_57210_8,71.46279048011002,15.062314477258903
2024120805_3444_47890_1,59.78467076491763,32.213112750329046
2024120805_3444_47890_10,59.555386767016685,32.33320376755717
2024120805_3444_47890_11,59.54576610144171,32.34727192626485
2024120805_3444_47890_12,59.542477109304144,32.360675349842346
2024120805_3444_47890_13,59.54054238310062,32.372340641090425
2024120805_3444_47890_14,59.542060867048576,32.37581039196575
2024120805_3444_47890_15,59.5392520287673,32.379942677873586
2024120805_3444_47890_16,59.541162363682375,32.38447928233065
2024120805_3444_47890_17,59.54268084763751,32.38294240494114
2024120805_3444_47890_18,59.53922722754727,32.389048734613006
2024120805_3444_47890_19,59.54074571149522,32.38829524729317
2024120805_3444_47890_2,59.733676981624285,32.22860695378315
2024120805_3444_47890_20,59.54226419544317,32.38754175997334
2024120805_3444_47890_3,59.67158186684419,32.25899209671375
2024120805_3444_47890_4,59.6577306428846,32.261929525323914
2024120805_3444_47890_5,59.65296175417296,32.26597178387923
2024120805_3444_47890_6,59.631656400218574,32.26997084534289
2024120805_3444_47890_7,59.609348111820644,32.286259867215456
2024120805_3444_47890_8,59.586726838679986,32.29617939190075
2024120805_3444_47890_9,59.57395344269717,32.312311517348256
2024120805_3444_48097_1,57.637682375413796,32.896472383293016
2024120805_3444_48097_10,57.311418067687235,33.04130740743152
2024120805_3444_48097_11,57.295524008935686,33.05979843545558
2024120805_3444_48097_12,57.27177086327998,33.07727786468786
2024120805_3444_48097_13,57.271502103373514,33.09210165828872
2024120805_3444_48097_14,57.273020587314264,33.09336849272752
2024120805_3444_48097_15,57.2702117490402,33.102406622952614
2024120805_3444_48097_16,57.2747028609936,33.10872782985762
2024120805_3444_48097_17,57.276221344941554,33.108089936749195
2024120805_3444_48097_18,57.27010327815391,33.11419626642106
2024120805_3444_48097_19,57.27162176209466,33.11344277910123
2024120805_3444_48097_2,57.54881958478021,32.92083820378726
2024120805_3444_48097_20,57.2731402460498,33.11268929178139
2024120805_3444_48097_3,57.479056469181344,32.95122334671786
2024120805_3444_48097_4,57.45964780040409,32.95929911081583
2024120805_3444_48097_5,57.44077725551026,32.96305790585909
2024120805_3444_48097_6,57.39230909474056,32.97635520007421
2024120805_3444_48097_7,57.38163515902378,32.99154458807256
2024120805_3444_48097_8,57.354163167861856,33.00147727607452
2024120805_3444_48097_9,57.338427101637,33.01636537894449
2024120805_3444_54622_1,49.926329031436815,38.15793969699187
2024120805_3444_54622_10,49.62726145203559,38.1235568140055
2024120805_3444_54622_11,49.610089332603415,38.120265927560666
2024120805_3444_54622_12,49.573600497249146,38.11279306272572
2024120805_3444_54622_13,49.57545164004572,38.102862730865034
2024120805_3444_54622_14,49.576970123993675,38.10043202307648
2024120805_3444_54622_15,49.57058915582954,38.110127876685596
2024120805_3444_54622_16,49.56801622652024,38.113252204189735
2024120805_3444_54622_17,49.56953471046818,38.11261431108131
2024120805_3444_54622_18,49.566380893922734,38.11315812949716
2024120805_3444_54622_19,49.56789937787068,38.112404642177324
2024120805_3444_54622_2,49.83546874337933,38.14893866923667
2024120805_3444_54622_20,49.56941786182582,38.115615962681936
2024120805_3444_54622_3,49.77338258581145,38.14145352284938
2024120805_3444_54622_4,49.74758490358417,38.13243446155279
2024120805_3444_54622_5,49.72287300110107,38.128627846673695
2024120805_3444_54622_6,49.69121665129867,38.13079164205267
2024120805_3444_54622_7,49.68406625896701,38.125859835759876
2024120805_3444_54622_8,49.66793005839732,38.12325425950635
2024120805_3444_54622_9,49.6545772944875,38.1288196787441
2024120805_3444_54831_1,55.091300647808396,28.695011779838133
2024120805_3444_54831_10,54.78386528092268,28.810014689254647
2024120805_3444_54831_11,54.769056584539044,28.826310512778704
2024120805_3444_54831_12,54.741014978519914,28.829359406709017
2024120805_3444_54831_13,54.742515226963484,28.83938429093149
2024120805_3444_54831_14,54.74403371091862,28.848520366972455
2024120805_3444_54831_15,54.74122487263735,28.840550122142954
2024120805_3444_54831_16,54.74313520755243,28.836600123556675
2024120805_3444_54831_17,54.75059832629602,28.831695819695025
2024120805_3444_54831_18,54.75261969743333,28.839314077475986
2024120805_3444_54831_19,54.75413818138847,28.838560590156153
2024120805_3444_54831_2,55.002397122861275,28.714477770349173
2024120805_3444_54831_20,54.75565666533642,28.83780710283632
2024120805_3444_54831_3,54.93598617329696,28.733768852886815
2024120805_3444_54831_4,54.92213421307571,28.737081446612162
2024120805_3444_54831_5,54.897921897114465,28.74430107344349
2024120805_3444_54831_6,54.85824839686879,28.74787630932226
2024120805_3444_54831_7,54.84484855443242,28.769480824247488
2024120805_3444_54831_8,54.82393153546911,28.78047425155036
2024120805_3444_54831_9,54.80681717394808,28.792222167721864
2024120805_3444_56540_1,48.30675810241894,23.125450939556554
2024120805_3444_56540_10,48.132938508481004,23.02672916031879
2024120805_3444_56540_11,48.118386793751135,23.015635470957285
2024120805_3444_56540_12,48.10586378238673,23.004603614718746
2024120805_3444_56540_13,48.09816102311246,22.99600846446227
2024120805_3444_56540_14,48.0996795070604,22.99661486573143
2024120805_3444_56540_15,48.09687066877913,22.998341471983796
2024120805_3444_56540_16,48.09056103685442,22.99562803695205
2024120805_3444_56540_17,48.09207952079517,22.99122255524473
2024120805_3444_56540_18,48.0985329113318,22.98965990844503
2024120805_3444_56540_19,48.10005139527975,22.988906421125197
2024120805_3444_56540_2,48.25628020405769,23.107509879661173
2024120805_3444_56540_20,48.101569879227696,22.988152933805363
2024120805_3444_56540_3,48.215973489225476,23.098996686793654
2024120805_3444_56540_4,48.19966774236232,23.09778309419941
2024120805_3444_56540_5,48.19549927625912,23.097297067979227
2024120805_3444_56540_6,48.17469933841209,23.08891850343379
2024120805_3444_56540_7,48.16458071728694,23.05377436516424
2024120805_3444_56540_8,48.151484801543475,23.04095592222929
2024120805_3444_56540_9,48.145835543074,23.034440011731483
2024120805_3444_57210_1,60.89174549514044,41.76674297049226
2024120805_3444_57210_10,60.67979037373292,42.1030039171874
2024120805_3444_57210_11,60.662377538604396,42.14286333968287
2024120805_3444_57210_12,60.65665537380867,42.16757944033727
2024120805_3444_57210_13,60.65638661388782,42.17961824339464
2024120805_3444_57210_14,60.657905097842956,42.18567377051499
2024120805_3444_57210_15,60.65509625956888,42.22711080530873
2024120805_3444_57210_16,60.64847655709007,42.25240021443358
2024120805_3444_57210_17,60.65593893957199,42.25736459109974
2024120805_3444_57210_18,60.65239274072678,42.258920042932644
2024120805_3444_57210_19,60.65391122468193,42.25816655561281
2024120805_3444_57210_2,60.830910565259835,41.81897171059732
2024120805_3444_57210_20,60.65542970863707,42.25741306829297
2024120805_3444_57210_3,60.780977324014835,41.87156435881355
2024120805_3444_57210_4,60.766293215713546,41.895707837956884
2024120805_3444_57210_5,60.761788070616355,41.937364733208504
2024120805_3444_57210_6,60.7427114385758,41.98929593841187
2024120805_3444_57210_7,60.7241018777563,42.003269674519096
2024120805_3444_57210_8,60.70734815763078,42.02119888099208
2024120805_3444_57210_9,60.704614027183595,42.05343601068341
2024120805_3523_47877_1,65.1945564904941,22.106296967221404
2024120805_3523_47877_10,65.2014170505913,22.443616764122478
2024120805_3523_47877_2,65.18506775914378,22.18792178096132
2024120805_3523_47877_3,65.18064321541229,22.3118993809208
2024120805_3523_47877_4,65.1849470988828,22.375035223852446
2024120805_3523_47877_5,65.18827821946812,22.387118378988028
2024120805_3523_47877_6,65.18589698524232,22.393221136345748
2024120805_3523_47877_7,65.18934154854169,22.407970158059804
2024120805_3523_47877_8,65.19086003248246,22.43407830744432
2024120805_3523_47877_9,65.19395393184051,22.443233710404932
2024120805_3523_54831_1,64.57571838934979,27.08023717478094
2024120805_3523_54831_10,64.45850487938105,27.134533459266446
2024120805_3523_54831_2,64.5275330556008,27.089208261947476
2024120805_3523_54831_3,64.47553331287185,27.117624251885065
2024120805_3523_54831_4,64.46190479229361,27.12792690771789
2024120805_3523_54831_5,64.45695238255686,27.129825034356443
2024120805_3523_54831_6,64.4565395240921,27.13862366278846
2024120805_3523_54831_7,64.45278337790926,27.138362371203193
2024120805_3523_54831_8,64.45302891953864,27.134920626016385
2024120805_3523_54831_9,64.45698639542951,27.135068699918655
2024120805_3523_56543_1,52.01650885247023,28.975157846533403
2024120805_3523_56543_10,51.9390272909019,28.779889108953217
2024120805_3523_56543_2,51.99444312448901,28.904387191052976
2024120805_3523_56543_3,51.96234873966627,28.841225093443896
2024120805_3523_56543_4,51.95013437612273,28.81796144168642
2024120805_3523_56543_5,51.94154337221843,28.80384552744851
2024120805_3523_56543_6,51.93511854940711,28.78850803076716
2024120805_3523_56543_7,51.93663703335866,28.779978485260262
2024120805_3523_56543_8,51.93443153594125,28.782018586720902
2024120805_3523_56543_9,51.93750880695396,28.782166660623172
2024120805_3523_57134_1,61.2272814245927,28.499171648410844
2024120805_3523_57134_10,60.98048013077252,28.255889629483633
2024120805_3523_57134_2,61.12779680210601,28.425251218321797
2024120805_3523_57134_3,61.04367572728882,28.345876629801378
2024120805_3523_57134_4,61.01583875337645,28.322135539098664
2024120805_3523_57134_5,60.9890963561319,28.30078344762664
2024120805_3523_57134_6,60.98960454453051,28.287160957308707
2024120805_3523_57134_7,60.99112302848565,28.283047138900518
2024120805_3523_57134_8,60.98473764270833,28.27154457357504
2024120805_3523_57134_9,60.978961646831756,28.268166542620204
2024120805_3553_38588_1,33.382197199763745,20.810686513196224
2024120805_3553_38588_2,33.33602498030347,20.779912442264855
2024120805_3553_38588_3,33.293716787346305,20.74703702431752
2024120805_3553_38588_4,33.2688389683247,20.734894196257404
2024120805_3553_38588_5,33.25856923960935,20.71418648791416
2024120805_3553_38588_6,33.24369117141014,20.71251472136657
2024120805_3553_38588_7,33.236400769646195,20.701439697094965
2024120805_3553_38588_8,33.2249284153057,20.68122759143836
2024120805_3553_47877_1,35.29051246993953,10.103246298354094
2024120805_3553_47877_2,35.27968555194723,10.07691491762347
2024120805_3553_47877_3,35.259898759972856,10.05298240275578
2024120805_3553_47877_4,35.257370134427504,10.05103002635755
2024120805_3553_47877_5,35.26099582608961,10.029608638638456
2024120805_3553_47877_6,35.2590296363633,10.028953428860094
2024120805_3553_47877_7,35.251702728962954,10.029343566040065
2024120805_3553_47877_8,35.251610210527005,10.022709426075739
2024120805_3553_55900_1,40.94477434597894,20.943253592236154
2024120805_3553_55900_2,40.92139145628478,20.835496746948152
2024120805_3553_55900_3,40.90851484478151,20.73629008333584
2024120805_3553_55900_4,40.89304599182369,20.69813863786221
2024120805_3553_55900_5,40.889453677362695,20.648144263757132
2024120805_3553_55900_6,40.882902417287745,20.58061550403812
2024120805_3553_55900_7,40.88190457785137,20.553933824978564
2024120805_3553_55900_8,40.875893842734506,20.531396826444027
2024120805_3578_54831_1,34.517146407641896,26.516259778830236
2024120805_3578_54831_2,34.523596438638144,26.558019370392355
2024120805_3578_54831_3,34.52227963832571,26.595872061454276
2024120805_3578_54831_4,34.52335415772861,26.628364400107817
2024120805_3578_54831_5,34.52897237580968,26.67422953260894
2024120805_3578_54831_6,34.53102927902759,26.686335758992204
2024120805_3578_54831_7,34.529957037409226,26.69686769919886
2024120805_3578_54831_8,34.53441070312616,26.71436602464189
2024120805_3578_55965_1,38.158251025411936,28.65525013699955
2024120805_3578_55965_2,38.15905224839146,28.767622371889342
2024120805_3578_55965_3,38.143961330207,28.867866535384035
2024120805_3578_55965_4,38.14126078009175,28.931915558030624
2024120805_3578_55965_5,38.1441727510238,29.01253016689027
2024120805_3578_55965_6,38.14428534419996,29.047192416998616
2024120805_3578_55965_7,38.14531055952369,29.087633091801205
2024120805_3578_55965_8,38.14976422524783,29.102593683931754
2024120805_3578_56543_1,31.666148306100503,33.476907104267084
2024120805_3578_56543_2,31.70252581773351,33.50719182820829
2024120805_3578_56543_3,31.746258847425466,33.53444533277338
2024120805_3578_56543_4,31.76442419457217,33.55951819173826
2024120805_3578_56543_5,31.777717445661334,33.57484085603734
2024120805_3578_56543_6,31.7841176182993,33.58384864003483
2024120805_3578_56543_7,31.803632275897133,33.59356332180414
2024120805_3578_56543_8,31.810207024940354,33.61420036140791
2024120805_3632_47877_1,33.41190322397109,12.849126778727388
2024120805_3632_47877_10,33.43041055245599,12.423870724645354
2024120805_3632_47877_11,33.42998160526447,12.411677622544097
2024120805_3632_47877_2,33.412176345620715,12.752672409734732
2024120805_3632_47877_3,33.416775483115934,12.640780380710186
2024120805_3632_47877_4,33.42000963237721,12.5891261533779
2024120805_3632_47877_5,33.42055591924277,12.558113766858176
2024120805_3632_47877_6,33.42096111856685,12.520669623035822
2024120805_3632_47877_7,33.42609729154362,12.49872466414335
2024120805_3632_47877_8,33.42818543877982,12.45942053127407
2024120805_3632_47877_9,33.42889206850624,12.427229116496948
2024120805_3632_48097_1,34.75258473716046,12.986523723601756
2024120805_3632_48097_10,34.60171540994388,12.481865756619321
2024120805_3632_48097_11,34.59593778264361,12.464853159628047
2024120805_3632_48097_2,34.69405691212224,12.868247067020963
2024120805_3632_48097_3,34.65550742927912,12.758833427723278
2024120805_3632_48097_4,34.64286575316656,12.680003274173902
2024120805_3632_48097_5,34.63112836179984,12.646395311622552
2024120805_3632_48097_6,34.6138117027827,12.611572708907106
2024120805_3632_48097_7,34.613789376868624,12.583826863350096
2024120805_3632_48097_8,34.607225779039695,12.525846592628731
2024120805_3632_48097_9,34.60019692599593,12.487467022196922
2024120805_3632_57210_1,29.378474400219527,17.675990245898955
2024120805_3632_57210_10,29.0835248731164,17.324848653966637
2024120805_3632_57210_11,29.075196473803814,17.310691361983217
2024120805_3632_57210_2,29.258772178545872,17.593596518992054
2024120805_3632_57210_3,29.1464976198618,17.50092730513426
2024120805_3632_57210_4,29.13127386831533,17.459626641796017
2024120805_3632_57210_5,29.121096554168084,17.435566558223226
2024120805_3632_57210_6,29.10170231228617,17.408203593596266
2024120805_3632_57210_7,29.095660053055795,17.38091076555219
2024120805_3632_57210_8,29.085251496345656,17.34181583364453
2024120805_3632_57210_9,29.082006389168452,17.332138725733582
2024120805_3701_42397_1,19.799311025372635,35.840128089822514
2024120805_3701_42397_2,19.79734336988042,35.93740255706219
2024120805_3701_42397_3,19.787233467535206,36.03006655661314
2024120805_3701_42397_4,19.788751951475955,36.07141458318684
2024120805_3701_42397_5,19.78790850769197,36.108708856114376
2024120805_3701_42397_6,19.789426991639917,36.107955368794535
2024120805_3701_42397_7,19.79179817634,36.114178028946675
2024120805_3701_56540_1,11.950712312644665,37.734722994288525
2024120805_3701_56540_2,11.984661266065038,37.79186593548517
2024120805_3701_56540_3,12.017196076285666,37.83324959050023
2024120805_3701_56540_4,12.02046503945775,37.87163816613581
2024120805_3701_56540_5,12.024671491607192,37.89821235791062
2024120805_3701_56540_6,12.02618997555514,37.89745887059079
2024120805_3701_56540_7,12.027338586062987,37.89448111503741
2024120805_3790_46902_1,32.03129215015724,40.19276384248903
2024120805_3790_46902_10,32.020816300841865,40.56367488152338
2024120805_3790_46902_11,32.0219007594261,40.58731653679306
2024120805_3790_46902_2,32.024863795073145,40.30024791535111
2024120805_3790_46902_3,32.02804683305591,40.34533110852701
2024120805_3790_46902_4,32.02058526506696,40.369745720497065
2024120805_3790_46902_5,32.0155699432437,40.394876650682484
2024120805_3790_46902_6,32.015453124169426,40.42819455648998
2024120805_3790_46902_7,32.01961397924891,40.460770699105574
2024120805_3790_46902_8,32.01663511950364,40.49651682792923
2024120805_3790_46902_9,32.01927807511863,40.5498602430956
2024120805_3790_54571_1,41.88072547725224,37.60710218315498
2024120805_3790_54571_10,42.031060615570716,37.85928417542838
2024120805_3790_54571_11,42.05073764684826,37.88537655077884
2024120805_3790_54571_2,41.907594805776355,37.67037391177066
2024120805_3790_54571_3,41.945727703806774,37.71429385988149
2024120805_3790_54571_4,41.94533799366601,37.7217415263077
2024120805_3790_54571_5,41.973250736829286,37.72851658021282
2024120805_3790_54571_6,41.988318097420745,37.75032510842483
2024120805_3790_54571_7,41.99019067907845,37.77013018931019
2024120805_3790_54571_8,42.00634306714615,37.809452338619536
2024120805_3790_54571_9,42.031974893812695,37.849393932361096
2024120805_3790_54586_1,48.4745298483719,38.06288240387327
2024120805_3790_54586_10,48.7255496046895,37.92203776852447
2024120805_3790_54586_11,48.74960629055874,37.9108400759935
2024120805_3790_54586_2,48.51282149360223,38.03806549916273
2024120805_3790_54586_3,48.57417518832919,38.01769662815395
2024120805_3790_54586_4,48.591455911791364,38.01261604134023
2024120805_3790_54586_5,48.63658829776144,37.997203888346164
2024120805_3790_54586_6,48.64258436646372,37.98034024715009
2024120805_3790_54586_7,48.64369894185302,37.971321185853505
2024120805_3790_54586_8,48.664629425138514,37.95930361030311
2024120805_3790_54586_9,48.69507061422806,37.945376284873916
2024120805_3790_55100_1,43.46892399390768,35.35098343158681
2024120805_3790_55100_10,43.61671830351419,35.5152427035694
2024120805_3790_55100_11,43.635651703242424,35.531332268555126
2024120805_3790_55100_2,43.49086335068561,35.39311952490183
2024120805_3790_55100_3,43.52171807648534,35.42608745108748
2024120805_3790_55100_4,43.52491976716021,35.43287692264996
2024120805_3790_55100_5,43.548246291580924,35.43507606557479
2024120805_3790_55100_6,43.55891280690824,35.45282368279328
2024120805_3790_55100_7,43.5721570611406,35.467794422327614
2024120805_3790_55100_8,43.59198343084106,35.481419277503036
2024120805_3790_55100_9,43.616209538268244,35.4957159683358
2024120805_388_53916_1,24.626230558387086,37.887041275676225
2024120805_388_53916_10,24.629978783223976,38.028134457495376
2024120805_388_53916_11,24.631497267164725,38.027380970175535
2024120805_388_53916_12,24.633015751119867,38.03059229068014
2024120805_388_53916_13,24.63453423506062,38.03153516681945
2024120805_388_53916_14,24.63605271901576,38.03078167949962
2024120805_388_53916_15,24.6375712029709,38.03002819217979
2024120805_388_53916_16,24.639089686911653,38.02927470485995
2024120805_388_53916_17,24.640608170866795,38.02852121754012
2024120805_388_53916_18,24.642126654807548,38.02776773022028
2024120805_388_53916_2,24.628706636513424,37.939418741947755
2024120805_388_53916_3,24.629545266403888,37.99854944988467
2024120805_388_53916_4,24.630205788322932,38.01513313833157
2024120805_388_53916_5,24.627420294840018,38.02348939690482
2024120805_388_53916_6,24.628938778780764,38.02552489603605
2024120805_388_53916_7,24.630457262735906,38.02470061607248
2024120805_388_53916_8,24.6331912225967,38.024337351249756
2024120805_388_53916_9,24.634709706551842,38.022684879648835
2024120805_388_54586_1,20.29989839139139,42.438334544105466
2024120805_388_54586_10,20.176718918236237,42.51536346699645
2024120805_388_54586_11,20.178237402191378,42.514609979676614
2024120805_388_54586_12,20.179755886132128,42.51385649235678
2024120805_388_54586_13,20.18127437008727,42.51479936849609
2024120805_388_54586_14,20.182792854035217,42.51404588117626
2024120805_388_54586_15,20.18431133798316,42.513292393856425
2024120805_388_54586_16,20.185829821938306,42.512538906536584
2024120805_388_54586_17,20.187348305879055,42.51178541921674
2024120805_388_54586_18,20.188866789834197,42.51103193189691
2024120805_388_54586_2,20.24695112686318,42.46650614592348
2024120805_388_54586_3,20.20143606394737,42.4884262513862
2024120805_388_54586_4,20.193692345787184,42.50943661661487
2024120805_388_54586_5,20.18393208316952,42.5140062444284
2024120805_388_54586_6,20.18545056712466,42.51798549335657
2024120805_388_54586_7,20.1826417288362,42.52070374160769
2024120805_388_54586_8,20.187108492004377,42.5182266488808
2024120805_388_54586_9,20.18862697595232,42.52229204126588
2024120805_388_55100_1,11.768621398337588,38.203965761073974
2024120805_388_55100_10,11.692335172991719,38.50143374294665
2024120805_388_55100_11,11.693853656939664,38.50068025562682
2024120805_388_55100_12,11.695372140887612,38.499926768306985
2024120805_388_55100_13,11.696890624842753,38.5008696444463
2024120805_388_55100_14,11.698409108790699,38.50011615712646
2024120805_388_55100_15,11.699927592738646,38.49936266980662
2024120805_388_55100_16,11.701446076686592,38.498609182486796
2024120805_388_55100_17,11.70296456063454,38.497855695166955
2024120805_388_55100_18,11.704483044589681,38.49710220784713
2024120805_388_55100_2,11.733936409410951,38.30157675849978
2024120805_388_55100_3,11.711891913193337,38.40184225437921
2024120805_388_55100_4,11.714899544022584,38.41464460109116
2024120805_388_55100_5,11.695662435791567,38.42579804181918
2024120805_388_55100_6,11.697180919739512,38.43100906855427
2024120805_388_55100_7,11.697426461365303,38.46618549490987
2024120805_388_55100_8,11.699374575345649,38.488652684041085
2024120805_388_55100_9,11.700893059293595,38.48789919672125
2024120805_388_57213_1,18.973694972224507,44.96763127913162
2024120805_388_57213_10,18.8006724226763,45.136050985281464
2024120805_388_57213_11,18.80219090663144,45.141066164499144
2024120805_388_57213_12,18.80370939057219,45.14031267717931
2024120805_388_57213_13,18.805227874527333,45.14125555331862
2024120805_388_57213_14,18.806746358468086,45.14050206599879
2024120805_388_57213_15,18.808264842423224,45.139748578678955
2024120805_388_57213_16,18.809783326378366,45.13899509135912
2024120805_388_57213_17,18.81130181031912,45.13824160403929
2024120805_388_57213_18,18.812820294274264,45.137488116719446
2024120805_388_57213_2,18.902463892594653,45.02666594687415
2024120805_388_57213_3,18.83007477262864,45.07281550766371
2024120805_388_57213_4,18.80795513400896,45.083764528472464
2024120805_388_57213_5,18.80768637410249,45.09358287334596
2024120805_388_57213_6,18.809204858057633,45.09435788018462
2024120805_388_57213_7,18.806396019769167,45.124422355627665
2024120805_388_57213_8,18.805947971240226,45.14397233425104
2024120805_388_57213_9,18.807466455180975,45.14905230512861
2024120805_3948_46672_1,67.86918976185274,18.665491566948766
2024120805_3948_46672_2,67.90365508561483,18.654129101740946
2024120805_3948_46672_3,67.94694202113925,18.637904142468326
2024120805_3948_46672_4,67.94811129024825,18.635203604101434
2024120805_3948_46672_5,67.96265726782858,18.622628257562596
2024120805_3948_46672_6,67.98000054924842,18.626056497667715
2024120805_3948_46672_7,67.9920082749019,18.625826861365162
2024120805_3948_46672_8,68.00283135777566,18.610820514138982
2024120805_3948_46672_9,68.02326245570949,18.60104026202907
2024120805_3948_55900_1,74.65200069616792,23.373443703559527
2024120805_3948_55900_2,74.63599859917976,23.326906225874747
2024120805_3948_55900_3,74.61990762979028,23.29851582117419
2024120805_3948_55900_4,74.61274686906206,23.283330954623022
2024120805_3948_55900_5,74.61239227294172,23.269350627205654
2024120805_3948_55900_6,74.61500780307377,23.23248592470818
2024120805_3948_55900_7,74.60423719536647,23.194737137961624
2024120805_3948_55900_8,74.59557935113523,23.13621775050511
2024120805_3948_55900_9,74.58921436707529,23.077383988946075
2024120805_3973_48097_1,69.71609547510262,27.068679733424943
2024120805_3973_48097_2,69.71101608372784,27.12118022015397
2024120805_3973_48097_3,69.69987309653065,27.153002769292318
2024120805_3973_48097_4,69.70087467270965,27.172679460619634
2024120805_3973_48097_5,69.70070037673402,27.199297932583786
2024120805_3973_48097_6,69.69673712551602,27.24779079284641
2024120805_3973_48097_7,69.69966354463588,27.325055064732865
2024120805_3973_48097_8,69.70224190222528,27.351241866679203
2024120805_3973_48097_9,69.7025706072159,27.377012330526174
2024120805_3973_56543_1,64.4142429143164,32.71485712914813
2024120805_3973_56543_2,64.43261016315165,32.70436919186217
2024120805_3973_56543_3,64.44414272883579,32.70300435962029
2024120805_3973_56543_4,64.44578183022877,32.679392409463915
2024120805_3973_56543_5,64.44752477837825,32.67760889079434
2024120805_3973_56543_6,64.45073226867936,32.668072355045275
2024120805_3973_56543_7,64.45620507580976,32.65853975170381
2024120805_3973_56543_8,64.4613721184345,32.6461513002977
2024120805_3973_56543_9,64.46727008844562,32.64535934604195
2024120805_3998_38588_1,61.57059430287116,42.236772608625984
2024120805_3998_38588_2,61.5555866283876,42.27231121112084
2024120805_3998_38588_3,61.54718286138826,42.3081398999221
2024120805_3998_38588_4,61.542316944548446,42.31472523485662
2024120805_3998_38588_5,61.54573960887441,42.329955460808506
2024120805_3998_38588_6,61.55064463609118,42.34092004456713
2024120805_3998_38588_7,61.551136183830735,42.3525377754857
2024120805_3998_38588_8,61.54619653140738,42.36004020724236
2024120805_3998_55900_1,70.74880126318574,38.057736746051546
2024120805_3998_55900_2,70.69657203618748,38.05257321153847
2024120805_3998_55900_3,70.64999367484224,38.038000447205846
2024120805_3998_55900_4,70.65070667129008,38.02625501640626
2024120805_3998_55900_5,70.62907663519385,38.0183148437332
2024120805_3998_55900_6,70.61478319714146,38.008706531010134
2024120805_3998_55900_7,70.60299492300565,38.00587069439214
2024120805_3998_55900_8,70.59900447829052,38.000748095542356
2024120805_4033_38588_1,62.30321265520282,40.959224353127055
2024120805_4033_38588_2,62.29962772590467,40.97798482293859
2024120805_4033_38588_3,62.294305763418045,40.997211432664606
2024120805_4033_38588_4,62.295920870204704,41.00437985130154
2024120805_4033_38588_5,62.300547047219666,41.02643537551864
2024120805_4033_38588_6,62.29776329870856,41.03141638060182
2024120805_4033_38588_7,62.3011859630489,41.0492662511664
2024120805_4033_55900_1,64.65453176495764,31.318539466478697
2024120805_4033_55900_2,64.6313590043827,31.36602533375421
2024120805_4033_55900_3,64.60959279152101,31.38089848346512
2024120805_4033_55900_4,64.60385182838596,31.39922615946954
2024120805_4033_55900_5,64.60201438678016,31.427949992245942
2024120805_4033_55900_6,64.60429469551237,31.468007420151164
2024120805_4033_55900_7,64.60069188236338,31.517624939329984
2024120805_4058_57134_1,55.4229360679534,15.932124210285547
2024120805_4058_57134_2,55.41530317444946,15.861908602241702
2024120805_4058_57134_3,55.40837934903989,15.783887920069668
2024120805_4058_57134_4,55.4049995117136,15.752383476178531
2024120805_4058_57134_5,55.41019573409364,15.7331635461006
2024120805_4058_57134_6,55.41168083872875,15.662539995733932
2024120805_4058_57134_7,55.409971027313155,15.631754408633256
2024120805_4058_57134_8,55.409363120680666,15.596877462613879
2024120805_4058_57210_1,54.52899888198283,15.749356786224197
2024120805_4058_57210_2,54.529312837033366,15.697890412687913
2024120805_4058_57210_3,54.537776549826894,15.63136249926264
2024120805_4058_57210_4,54.543139282612685,15.605905169160698
2024120805_4058_57210_5,54.54867097559162,15.588861231498072
2024120805_4058_57210_6,54.551523001311466,15.53204231237828
2024120805_4058_57210_7,54.55206928817524,15.504255014388082
2024120805_4058_57210_8,54.55247448750111,15.467669556473323
2024120805_4081_55900_1,55.536182233233944,26.374943553750594
2024120805_4081_55900_2,55.473513889406334,26.434961655648795
2024120805_4081_55900_3,55.43166949252323,26.465179257380775
2024120805_4081_55900_4,55.426851190587676,26.482326806620307
2024120805_4081_55900_5,55.41110700429629,26.492473861529874
2024120805_4081_55900_6,55.39798505742368,26.51219155964275
2024120805_4081_55900_7,55.38342436855561,26.524900502925274
2024120805_4081_56543_1,50.27876427746649,31.394075254503534
2024120805_4081_56543_2,50.332665273261384,31.34306335360044
2024120805_4081_56543_3,50.37137091298462,31.297553664750883
2024120805_4081_56543_4,50.377946766429325,31.2760615767685
2024120805_4081_56543_5,50.37619456676931,31.252768464973858
2024120805_4081_56543_6,50.38392375704369,31.238148892028605
2024120805_4081_56543_7,50.39065984091719,31.22632682716757
2024120805_4106_42397_1,51.41013204797715,26.246056634820146
2024120805_4106_42397_2,51.35404638153079,26.268056392436353
2024120805_4106_42397_3,51.29101591008936,26.36153333960513
2024120805_4106_42397_4,51.27765586748148,26.38951838200876
2024120805_4106_42397_5,51.26418814868567,26.401376936501556
2024120805_4106_42397_6,51.260560314208185,26.41972786128734
2024120805_4106_42397_7,51.247663279615196,26.436425393156807
2024120805_4106_56543_1,41.346026972754686,30.411088126263536
2024120805_4106_56543_2,41.38042117005573,30.372152220550365
2024120805_4106_56543_3,41.40407388471512,30.27587502431539
2024120805_4106_56543_4,41.416201701830666,30.257532100531172
2024120805_4106_56543_5,41.43474149375759,30.240140642108283
2024120805_4106_56543_6,41.4413173472059,30.221825186133053
2024120805_4106_56543_7,41.44280725212104,30.19537521060974
2024120805_4129_57134_1,48.59315581502122,27.82853359546729
2024120805_4129_57134_2,48.56926858116346,27.769156900329854
2024120805_4129_57134_3,48.5538076659457,27.71169884224401
2024120805_4129_57134_4,48.5371769807265,27.643050493740787
2024120805_4129_57134_5,48.5335846662655,27.619051297329438
2024120805_4129_57134_6,48.52765113576256,27.569171733544778
2024120805_4129_57134_7,48.53065270879436,27.54745672192902
2024120805_4154_48097_1,35.980954835236695,43.75606496893482
2024120805_4154_48097_10,35.89131012154573,43.765956624644694
2024120805_4154_48097_11,35.892828605500874,43.76520313732486
2024120805_4154_48097_12,35.894347089448814,43.76444965000502
2024120805_4154_48097_13,35.89586557339677,43.76369616268519
2024120805_4154_48097_14,35.89738405734471,43.76294267536536
2024120805_4154_48097_15,35.89890254129266,43.762189188045525
2024120805_4154_48097_16,35.9004210252478,43.76143570072569
2024120805_4154_48097_2,35.922701787024934,43.758376666974634
2024120805_4154_48097_3,35.89237979819918,43.764758361201075
2024120805_4154_48097_4,35.889570959917904,43.75673299471368
2024120805_4154_48097_5,35.88912291138177,43.756762047919956
2024120805_4154_48097_6,35.89064139533691,43.76794421512974
2024120805_4154_48097_7,35.886754669701894,43.76652072314505
2024120805_4154_48097_8,35.88827315364984,43.765767235825216
2024120805_4154_48097_9,35.88979163759778,43.76501374850538
2024120805_4154_54622_1,26.430783322629143,42.03662566580605
2024120805_4154_54622_10,26.39422164072675,42.05549107886383
2024120805_4154_54622_11,26.39574012468189,42.054737591544
2024120805_4154_54622_12,26.39725860862264,42.05398410422416
2024120805_4154_54622_13,26.39877709257778,42.05323061690433
2024120805_4154_54622_14,26.400295576532923,42.052477129584496
2024120805_4154_54622_15,26.401814060473676,42.05172364226466
2024120805_4154_54622_16,26.403332544428814,42.05097015494482
2024120805_4154_54622_2,26.4066100550725,42.03274166136812
2024120805_4154_54622_3,26.39698312172561,42.04255878610687
2024120805_4154_54622_4,26.397228663358597,42.04818016216283
2024120805_4154_54622_5,26.397854527285936,42.0458274988737
2024120805_4154_54622_6,26.399373011241078,42.049095512080704
2024120805_4154_54622_7,26.389666188875715,42.05624218965525
2024120805_4154_54622_8,26.391184672830857,42.05548870233542
2024120805_4154_54622_9,26.39270315678599,42.05473521501558
2024120805_4154_57210_1,32.01800860471978,38.16236067933453
2024120805_4154_57210_10,32.014847525148134,38.32427033486611
2024120805_4154_57210_11,32.01636600909608,38.32351684754627
2024120805_4154_57210_12,32.017884493044036,38.32276336022644
2024120805_4154_57210_13,32.019402976999174,38.322009872906605
2024120805_4154_57210_14,32.020921460947115,38.321256385586764
2024120805_4154_57210_15,32.02243994489506,38.32050289826694
2024120805_4154_57210_16,32.02395842884302,38.319749410947104
2024120805_4154_57210_2,32.013221407618715,38.23149143367616
2024120805_4154_57210_3,32.003111505273495,38.282049312222696
2024120805_4154_57210_4,32.004629989221435,38.30648799348793
2024120805_4154_57210_5,32.005918141228776,38.31869599213817
2024120805_4154_57210_6,32.007436625176716,38.324160295361956
2024120805_4154_57210_7,32.0102920732971,38.32483443336647
2024120805_4154_57210_8,32.01181055725225,38.32408094604662
2024120805_4154_57210_9,32.013329041200194,38.32332745872679
2024120805_453_38588_1,41.208725928591996,24.993224275457035
2024120805_453_38588_10,41.412035496055225,24.873406962737537
2024120805_453_38588_11,41.41536514498401,24.841820091490007
2024120805_453_38588_12,41.436471756983074,24.820981583104924
2024120805_453_38588_13,41.447454915831386,24.800585352092586
2024120805_453_38588_14,41.48315561667277,24.781176320024294
2024120805_453_38588_15,41.4985706860994,24.767338983195206
2024120805_453_38588_16,41.497840097424316,24.754370329527465
2024120805_453_38588_17,41.504632146059244,24.74187148176214
2024120805_453_38588_18,41.51200838506987,24.7464610975773
2024120805_453_38588_19,41.51707863000322,24.731909717263335
2024120805_453_38588_2,41.23540737838143,24.977039713433637
2024120805_453_38588_20,41.530255768557815,24.729196282231587
2024120805_453_38588_21,41.53177425251296,24.713135736970678
2024120805_453_38588_22,41.51937655023427,24.721641934999788
2024120805_453_38588_23,41.52089503417503,24.720888447679954
2024120805_453_38588_24,41.52241351811577,24.720134960360117
2024120805_453_38588_25,41.523932002070914,24.726950316946553
2024120805_453_38588_26,41.52545048602605,24.726196829626716
2024120805_453_38588_27,41.5269689699812,24.725443342306882
2024120805_453_38588_28,41.52848745392194,24.724689854987048
2024120805_453_38588_29,41.5300059378627,24.723936367667214
2024120805_453_38588_3,41.2722303409223,24.96466073697964
2024120805_453_38588_4,41.29657782346941,24.955807006220656
2024120805_453_38588_5,41.30081468155477,24.952320915506352
2024120805_453_38588_6,41.332808989247894,24.944138082586882
2024120805_453_38588_7,41.349695200549704,24.931691406222775
2024120805_453_38588_8,41.35884172928133,24.914288290728216
2024120805_453_38588_9,41.38855578327371,24.89808487903198
2024120805_453_47877_1,48.93833661600576,37.5439251625544
2024120805_453_47877_10,49.35220966774436,37.4951808196485
2024120805_453_47877_11,49.39931074495687,37.48313702384695
2024120805_453_47877_12,49.425599812498795,37.47509561479386
2024120805_453_47877_13,49.43628625499553,37.47900916984464
2024120805_453_47877_14,49.49052848887638,37.476718439230055
2024120805_453_47877_15,49.506166431566086,37.459017009215565
2024120805_453_47877_16,49.5022198204997,37.4499085124274
2024120805_453_47877_17,49.516224110411024,37.45682389283678
2024120805_453_47877_18,49.51774259435177,37.45800458381868
2024120805_453_47877_19,49.52350051441705,37.45005777048423
2024120805_453_47877_2,49.02433165097828,37.53245826914118
2024120805_453_47877_20,49.53795560561549,37.44734433545248
2024120805_453_47877_21,49.53947408957063,37.446590848132644
2024120805_453_47877_22,49.527076387277546,37.45698741646617
2024120805_453_47877_23,49.528594871218296,37.456233929146336
2024120805_453_47877_24,49.53011335517344,37.4554804418265
2024120805_453_47877_25,49.531631839128586,37.450982291072094
2024120805_453_47877_26,49.533150323083724,37.45022880375226
2024120805_453_47877_27,49.534668807024474,37.44947531643243
2024120805_453_47877_28,49.53618729096522,37.44872182911259
2024120805_453_47877_29,49.53770577492037,37.44796834179276
2024120805_453_47877_3,49.1046012926481,37.52699057360363
2024120805_453_47877_4,49.1543173374136,37.52481298761007
2024120805_453_47877_5,49.17912935507725,37.52365723523461
2024120805_453_47877_6,49.23649205680156,37.520691403276366
2024120805_453_47877_7,49.252087347595634,37.509909313937605
2024120805_453_47877_8,49.27212285335583,37.50680492892874
2024120805_453_47877_9,49.30239209719844,37.497154345733804
2024120805_453_54622_1,51.221249705978465,18.552293367401507
2024120805_453_54622_10,51.62936439019667,18.635132880463356
2024120805_453_54622_11,51.67663850644084,18.653352443337113
2024120805_453_54622_12,51.71761925103343,18.666687539502202
2024120805_453_54622_13,51.73115873537227,18.673499933175346
2024120805_453_54622_14,51.761753411666746,18.6795876281046
2024120805_453_54622_15,51.792534724220346,18.690842582003487
2024120805_453_54622_16,51.790028991303444,18.699158320845015
2024120805_453_54622_17,51.788616844060066,18.706977948159867
2024120805_453_54622_18,51.80171168332556,18.715848967410338
2024120805_453_54622_19,51.8048116727973,18.713669002855752
2024120805_453_54622_2,51.26105717493433,18.571266996787653
2024120805_453_54622_20,51.8164949847319,18.710955567824005
2024120805_453_54622_21,51.81801346867263,18.70339515516709
2024120805_453_54622_22,51.80561576639395,18.715785907714633
2024120805_453_54622_23,51.807134250334705,18.7150324203948
2024120805_453_54622_24,51.808652734289836,18.714278933074965
2024120805_453_54622_25,51.81017121824498,18.713062332640632
2024120805_453_54622_26,51.81168970218573,18.7123088453208
2024120805_453_54622_27,51.813208186140876,18.71155535800096
2024120805_453_54622_28,51.81472667008162,18.710801870681127
2024120805_453_54622_29,51.816245154036764,18.710048383361293
2024120805_453_54622_3,51.33527127053854,18.590612439130968
2024120805_453_54622_4,51.3688844174278,18.59597498255803
2024120805_453_54622_5,51.397963849418375,18.60219822017596
2024120805_453_54622_6,51.45200043459889,18.60994040677365
2024120805_453_54622_7,51.4848267789449,18.607714481515213
2024120805_453_54622_8,51.519510134705165,18.61451880123299
2024120805_453_54622_9,51.5759831442498,18.621454092444658
2024120805_453_55965_1,49.81762408334109,20.792669148446674
2024120805_453_55965_10,50.37191955026201,20.8275400131397
2024120805_453_55965_11,50.41068944631909,20.82345948886588
2024120805_453_55965_12,50.436248956513246,20.817601155756137
2024120805_453_55965_13,50.44723211537595,20.825080612091828
2024120805_453_55965_14,50.47925736207023,20.830260075648837
2024120805_453_55965_15,50.513483638654165,20.844761584680146
2024120805_453_55965_16,50.510081866546,20.84091185234763
2024120805_453_55965_17,50.51222794266495,20.83241576166999
2024120805_453_55965_18,50.528382608967924,20.832143794186216
2024120805_453_55965_19,50.533312962831786,20.83135394798788
2024120805_453_55965_2,49.92020763900179,20.805165659377813
2024120805_453_55965_20,50.548111365142546,20.82864051295613
2024120805_453_55965_21,50.549629849097684,20.82372367364994
2024120805_453_55965_22,50.53723214681901,20.81815093849076
2024120805_453_55965_23,50.538750630774146,20.823165749574006
2024120805_453_55965_24,50.54026911472929,20.82241226225417
2024120805_453_55965_25,50.541787598655645,20.825657082992016
2024120805_453_55965_26,50.54330608261079,20.824903595672186
2024120805_453_55965_27,50.54482456656593,20.82415010835235
2024120805_453_55965_28,50.546343050521074,20.823396621032515
2024120805_453_55965_29,50.54786153447621,20.822643133712674
2024120805_453_55965_3,50.03633665985959,20.804140610156455
2024120805_453_55965_4,50.096475270570274,20.80437798603181
2024120805_453_55965_5,50.1560448155878,20.81060122364974
2024120805_453_55965_6,50.22323814210297,20.81457486713437
2024120805_453_55965_7,50.28202259396734,20.810575426485027
2024120805_453_55965_8,50.30820885750817,20.81707511889564
2024120805_453_55965_9,50.33882115893296,20.823884643970572
2024120805_453_56543_1,50.9435752350738,28.38394766443692
2024120805_453_56543_10,51.12226794368395,28.324191120162595
2024120805_453_56543_11,51.121405606637154,28.31139829593772
2024120805_453_56543_12,51.14400242681388,28.30749402038899
2024120805_453_56543_13,51.154985585662175,28.301041768493697
2024120805_453_56543_14,51.17777923588745,28.294019911366163
2024120805_453_56543_15,51.18152213742531,28.285676267603364
2024120805_453_56543_16,51.18676662804049,28.270457679843087
2024120805_453_56543_17,51.184684229126425,28.267714804617906
2024120805_453_56543_18,51.18919490972428,28.26627953233142
2024120805_453_56543_19,51.20222863868857,28.265873338689644
2024120805_453_56543_2,50.96851337491681,28.370263471470494
2024120805_453_56543_20,51.2100848895541,28.26511985136981
2024120805_453_56543_21,51.2144591070237,28.264492352495118
2024120805_453_56543_22,51.21114695423031,28.261384645487507
2024120805_453_56543_23,51.212665438171065,28.260631158167676
2024120805_453_56543_24,51.21418392212621,28.259877670847835
2024120805_453_56543_25,51.21570240606695,28.259840573131193
2024120805_453_56543_26,51.2172208900221,28.25908708581136
2024120805_453_56543_27,51.218739373977236,28.25833359849153
2024120805_453_56543_28,51.22025785791799,28.25758011117169
2024120805_453_56543_29,51.22177634187313,28.25682662385186
2024120805_453_56543_3,51.00259463062435,28.367622312096
2024120805_453_56543_4,51.01953886926632,28.365444726102425
2024120805_453_56543_5,51.02040361594713,28.36428860559253
2024120805_453_56543_6,51.04361752818225,28.34502762344798
2024120805_453_56543_7,51.05260919297442,28.3373618026368
2024120805_453_56543_8,51.06827945310056,28.326939126362923
2024120805_453_56543_9,51.09803723667708,28.32749823379302
2024120805_566_54571_1,51.311488326263394,28.749169397763044
2024120805_566_54571_2,51.29343005650316,28.795763077955787
2024120805_566_54571_3,51.28975698847736,28.84663871529347
2024120805_566_54571_4,51.29077501149362,28.856197205758164
2024120805_566_54571_5,51.292087635715426,28.879580783586082
2024120805_566_54571_6,51.29817421131549,28.88351633241015
2024120805_566_54571_7,51.2914581155426,28.896112924724935
2024120805_566_54571_8,51.28409004657648,28.91877541540723
2024120805_635_46902_1,7.728261811668715,21.902357045319146
2024120805_635_46902_2,7.719954358296322,21.87528144203544
2024120805_635_46902_3,7.717520851971093,21.85674319879386
2024120805_635_46902_4,7.716401453158724,21.852412128153038
2024120805_635_46902_5,7.711060204835415,21.843941798595683
2024120805_635_46902_6,7.720954412631543,21.836685753892283
2024120805_635_53509_1,10.086373623598243,14.158576196664535
2024120805_635_53509_2,10.087560564808825,14.175186033368986
2024120805_635_53509_3,10.093857497977147,14.185841327796844
2024120805_635_53509_4,10.084572049163045,14.191181226847021
2024120805_635_53509_5,10.081186771156801,14.204802314544288
2024120805_635_53509_6,10.092976671700354,14.212842094079594
2024120805_635_54556_1,12.800050669761696,20.248518514126033
2024120805_635_54556_2,12.77172001030244,20.240057624096817
2024120805_635_54556_3,12.722088440396027,20.221356517258943
2024120805_635_54556_4,12.715895748441737,20.221091123276715
2024120805_635_54556_5,12.7033846880673,20.201574745524695
2024120805_635_54556_6,12.689989682369546,20.195902132010144
2024120805_700_38588_1,46.93110738707497,29.070293816951363
2024120805_700_38588_10,47.03036905547376,29.177578228705503
2024120805_700_38588_11,47.03519208363394,29.181438202077953
2024120805_700_38588_12,47.03671056758908,29.18068471475811
2024120805_700_38588_13,47.03822905153702,29.179931227438278
2024120805_700_38588_14,47.03974753548497,29.18317604817613
2024120805_700_38588_2,46.96646573937449,29.110845531387564
2024120805_700_38588_3,46.99688669792499,29.143001655075377
2024120805_700_38588_4,47.0081505069086,29.164236141553516
2024120805_700_38588_5,47.01529914672013,29.171405345477837
2024120805_700_38588_6,47.015685525079604,29.170571972986423
2024120805_700_38588_7,47.02284014717701,29.172314437110384
2024120805_700_38588_8,47.02840810986858,29.17796539545544
2024120805_700_38588_9,47.028850571525815,29.178113469357708
2024120805_700_47890_1,45.45170751748777,18.579346676306347
2024120805_700_47890_10,45.65293147278271,18.437519440375173
2024120805_700_47890_11,45.6381820804795,18.435290470254937
2024120805_700_47890_12,45.639700564431045,18.434536982935104
2024120805_700_47890_13,45.64121904837899,18.433783495615263
2024120805_700_47890_14,45.64273753232694,18.433746397898616
2024120805_700_47890_2,45.52147999867717,18.531634310182984
2024120805_700_47890_3,45.5979297079134,18.4958841414799
2024120805_700_47890_4,45.61766692404165,18.48546751042873
2024120805_700_47890_5,45.61790747399257,18.452567643004517
2024120805_700_47890_6,45.62119831569317,18.452946537195174
2024120805_700_47890_7,45.6255425995389,18.452385584182878
2024120805_700_47890_8,45.630612844479444,18.45252911290705
2024120805_700_47890_9,45.64855725531673,18.4498156778753
2024120805_700_52453_1,47.57788709669044,9.882349195527356
2024120805_700_52453_10,47.777623307311984,9.596932676498879
2024120805_700_52453_11,47.76349768402951,9.586928154989232
2024120805_700_52453_12,47.765016167977464,9.586174667669399
2024120805_700_52453_13,47.7665346519254,9.585421180349563
2024120805_700_52453_14,47.76805313587336,9.586925829630948
2024120805_700_52453_2,47.650409085275065,9.808214218457787
2024120805_700_52453_3,47.7236452032999,9.696667378695944
2024120805_700_52453_4,47.74378506089838,9.677913869262587
2024120805_700_52453_5,47.7446735274447,9.669326753419487
2024120805_700_52453_6,47.747964369152506,9.639833098345793
2024120805_700_52453_7,47.75610117390524,9.63877994959893
2024120805_700_52453_8,47.75761376770229,9.625292095427731
2024120805_700_52453_9,47.77610482336403,9.622578476328766
2024120805_700_54622_1,51.10928277393146,9.220485129722304
2024120805_700_54622_10,51.2740609444942,9.146984780324852
2024120805_700_54622_11,51.275565850000056,9.148405126821482
2024120805_700_54622_12,51.2770843339516,9.147651639501648
2024120805_700_54622_13,51.27860281790314,9.146898152181812
2024120805_700_54622_14,51.28012130185108,9.14155034716012
2024120805_700_54622_2,51.17076591116254,9.187586093989362
2024120805_700_54622_3,51.235096377454724,9.17095317562721
2024120805_700_54622_4,51.2420540587124,9.159421684457707
2024120805_700_54622_5,51.246594676287856,9.152533358701644
2024120805_700_54622_6,51.2514268768533,9.147918509332547
2024120805_700_54622_7,51.252905602286255,9.148032898934357
2024120805_700_54622_8,51.25832631120894,9.15036857831405
2024120805_700_54622_9,51.26968672703181,9.147654959215084
2024120805_700_55900_1,48.121097617650825,14.56449380645193
2024120805_700_55900_10,48.382361968537516,14.504876173849594
2024120805_700_55900_11,48.37161516968941,14.519879576455635
2024120805_700_55900_12,48.373133653637346,14.5191260891358
2024120805_700_55900_13,48.37465213759249,14.518372601815965
2024120805_700_55900_14,48.37617062154043,14.51387408292714
2024120805_700_55900_2,48.22314076307901,14.546776142740146
2024120805_700_55900_3,48.31853550155359,14.542193898201845
2024120805_700_55900_4,48.340358102680916,14.530068450464587
2024120805_700_55900_5,48.33785236977119,14.512537918276616
2024120805_700_55900_6,48.3425303748514,14.50758959001207
2024120805_700_55900_7,48.36407526548938,14.513311955472153
2024120805_700_55900_8,48.365587859293626,14.512326200699034
2024120805_700_55900_9,48.380843484589576,14.50961258160007
2024120805_700_56543_1,59.20639015508555,26.028135306151967
2024120805_700_56543_10,59.34127731902846,25.94327612833935
2024120805_700_56543_11,59.33285228026481,25.940649941167806
2024120805_700_56543_12,59.335065065757256,25.93989645384797
2024120805_700_56543_13,59.3365835497052,25.93914296652813
2024120805_700_56543_14,59.33810203365315,25.939105868811495
2024120805_700_56543_2,59.2526165860608,25.99312891239642
2024120805_700_56543_3,59.290092029701476,25.974238425224513
2024120805_700_56543_4,59.30507714961558,25.965894781461717
2024120805_700_56543_5,59.314098884819145,25.94977868195808
2024120805_700_56543_6,59.317228404067464,25.950883537247137
2024120805_700_56543_7,59.31912606648679,25.948633951598747
2024120805_700_56543_8,59.32860214430038,25.947442563160383
2024120805_700_56543_9,59.33690310156606,25.94668907584055
2024120805_723_47890_1,42.813540378845005,18.14019477806945
2024120805_723_47890_10,42.92713491309264,18.057733397808015
2024120805_723_47890_11,42.92865339704058,18.05697991048818
2024120805_723_47890_2,42.862089859985765,18.0969915670967
2024120805_723_47890_3,42.904231608777344,18.05342212626892
2024120805_723_47890_4,42.91141649692019,18.05544184924738
2024120805_723_47890_5,42.91960410423165,18.054195429924114
2024120805_723_47890_6,42.921116698028705,18.049418641323644
2024120805_723_47890_7,42.92897294890143,18.04719961083305
2024120805_723_47890_8,42.93334716636383,18.050580746221655
2024120805_723_47890_9,42.924922127600176,18.05848688512785
2024120805_723_48097_1,45.08953683346701,11.358590147168155
2024120805_723_48097_10,45.24767980750544,10.987994979523954
2024120805_723_48097_11,45.249198291456985,10.987241492204118
2024120805_723_48097_2,45.1503792313356,11.233396509850678
2024120805_723_48097_3,45.20109053733153,11.080703344298644
2024120805_723_48097_4,45.21273926274143,11.052182905755766
2024120805_723_48097_5,45.227065879821026,11.050815186137406
2024120805_723_48097_6,45.228578473621674,11.03037978956369
2024120805_723_48097_7,45.2488385186261,11.023677433902254
2024120805_723_48097_8,45.25035700257765,11.003241283339099
2024120805_723_48097_9,45.246161323557494,10.988748466843788
2024120805_723_54622_1,50.327024975412975,12.876790671003365
2024120805_723_54622_10,50.419324692614346,12.70440471964746
2024120805_723_54622_11,50.420843176555096,12.703651232327626
2024120805_723_54622_2,50.365918929100864,12.813473904789511
2024120805_723_54622_3,50.388362574008156,12.7486190540348
2024120805_723_54622_4,50.388748952374826,12.717323523642692
2024120805_723_54622_5,50.3939576158687,12.714333435585866
2024120805_723_54622_6,50.39952557855308,12.710016120562422
2024120805_723_54622_7,50.4175571376932,12.709262633242588
2024120805_723_54622_8,50.421931355148395,12.705831625048337
2024120805_723_54622_9,50.417111907121885,12.705158206967294
2024120805_74_53472_1,85.8406853259551,38.83047166524214
2024120805_74_53472_10,85.85821931420813,38.9747045563611
2024120805_74_53472_11,85.85973779816327,38.97395106904126
2024120805_74_53472_2,85.84803847895823,38.914801106662765
2024120805_74_53472_3,85.85642316946466,38.96725550538748
2024120805_74_53472_4,85.85794165341261,38.97662056104467
2024120805_74_53472_5,85.8506268944612,38.97447331676816
2024120805_74_53472_6,85.85214537841635,38.97371982944833
2024120805_74_53472_7,85.85366386236429,38.972966342128494
2024120805_74_53472_8,85.85518234631222,38.97621153100078
2024120805_74_53472_9,85.8567008302602,38.975458043680945
2024120805_74_54586_1,88.41249422611857,34.2920332408047
2024120805_74_54586_10,88.46516566378004,34.27567148140988
2024120805_74_54586_11,88.4666841477208,34.27491799409004
2024120805_74_54586_2,88.44552606409037,34.281133652266924
2024120805_74_54586_3,88.46246058711168,34.278395457309095
2024120805_74_54586_4,88.46397907105242,34.276742985708175
2024120805_74_54586_5,88.45757324403311,34.27779041202596
2024120805_74_54586_6,88.45909172797387,34.277036924706124
2024120805_74_54586_7,88.46061021192902,34.27628343738629
2024120805_74_54586_8,88.46212869588415,34.27717845604954
2024120805_74_54586_9,88.4636471798249,34.27642496872971
2024120805_74_57213_1,92.47292138851033,40.32507900167791
2024120805_74_57213_10,92.44702815899743,40.48472246180349
2024120805_74_57213_11,92.44854664295256,40.48396897448366
2024120805_74_57213_2,92.45218749228194,40.404079918687664
2024120805_74_57213_3,92.44091641886065,40.47923114973519
2024120805_74_57213_4,92.44243490280141,40.47847766241536
2024120805_74_57213_5,92.4394357392505,40.481708862179254
2024120805_74_57213_6,92.44095422320564,40.48095537485942
2024120805_74_57213_7,92.44247270716077,40.480201887539586
2024120805_74_57213_8,92.44399119110153,40.48622943644317
2024120805_74_57213_9,92.44550967504229,40.485475949123334
2024120805_911_52518_1,75.8027605314718,12.918428743438627
2024120805_911_52518_10,75.65900610094914,12.667255788377995
2024120805_911_52518_11,75.65194853076957,12.639492066802575
2024120805_911_52518_12,75.63833869503291,12.602045525957726
2024120805_911_52518_13,75.63096285351025,12.567542035671677
2024120805_911_52518_14,75.60382175628017,12.506724812664544
2024120805_911_52518_15,75.58983617239616,12.474469207165095
2024120805_911_52518_16,75.58445422929127,12.447574182497032
2024120805_911_52518_17,75.58053158604415,12.425259372841952
2024120805_911_52518_18,75.57015610669758,12.369767355082455
2024120805_911_52518_19,75.56988808305996,12.331623299405875
2024120805_911_52518_2,75.79100984662338,12.86882120109672
2024120805_911_52518_3,75.75808071721389,12.823720483510094
2024120805_911_52518_4,75.74837724180017,12.819725063353268
2024120805_911_52518_5,75.73786171538214,12.803094091447127
2024120805_911_52518_6,75.72790143321946,12.77552036284538
2024120805_911_52518_7,75.71205328310468,12.756759743898938
2024120805_911_52518_8,75.68700316952399,12.719916313893059
2024120805_911_52518_9,75.67241351905729,12.690950533903235
2024120805_911_57213_1,74.15193554910275,11.920486576741359
2024120805_911_57213_10,73.9877729239633,11.65807386484294
2024120805_911_57213_11,73.974424973522,11.625133132100668
2024120805_911_57213_12,73.9540908627504,11.581982475613268
2024120805_911_57213_13,73.94780640671665,11.537528923465636
2024120805_911_57213_14,73.91855516291231,11.4696130828657
2024120805_911_57213_15,73.90675416857292,11.421515609538794
2024120805_911_57213_16,73.90137222546804,11.393212567030076
2024120805_911_57213_17,73.89703874419567,11.364672361043304
2024120805_911_57213_18,73.88612668920163,11.328655776282663
2024120805_911_57213_19,73.88585866554963,11.277937226208401
2024120805_911_57213_2,74.13292158357449,11.870015348309934
2024120805_911_57213_3,74.09999245416498,11.824370528033937
2024120805_911_57213_4,74.08529288742274,11.812378859896178
2024120805_911_57213_5,74.07171034347316,11.795747887990036
2024120805_911_57213_6,74.06102078025116,11.773887270551684
2024120805_911_57213_7,74.04602255614233,11.755126651605243
2024120805_911_57213_8,74.02097244256163,11.719589043610869
2024120805_911_57213_9,74.00118034205707,11.689757679727707
2024120805_934_43329_1,74.78430018936946,19.424389242279144
2024120805_934_43329_10,74.63355213320885,19.596939498673596
2024120805_934_43329_11,74.6296271679681,19.62519303132819
2024120805_934_43329_2,74.7530111681505,19.46991609450697
2024120805_934_43329_3,74.7200820387374,19.503732706955585
2024120805_934_43329_4,74.7140587310307,19.508824090000527
2024120805_934_43329_5,74.70762786965501,19.519992915566988
2024120805_934_43329_6,74.69696843306063,19.536497643999898
2024120805_934_43329_7,74.68522673021897,19.550638316711428
2024120805_934_43329_8,74.66557214981107,19.563973707490494
2024120805_934_43329_9,74.6482627471928,19.575200209494472
2024120805_934_52518_1,75.36195816483722,17.92993854265284
2024120805_934_52518_10,75.18597573093342,18.068216040553402
2024120805_934_52518_11,75.1808615557528,18.079815456635423
2024120805_934_52518_2,75.33278441363434,17.97280635988383
2024120805_934_52518_3,75.28860711792467,18.007493978396756
2024120805_934_52518_4,75.28071529626713,18.007284593766293
2024120805_934_52518_5,75.27154782607691,18.01192897280791
2024120805_934_52518_6,75.25453610851098,18.029460796303983
2024120805_934_52518_7,75.23984092518387,18.032582869473156
2024120805_934_52518_8,75.21558149494791,18.042956618752907
2024120805_934_52518_9,75.19982474608642,18.054514900847447
2024120805_934_54586_1,76.29746030919696,37.616934224797575
2024120805_934_54586_10,76.1764959645446,37.67352125193922
2024120805_934_54586_11,76.17290767830502,37.675315462121866
2024120805_934_54586_2,76.28314164991663,37.6368206362667
2024120805_934_54586_3,76.2455996091884,37.67303196965627
2024120805_934_54586_4,76.23801448003685,37.67626390568903
2024120805_934_54586_5,76.23282509478275,37.6670913364749
2024120805_934_54586_6,76.21956421541911,37.667392113272584
2024120805_934_54586_7,76.20866760361467,37.66663862595275
2024120805_934_54586_8,76.19427758509597,37.66763787971187
2024120805_934_54586_9,76.18545173683756,37.66432098033742
2024121502_110_56032_1,70.30383771614504,34.4619349972267
2024121502_110_56032_10,70.27843267773197,34.5390638683591
2024121502_110_56032_11,70.27356970595322,34.5420635523292
2024121502_110_56032_12,70.27246726186479,34.54461570083268
2024121502_110_56032_13,70.27707812927753,34.555096793299406
2024121502_110_56032_2,70.29066469121831,34.46948324122191
2024121502_110_56032_3,70.27849769707639,34.491864453221936
2024121502_110_56032_4,70.2824767982592,34.49047314081384
2024121502_110_56032_5,70.27995170429253,34.48766437278197
2024121502_110_56032_6,70.28421841965367,34.49316069253663
2024121502_110_56032_7,70.28331824643126,34.499950164099104
2024121502_110_56032_8,70.27401509819923,34.508805644267056
2024121502_110_56032_9,70.2738957708495,34.52259743889817
2024121502_110_57163_1,70.53903384329335,45.27639251553361
2024121502_110_57163_10,70.41598276311909,45.44824408868948
2024121502_110_57163_11,70.40887952933005,45.456265496156696
2024121502_110_57163_12,70.39049757219458,45.46966971423482
2024121502_110_57163_13,70.37637347598054,45.49142475936123
2024121502_110_57163_2,70.51666187519523,45.30677801635668
2024121502_110_57163_3,70.47673911932799,45.36250219035571
2024121502_110_57163_4,70.47754263293629,45.37669424364961
2024121502_110_57163_5,70.46709174357147,45.3793966379095
2024121502_110_57163_6,70.45537408374358,45.38344547901802
2024121502_110_57163_7,70.44447747193914,45.39206973258579
2024121502_110_57163_8,70.43023617973067,45.40632426698104
2024121502_110_57163_9,70.42493853540846,45.42893495089717
2024121502_110_57304_1,76.1946828942931,47.958593599770225
2024121502_110_57304_10,76.22840870412719,48.02505854329239
2024121502_110_57304_11,76.22813952728421,48.029344510569395
2024121502_110_57304_12,76.23361638175089,48.026860302653674
2024121502_110_57304_13,76.23802572762344,48.02155046075851
2024121502_110_57304_2,76.21006833924092,47.97333787347691
2024121502_110_57304_3,76.21743771328724,47.99262232982076
2024121502_110_57304_4,76.21381410221049,47.9772595794783
2024121502_110_57304_5,76.21793793926152,47.97492105520727
2024121502_110_57304_6,76.22974474564265,47.98046508184622
2024121502_110_57304_7,76.2276552181031,47.98258750389252
2024121502_110_57304_8,76.2255515770098,47.99849955491346
2024121502_110_57304_9,76.22819338938679,48.01007929911256
2024121502_1130_43294_1,65.93049312439915,42.372204623727505
2024121502_1130_43294_10,65.81468776914785,42.30299284336761
2024121502_1130_43294_11,65.80541966359753,42.30402389081535
2024121502_1130_43294_2,65.894796960057,42.360556623891235
2024121502_1130_43294_3,65.85652074816912,42.3455377744406
2024121502_1130_43294_4,65.84791835012936,42.34661906912606
2024121502_1130_43294_5,65.84015989397078,42.33455027311151
2024121502_1130_43294_6,65.83322201344694,42.321944225939646
2024121502_1130_43294_7,65.83582590988867,42.326057026179754
2024121502_1130_43294_8,65.83954035634984,42.31633281609856
2024121502_1130_43294_9,65.82407685587464,42.310538979066834
2024121502_1130_44974_1,71.65424497221099,31.7366214350624
2024121502_1130_44974_10,71.57926180857763,31.7959384386292
2024121502_1130_44974_11,71.56821124771973,31.798849591792695
2024121502_1130_44974_2,71.62961935262426,31.752276005563637
2024121502_1130_44974_3,71.60724436712367,31.76277281980874
2024121502_1130_44974_4,71.60581821787657,31.768083495360926
2024121502_1130_44974_5,71.598059761718,31.769160932673774
2024121502_1130_44974_6,71.59037056422014,31.7784285933512
2024121502_1130_44974_7,71.59273590955041,31.788788677221305
2024121502_1130_44974_8,71.59645035599722,31.790139869300326
2024121502_1130_44974_9,71.5886508953044,31.79570499383703
2024121502_1130_52435_1,74.81916933772209,43.27231081446087
2024121502_1130_52435_10,74.68449471513125,43.38030072183729
2024121502_1130_52435_11,74.68030100740637,43.38240961765183
2024121502_1130_52435_2,74.78030132712036,43.300911714190164
2024121502_1130_52435_3,74.74240616750166,43.32295838559972
2024121502_1130_52435_4,74.7315095556936,43.32508080764602
2024121502_1130_52435_5,74.7236023732176,43.33782608776639
2024121502_1130_52435_6,74.71511668472087,43.3497092177063
2024121502_1130_52435_7,74.71748203005114,43.36281613016884
2024121502_1130_52435_8,74.72009901778453,43.36632754260252
2024121502_1130_52435_9,74.69334511258177,43.372349011619896
2024121502_1130_53518_1,69.93379725641952,41.01316567487324
2024121502_1130_53518_10,69.71724708089756,40.8928883129322
2024121502_1130_53518_11,69.69839651583287,40.88608101629403
2024121502_1130_53518_2,69.8849828305781,40.999491848356826
2024121502_1130_53518_3,69.82615517977618,40.97889547026954
2024121502_1130_53518_4,69.81789151673043,40.979976764955005
2024121502_1130_53518_5,69.79516234757119,40.96416495108307
2024121502_1130_53518_6,69.77149085372629,40.946935128804505
2024121502_1130_53518_7,69.75899951835571,40.94087807714167
2024121502_1130_53518_8,69.75223526914625,40.93267577446267
2024121502_1130_53518_9,69.73684683459162,40.92070675591615
2024121502_1242_53435_1,61.9809776013772,35.70332999245486
2024121502_1242_53435_10,62.17122135554179,35.578330973459984
2024121502_1242_53435_11,62.17273983949693,35.57757748614015
2024121502_1242_53435_12,62.174258323444874,35.57754112469237
2024121502_1242_53435_13,62.17577680739282,35.57678763737254
2024121502_1242_53435_2,62.06649215262515,35.64856637605631
2024121502_1242_53435_3,62.12624405254721,35.59135394398546
2024121502_1242_53435_4,62.13454519871737,35.58059195960666
2024121502_1242_53435_5,62.15891294416688,35.58176950968396
2024121502_1242_53435_6,62.16398318911461,35.58435858446815
2024121502_1242_53435_7,62.17923881441057,35.582066918219894
2024121502_1242_53435_8,62.18075729835851,35.58131343090006
2024121502_1242_53435_9,62.16970287160104,35.57908446077982
2024121502_1242_54468_1,61.31148604671925,23.153460493480587
2024121502_1242_54468_10,61.44958129752421,23.301121746549562
2024121502_1242_54468_11,61.45109978147576,23.300368259229728
2024121502_1242_54468_12,61.4526182654237,23.30361307996758
2024121502_1242_54468_13,61.45413674937165,23.302859592647746
2024121502_1242_54468_2,61.369040968403255,23.204028080245227
2024121502_1242_54468_3,61.41867759463731,23.260742706138128
2024121502_1242_54468_4,61.42438979539664,23.269659265315727
2024121502_1242_54468_5,61.432916822650114,23.273159571348856
2024121502_1242_54468_6,61.43798706759425,23.29077925673742
2024121502_1242_54468_7,61.45244283472924,23.294682326708017
2024121502_1242_54468_8,61.4627609507184,23.288464012678467
2024121502_1242_54468_9,61.448062813572676,23.301875233869406
2024121502_1242_54540_1,59.93289373241032,29.07202445183301
2024121502_1242_54540_10,59.93497007478181,29.02425525532733
2024121502_1242_54540_11,59.936488558736954,29.023501768007495
2024121502_1242_54540_12,59.93800704269209,29.02346467029085
2024121502_1242_54540_13,59.939525526618446,29.022711182971015
2024121502_1242_54540_2,59.92183361957453,29.048939255431627
2024121502_1242_54540_3,59.92329875199434,29.038032188594823
2024121502_1242_54540_4,59.92440964099767,29.03905852250768
2024121502_1242_54540_5,59.92592812495281,29.038737593144553
2024121502_1242_54540_6,59.92744660890795,29.032544077412687
2024121502_1242_54540_7,59.93044021025798,29.031790590092854
2024121502_1242_54540_8,59.931958694184345,29.020775480961444
2024121502_1242_54540_9,59.933451590826664,29.025008742647163
2024121502_1242_56032_1,61.22979136144021,23.930475183183823
2024121502_1242_56032_10,61.23978043881302,23.823437932244353
2024121502_1242_56032_11,61.24129892276816,23.82268444492452
2024121502_1242_56032_12,61.2428174067089,23.822647347207877
2024121502_1242_56032_13,61.24433589066405,23.82189385988804
2024121502_1242_56032_2,61.22561247091502,23.88489321537569
2024121502_1242_56032_3,61.22810911603994,23.852866097393143
2024121502_1242_56032_4,61.22922000502887,23.843746397550046
2024121502_1242_56032_5,61.23073848898401,23.842386960956393
2024121502_1242_56032_6,61.23225697293915,23.841980767314617
2024121502_1242_56032_7,61.2352505742748,23.841227279994783
2024121502_1242_56032_8,61.23676905822994,23.828710553981168
2024121502_1242_56032_9,61.238261954857876,23.82419141956419
2024121502_1242_57163_1,62.04933373426334,36.42539529760363
2024121502_1242_57163_10,62.21591865246725,36.27828426241554
2024121502_1242_57163_11,62.2174371364152,36.277530775095705
2024121502_1242_57163_12,62.21895562036314,36.27749441364792
2024121502_1242_57163_13,62.220474104311094,36.27674092632809
2024121502_1242_57163_2,62.1249274296802,36.369187401146
2024121502_1242_57163_3,62.1842346232093,36.300590034370416
2024121502_1242_57163_4,62.188405465111,36.28601564468177
2024121502_1242_57163_5,62.20063445220142,36.286382022301765
2024121502_1242_57163_6,62.20570469714194,36.2843118734237
2024121502_1242_57163_7,62.22393611132882,36.28202020717545
2024121502_1242_57163_8,62.225454595276766,36.281266719855616
2024121502_1242_57163_9,62.214400168519305,36.27903774973538
2024121502_1242_57199_1,75.41067840225186,26.08836312608695
2024121502_1242_57199_10,75.54999674764987,26.1015375159838
2024121502_1242_57199_11,75.5515152315978,26.100784028663963
2024121502_1242_57199_12,75.55303371554577,26.102003741895565
2024121502_1242_57199_13,75.5545521995009,26.10125025457574
2024121502_1242_57199_2,75.47554487856415,26.09387143457825
2024121502_1242_57199_3,75.5297927587656,26.098161745511543
2024121502_1242_57199_4,75.53550422325607,26.095889594920504
2024121502_1242_57199_5,75.54034769738696,26.095266059054897
2024121502_1242_57199_6,75.54541794232749,26.09852608010503
2024121502_1242_57199_7,75.5537181633243,26.098133732662244
2024121502_1242_57199_8,75.5580923807939,26.09438486439744
2024121502_1242_57199_9,75.54847826370192,26.102291003303634
2024121502_1295_43373_1,19.121647393932967,4.684344949439814
2024121502_1295_43373_10,19.11091677572953,4.539138466786585
2024121502_1295_43373_11,19.100818722035626,4.535847195763113
2024121502_1295_43373_12,19.098099288962093,4.511961055134111
2024121502_1295_43373_2,19.123043115877458,4.674271126623485
2024121502_1295_43373_3,19.119515213043783,4.663688216302661
2024121502_1295_43373_4,19.118878734950634,4.64359646445272
2024121502_1295_43373_5,19.123139820413112,4.642346220773045
2024121502_1295_43373_6,19.121188269214,4.62930911292009
2024121502_1295_43373_7,19.12144147512358,4.598458113981087
2024121502_1295_43373_8,19.118022171947118,4.592600589426833
2024121502_1295_43373_9,19.113585713335347,4.550916583012272
2024121502_1295_53465_1,22.450377156464945,15.11541065718462
2024121502_1295_53465_10,22.432651833062298,14.964257164029434
2024121502_1295_53465_11,22.42184514916088,14.95701535039073
2024121502_1295_53465_12,22.419049533827078,14.942677512504766
2024121502_1295_53465_2,22.451772878407635,15.1053369264019
2024121502_1295_53465_3,22.446545667037565,15.099230764451853
2024121502_1295_53465_4,22.445343748064868,15.079552296080921
2024121502_1295_53465_5,22.44960483353274,15.078302144434852
2024121502_1295_53465_6,22.4453395574315,15.063952961711614
2024121502_1295_53465_7,22.447867097855465,15.035416548254373
2024121502_1295_53465_8,22.449324839622257,15.024004406425652
2024121502_1295_53465_9,22.446993741822745,14.979534294301468
2024121502_1295_54936_1,30.32773672199937,13.88329831341656
2024121502_1295_54936_10,30.304843073256972,13.727288794746565
2024121502_1295_54936_11,30.290299824882073,13.723997615756701
2024121502_1295_54936_12,30.28873514515747,13.709659777870737
2024121502_1295_54936_2,30.32915760437227,13.87322458263384
2024121502_1295_54936_3,30.323930393004005,13.859734196194793
2024121502_1295_54936_4,30.324944736439512,13.840055727823861
2024121502_1295_54936_5,30.32920582190018,13.838805576177794
2024121502_1295_54936_6,30.324940545802534,13.825768560358448
2024121502_1295_54936_7,30.325345054961552,13.797232146901207
2024121502_1295_54936_8,30.321925751785095,13.79034603753663
2024121502_1295_54936_9,30.31748929317512,13.747485593213034
2024121502_1295_55934_1,20.776366652788884,3.804703618541543
2024121502_1295_55934_10,20.760127766373586,3.643400838635309
2024121502_1295_55934_11,20.75031347800443,3.639810178619633
2024121502_1295_55934_12,20.7475940449327,3.609666435671804
2024121502_1295_55934_2,20.777762374735172,3.7946298877588225
2024121502_1295_55934_3,20.7775035056491,3.7834882337450946
2024121502_1295_55934_4,20.776115056197494,3.7638095813069476
2024121502_1295_55934_5,20.77758089692177,3.7625594756776843
2024121502_1295_55934_6,20.775629345720862,3.739328357289299
2024121502_1295_55934_7,20.77588255163224,3.7107920358656648
2024121502_1295_55934_8,20.77246324845398,3.7000876817969983
2024121502_1295_55934_9,20.76802678984581,3.6551789548609963
2024121502_135_42771_1,68.01480235371292,32.79595960984303
2024121502_135_42771_10,67.8551292356094,32.822527516596665
2024121502_135_42771_11,67.8553747772352,32.82114278552786
2024121502_135_42771_12,67.8575431341243,32.82114029244776
2024121502_135_42771_13,67.85906161807944,32.819603415058246
2024121502_135_42771_2,67.9596880119904,32.80052463439031
2024121502_135_42771_3,67.90934150974326,32.80288773708092
2024121502_135_42771_4,67.88972866269555,32.7991944025613
2024121502_135_42771_5,67.87994837480183,32.80479851123578
2024121502_135_42771_6,67.87363476011275,32.81645201807484
2024121502_135_42771_7,67.86090621667452,32.81636543707088
2024121502_135_42771_8,67.8552252009098,32.818594309353834
2024121502_135_42771_9,67.85361075166146,32.82311681596017
2024121502_135_43395_1,63.948502776875635,33.0871917595151
2024121502_135_43395_10,63.7343889140826,32.805564560296375
2024121502_135_43395_11,63.725556906875276,32.7938486250759
2024121502_135_43395_12,63.71821025876629,32.7903200271387
2024121502_135_43395_13,63.719728742721436,32.78968213403027
2024121502_135_43395_2,63.87989216586964,33.0341077404871
2024121502_135_43395_3,63.804779506897646,32.966744486691525
2024121502_135_43395_4,63.776431665001965,32.92085495625717
2024121502_135_43395_5,63.764882187449956,32.89815298873387
2024121502_135_43395_6,63.75202989348287,32.87572773523025
2024121502_135_43395_7,63.7392046626417,32.843743896463536
2024121502_135_43395_8,63.73313919004831,32.826644905927395
2024121502_135_43395_9,63.73287043014185,32.81325517283847
2024121502_135_53435_1,65.19405532426808,40.416302875187405
2024121502_135_53435_10,64.88357906652179,40.23545739142805
2024121502_135_53435_11,64.87719809834327,40.223922062138186
2024121502_135_53435_12,64.86875765577648,40.22054439931779
2024121502_135_53435_13,64.87027613972445,40.225508775983954
2024121502_135_53435_2,65.08989061189165,40.372616547156646
2024121502_135_53435_3,64.98265691554327,40.32608236449615
2024121502_135_53435_4,64.95725712292382,40.3157271957353
2024121502_135_53435_5,64.94152326551993,40.29570008048678
2024121502_135_53435_6,64.92066207807187,40.279124857022964
2024121502_135_53435_7,64.90131640597012,40.2571482133837
2024121502_135_53435_8,64.88055959785423,40.250170483936365
2024121502_135_53435_9,64.88206058256665,40.23787926399026
2024121502_135_54468_1,64.86811746176986,42.42471776653415
2024121502_135_54468_10,64.50496468203649,42.29246983179593
2024121502_135_54468_11,64.49858371387235,42.2835180699445
2024121502_135_54468_12,64.49023771788707,42.28318635140817
2024121502_135_54468_13,64.49175620182783,42.288150728074335
2024121502_135_54468_2,64.73811468966456,42.38886531585375
2024121502_135_54468_3,64.6154685484654,42.352291866756055
2024121502_135_54468_4,64.57449020276715,42.346640046255246
2024121502_135_54468_5,64.55875634534887,42.336775079859116
2024121502_135_54468_6,64.5378951579152,42.32638384332503
2024121502_135_54468_7,64.52393519047786,42.30946766695827
2024121502_135_54468_8,64.50371495800222,42.29921074531108
2024121502_135_54468_9,64.50344619809574,42.29488213286293
2024121502_135_56032_1,69.70470787121091,35.057113546390376
2024121502_135_56032_10,69.62511881995655,35.015778797891166
2024121502_135_56032_11,69.62536436158953,35.008746345597345
2024121502_135_56032_12,69.62812265567416,35.00838308077463
2024121502_135_56032_13,69.62964113961492,35.00673060917371
2024121502_135_56032_2,69.68518578437751,35.043927859522626
2024121502_135_56032_3,69.6434574067247,35.03269785540671
2024121502_135_56032_4,69.62631461221062,35.03225268378518
2024121502_135_56032_5,69.62564343656064,35.03481352563895
2024121502_135_56032_6,69.62759623036465,35.03636735839655
2024121502_135_56032_7,69.62921783826559,35.024144328055634
2024121502_135_56032_8,69.62536604606817,35.01161734730097
2024121502_135_56032_9,69.6236003360158,35.016859924854806
2024121502_135_57199_1,53.6758632105432,27.033871935517656
2024121502_135_57199_10,53.61864648800705,26.819637724223895
2024121502_135_57199_11,53.61889202964004,26.818514078382474
2024121502_135_57199_12,53.62018018164736,26.81580064335072
2024121502_135_57199_13,53.62169866559531,26.815028510096912
2024121502_135_57199_2,53.656307930035865,26.965417514591966
2024121502_135_57199_3,53.62800426751242,26.90883396267777
2024121502_135_57199_4,53.62123142202352,26.89086702047936
2024121502_135_57199_5,53.621951297850494,26.871303220647803
2024121502_135_57199_6,53.62347136311347,26.85791934560346
2024121502_135_57199_7,53.622554079794654,26.83511469890783
2024121502_135_57199_8,53.616524404309224,26.83013678189782
2024121502_135_57199_9,53.617128004059104,26.821117172642133
2024121502_1391_40166_1,3.5655662679389613,23.83126238966612
2024121502_1391_40166_10,3.6022241178812067,23.826757921942555
2024121502_1391_40166_11,3.5979668947215466,23.844643080876335
2024121502_1391_40166_2,3.5945028469008635,23.8301241741601
2024121502_1391_40166_3,3.5960213308497098,23.829370686840267
2024121502_1391_40166_4,3.59434257665291,23.821412235084015
2024121502_1391_40166_5,3.595861060602654,23.815150112855807
2024121502_1391_40166_6,3.597379544551501,23.827606761466544
2024121502_1391_40166_7,3.5988980285012455,23.82880990864874
2024121502_1391_40166_8,3.600416512450092,23.828056421328906
2024121502_1391_40166_9,3.6019349963998364,23.826503850731324
2024121502_1391_44974_1,6.3132477677656516,25.495154637053037
2024121502_1391_44974_10,6.332358626786318,25.467807525365565
2024121502_1391_44974_11,6.328101357609851,25.45390943004392
2024121502_1391_44974_2,6.3171192621228,25.484905514357983
2024121502_1391_44974_3,6.318637746072547,25.48415202703815
2024121502_1391_44974_4,6.320156230022291,25.475773690705854
2024121502_1391_44974_5,6.321674713971137,25.46543852913042
2024121502_1391_44974_6,6.3231931979199825,25.47239819441389
2024121502_1391_44974_7,6.3247116818697275,25.46975065544534
2024121502_1391_44974_8,6.338785666697692,25.468997168125505
2024121502_1391_44974_9,6.3403041506474365,25.46824368080567
2024121502_1391_53518_1,2.875431667690933,27.18341681441621
2024121502_1391_53518_10,2.9133329515160087,27.180448144224226
2024121502_1391_53518_11,2.9088553594203796,27.19833330315801
2024121502_1391_53518_2,2.895438805969437,27.18138334782311
2024121502_1391_53518_3,2.89924361887064,27.180629860503277
2024121502_1391_53518_4,2.9060826756509135,27.17267140874702
2024121502_1391_53518_5,2.907601159602457,27.172192678433575
2024121502_1391_53518_6,2.909119643550404,27.181188127121807
2024121502_1391_53518_7,2.9106381275019473,27.182391274304
2024121502_1391_53518_8,2.9121566114498934,27.18163778698417
2024121502_1391_53518_9,2.9136750953978403,27.18088429966433
2024121502_1391_54936_1,8.155046180116312,36.458950918442625
2024121502_1391_54936_10,8.1638214100907,36.429494267743465
2024121502_1391_54936_11,8.15956423294874,36.42017281967098
2024121502_1391_54936_2,8.14858213746169,36.448702163882004
2024121502_1391_54936_3,8.150100621411434,36.44794867656217
2024121502_1391_54936_4,8.151619105359382,36.445443556945854
2024121502_1391_54936_5,8.153137589309127,36.42833312057722
2024121502_1391_54936_6,8.154656073258872,36.43673219148685
2024121502_1391_54936_7,8.156174557208615,36.435978704167006
2024121502_1391_54936_8,8.170248450002974,36.43522521684717
2024121502_1391_54936_9,8.171766933950918,36.42993115945244
2024121502_1451_54468_1,50.548036860196554,13.17620184986422
2024121502_1451_54468_10,50.98746450496187,13.158512853388535
2024121502_1451_54468_11,50.98889509178215,13.139283277833641
2024121502_1451_54468_12,50.99630004529279,13.137296540169158
2024121502_1451_54468_13,51.00172075421906,13.132655593173816
2024121502_1451_54468_2,50.67182785503043,13.175288378035562
2024121502_1451_54468_3,50.791327207819435,13.170673176420712
2024121502_1451_54468_4,50.84931013414239,13.170077759853148
2024121502_1451_54468_5,50.89435539556692,13.165777870313546
2024121502_1451_54468_6,50.926311343275415,13.163046517634386
2024121502_1451_54468_7,50.93729450213811,13.161324751127223
2024121502_1451_54468_8,50.9678891784326,13.157781463598312
2024121502_1451_54468_9,50.989870105299104,13.163788637720707
2024121502_1451_54540_1,46.2284606178444,18.182635756320636
2024121502_1451_54540_10,46.262654904125164,17.793003422562244
2024121502_1451_54540_11,46.26336153384979,17.78062864780153
2024121502_1451_54540_12,46.26488001780133,17.771912412734004
2024121502_1451_54540_13,46.26639850174927,17.75565125066927
2024121502_1451_54540_2,46.23277177655292,18.12055888823015
2024121502_1451_54540_3,46.24370640764533,18.051326897384275
2024121502_1451_54540_4,46.24906914043471,18.025143422116713
2024121502_1451_54540_5,46.2555636361952,17.993913445628273
2024121502_1451_54540_6,46.25776148190721,17.933251387113565
2024121502_1451_54540_7,46.257577390063,17.906702972718115
2024121502_1451_54540_8,46.25798258938528,17.876480452064907
2024121502_1451_54540_9,46.26064921900157,17.840341460085885
2024121502_1451_57304_1,35.00234335911633,12.263400956049665
2024121502_1451_57304_10,35.17913617554288,11.834606345406893
2024121502_1451_57304_11,35.19112364582606,11.802234838169237
2024121502_1451_57304_12,35.199173570860246,11.798106677221927
2024121502_1451_57304_13,35.2006861646501,11.777354692348629
2024121502_1451_57304_2,35.0453064822287,12.19070587853918
2024121502_1451_57304_3,35.10767209951286,12.120746325567438
2024121502_1451_57304_4,35.120215092636556,12.08263888284693
2024121502_1451_57304_5,35.12615229609203,12.04114074807011
2024121502_1451_57304_6,35.1495926935676,11.983305375092336
2024121502_1451_57304_7,35.15616854701951,11.93795126079878
2024121502_1451_57304_8,35.15671350619962,11.901163049293446
2024121502_1451_57304_9,35.164509794545225,11.875894214925099
2024121502_1476_44912_1,65.48355354343617,22.075566487647897
2024121502_1476_44912_2,65.51212240584154,22.045054331738076
2024121502_1476_44912_3,65.54834831748131,22.01363614591383
2024121502_1476_44912_4,65.55283084404553,21.98888701329931
2024121502_1476_44912_5,65.5653745734309,21.95941072728483
2024121502_1476_44912_6,65.57281361378868,21.91160943277751
2024121502_1476_44912_7,65.59118038253293,21.861919751186544
2024121502_1476_44912_8,65.59968543796066,21.830267943128614
2024121502_1476_44912_9,65.6000235055976,21.805607457756583
2024121502_1476_54540_1,67.7376132215448,17.28200161164378
2024121502_1476_54540_2,67.75427793386999,17.270273444331497
2024121502_1476_54540_3,67.76912654339777,17.267002785423735
2024121502_1476_54540_4,67.77591377290825,17.261085192940598
2024121502_1476_54540_5,67.78337156087753,17.26311027816108
2024121502_1476_54540_6,67.79132007829337,17.251417175465935
2024121502_1476_54540_7,67.79653868524497,17.25273861474028
2024121502_1476_54540_8,67.79547400494218,17.249585943798515
2024121502_1476_54540_9,67.79569440078717,17.241346284423955
2024121502_1476_56032_1,69.15837803160461,28.66690768640601
2024121502_1476_56032_2,69.20537285730371,28.665073578477827
2024121502_1476_56032_3,69.2752051415325,28.673195444283138
2024121502_1476_56032_4,69.29020414289423,28.679567241744117
2024121502_1476_56032_5,69.30221186854772,28.670767225587944
2024121502_1476_56032_6,69.30738917737399,28.662006595263875
2024121502_1476_56032_7,69.32696526260133,28.655250838782408
2024121502_1476_56032_8,69.33547031803268,28.65425317022177
2024121502_1476_56032_9,69.33580838566961,28.662540424866375
2024121502_1523_54468_1,77.0200284031852,9.443989715742166
2024121502_1523_54468_10,77.15960161338212,9.20829635039134
2024121502_1523_54468_11,77.16464989940457,9.200745317069114
2024121502_1523_54468_12,77.1690909103933,9.19301416776169
2024121502_1523_54468_2,77.0498581597438,9.40453513262374
2024121502_1523_54468_3,77.09268676627323,9.335871046883776
2024121502_1523_54468_4,77.10077348834258,9.313265914934332
2024121502_1523_54468_5,77.10823264065152,9.296967682564842
2024121502_1523_54468_6,77.12592179713107,9.28125098984446
2024121502_1523_54468_7,77.14102418535174,9.266675074109061
2024121502_1523_54468_8,77.1494967913506,9.2464642780146
2024121502_1523_54468_9,77.14580007954622,9.227668686985854
2024121502_1523_56121_1,64.37068346244888,15.427283047897056
2024121502_1523_56121_10,64.38670233191544,15.091753797097759
2024121502_1523_56121_11,64.38844737786891,15.047041459357915
2024121502_1523_56121_12,64.38955753058899,15.023314155807796
2024121502_1523_56121_2,64.37576073979147,15.38271507294317
2024121502_1523_56121_3,64.37173144482946,15.309526849761982
2024121502_1523_56121_4,64.36928586279726,15.282627685450466
2024121502_1523_56121_5,64.37270852713041,15.2632258137432
2024121502_1523_56121_6,64.37824022011294,15.241933650841418
2024121502_1523_56121_7,64.38038505445967,15.182089030768925
2024121502_1523_56121_8,64.38093134133064,15.157943613873389
2024121502_1523_56121_9,64.38133727692177,15.122090559409584
2024121502_1649_43395_1,95.23171889853624,11.37602949345423
2024121502_1649_43395_10,95.32832574624558,11.171766560258163
2024121502_1649_43395_11,95.332699963708,11.138993309705068
2024121502_1649_43395_2,95.26185347350868,11.323757734761134
2024121502_1649_43395_3,95.29390173095166,11.249999634543867
2024121502_1649_43395_4,95.2885266389181,11.227219741632064
2024121502_1649_43395_5,95.29729614927167,11.210244972207926
2024121502_1649_43395_6,95.30420835527664,11.200221688342909
2024121502_1649_43395_7,95.30864936626537,11.182462271860928
2024121502_1649_43395_8,95.31421732895694,11.181846807832338
2024121502_1649_43395_9,95.31802691787948,11.174480179357131
2024121502_1649_44912_1,98.38471783241278,17.409285784276523
2024121502_1649_44912_10,98.65162116101352,17.50949868442306
2024121502_1649_44912_11,98.65908427976431,17.5082129847638
2024121502_1649_44912_2,98.46143805911163,17.447490363904212
2024121502_1649_44912_3,98.54460801590356,17.483523519184008
2024121502_1649_44912_4,98.56663439166773,17.48599981866976
2024121502_1649_44912_5,98.6012197898086,17.49748212762551
2024121502_1649_44912_6,98.60716897918208,17.496741175738272
2024121502_1649_44912_7,98.60988639992394,17.501165000898574
2024121502_1649_44912_8,98.62793106839688,17.504665306931702
2024121502_1649_44912_9,98.63174065730865,17.506894417595568
2024121502_1649_54468_1,102.4732240170996,14.174465085665393
2024121502_1649_54468_10,102.66422923562125,14.124725345520913
2024121502_1649_54468_11,102.66860345308545,14.119187140979196
2024121502_1649_54468_2,102.53024689043241,14.168662478596344
2024121502_1649_54468_3,102.59608066058304,14.155824513550979
2024121502_1649_54468_4,102.62387152988664,14.15367454025532
2024121502_1649_54468_5,102.6398571635228,14.148788518830578
2024121502_1649_54468_6,102.64386618397857,14.133642496953339
2024121502_1649_54468_7,102.64595450738717,14.122733335978175
2024121502_1649_54468_8,102.65071846448274,14.12434290357246
2024121502_1649_54468_9,102.6545280534035,14.122120894626201
2024121502_1649_54540_1,95.58203254676992,20.14904514422086
2024121502_1649_54540_10,95.62415432292238,19.964287406098357
2024121502_1649_54540_11,95.62567280687033,19.956633800160294
2024121502_1649_54540_2,95.59258425188276,20.1137058098515
2024121502_1649_54540_3,95.60778931132376,20.043666236003727
2024121502_1649_54540_4,95.60847320801146,20.02488085711565
2024121502_1649_54540_5,95.60500509921542,19.99862937478844
2024121502_1649_54540_6,95.60917267853056,19.984087972829343
2024121502_1649_54540_7,95.61130962832299,19.97656997335761
2024121502_1649_54540_8,95.61346130349266,19.97236117626617
2024121502_1649_54540_9,95.61727678256253,19.965040893418195
2024121502_1649_57199_1,104.44752142264242,25.765046813533377
2024121502_1649_57199_10,104.4726079247626,25.63545781191686
2024121502_1649_57199_11,104.47412640870336,25.622480363757653
2024121502_1649_57199_2,104.44857616430504,25.73041441240868
2024121502_1649_57199_3,104.45227334143274,25.693029481067608
2024121502_1649_57199_4,104.45295723811323,25.680975097300593
2024121502_1649_57199_5,104.45832229311411,25.666133556749855
2024121502_1649_57199_6,104.4597318092632,25.648170278877288
2024121502_1649_57199_7,104.46084196199769,25.637313020202008
2024121502_1649_57199_8,104.46236044595281,25.635288364691103
2024121502_1649_57199_9,104.46380725013394,25.636211299236695
2024121502_1672_54468_1,100.2271924937648,18.193304258775502
2024121502_1672_54468_2,100.2594078795313,18.249759123357347
2024121502_1672_54468_3,100.27227579895164,18.26961749909323
2024121502_1672_54468_4,100.28975474038955,18.28218378177588
2024121502_1672_54468_5,100.31402868684573,18.299861139036647
2024121502_1672_54468_6,100.31578507193274,18.302983212205827
2024121502_1672_54468_7,100.34416240075545,18.31430515821741
2024121502_1672_54468_8,100.36359139425053,18.323621859656836
2024121502_1672_54468_9,100.3856901820876,18.343708184972176
2024121502_1672_54540_1,89.53768220953495,14.46423556103414
2024121502_1672_54540_2,89.554030075629,14.441463054372882
2024121502_1672_54540_3,89.57231321672268,14.444600891048243
2024121502_1672_54540_4,89.59539230373314,14.449954749082238
2024121502_1672_54540_5,89.61235547724156,14.44413650666556
2024121502_1672_54540_6,89.61321801512298,14.441975278809782
2024121502_1672_54540_7,89.63494392797985,14.429110214379376
2024121502_1672_54540_8,89.6382157603903,14.428714066115015
2024121502_1672_54540_9,89.64535061987355,14.440251109911575
2024121502_1672_55949_1,88.41985022460636,17.477940071143937
2024121502_1672_55949_2,88.45699056615447,17.518087684825204
2024121502_1672_55949_3,88.48104752766768,17.522704926973372
2024121502_1672_55949_4,88.50583439693212,17.524573669977205
2024121502_1672_55949_5,88.5317047859259,17.535208416314195
2024121502_1672_55949_6,88.54058643612366,17.538330489483375
2024121502_1672_55949_7,88.57610388701505,17.54274181509705
2024121502_1672_55949_8,88.59072772330076,17.553152367311778
2024121502_1672_55949_9,88.60016671871466,17.56341397357571
2024121502_1757_44974_1,68.31416079453422,23.896649683359417
2024121502_1757_44974_2,68.26332818224095,23.88658888109204
2024121502_1757_44974_3,68.21784986251167,23.870514220319205
2024121502_1757_44974_4,68.20695325070362,23.873797695172332
2024121502_1757_44974_5,68.19271195849876,23.865245271636812
2024121502_1757_44974_6,68.18543391821683,23.86221016338342
2024121502_1757_44974_7,68.17647814592387,23.851787487109547
2024121502_1757_44974_8,68.17288985968788,23.852346594539643
2024121502_1757_46206_1,75.16790495090555,22.059278975532433
2024121502_1757_46206_2,75.15496718699438,22.028351665802855
2024121502_1757_46206_3,75.16503978784866,21.997510993409012
2024121502_1757_46206_4,75.16122877813852,21.972880382515346
2024121502_1757_46206_5,75.15177690358905,21.965622440284587
2024121502_1757_46206_6,75.15319842959862,21.943375029708566
2024121502_1757_46206_7,75.15773533647386,21.932952353434686
2024121502_1757_46206_8,75.15410730664853,21.900489055967817
2024121502_1787_46206_1,67.4152656836177,33.856809343465834
2024121502_1787_46206_2,67.39383820107027,33.8613223873193
2024121502_1787_46206_3,67.37098499630002,33.86225840736162
2024121502_1787_46206_4,67.37167933134012,33.85845897575772
2024121502_1787_46206_5,67.37319781529165,33.85680650415679
2024121502_1787_46206_6,67.36674989072773,33.86650140826438
2024121502_1787_46206_7,67.36466212978728,33.861593155753575
2024121502_1787_53465_1,64.22977158216138,29.68133273613909
2024121502_1787_53465_2,64.22521204263593,29.713256276407083
2024121502_1787_53465_3,64.23146473536964,29.760850052101336
2024121502_1787_53465_4,64.23275288737696,29.772987000690247
2024121502_1787_53465_5,64.23427137132491,29.772540294810835
2024121502_1787_53465_6,64.2272947729673,29.776810369939682
2024121502_1787_53465_7,64.22881325692245,29.776056882619848
2024121502_1787_54936_1,67.82450543176235,37.718865411883684
2024121502_1787_54936_2,67.80723111784732,37.744165495404076
2024121502_1787_54936_3,67.79210303481082,37.81138621555629
2024121502_1787_54936_4,67.79304787568066,37.82362271271732
2024121502_1787_54936_5,67.7945663596286,37.82286922539748
2024121502_1787_54936_6,67.78411558583298,37.82713930052633
2024121502_1787_54936_7,67.78563406978093,37.82396449084318
2024121502_1813_43321_1,67.2309905997061,19.76950946804297
2024121502_1813_43321_2,67.22217236669846,19.72499114094752
2024121502_1813_43321_3,67.21896842885894,19.71472045385283
2024121502_1813_43321_4,67.22043442333147,19.713479039394162
2024121502_1813_43321_5,67.23231464247091,19.702211276136964
2024121502_1813_43321_6,67.22970420717843,19.700156219816026
2024121502_1813_43321_7,67.22233613821949,19.68181159270597
2024121502_1813_43321_8,67.22366620856127,19.670284778986886
2024121502_1813_52435_1,62.16773162935686,6.814029890864722
2024121502_1813_52435_2,62.1302920413287,6.783009752135225
2024121502_1813_52435_3,62.10748602597956,6.775122203923082
2024121502_1813_52435_4,62.09416490169811,6.777893818638247
2024121502_1813_52435_5,62.089809194226135,6.775847941772081
2024121502_1813_52435_6,62.07947141049189,6.776152685602709
2024121502_1813_52435_7,62.063374426365904,6.762369060028483
2024121502_1813_52435_8,62.05583333621467,6.763239167728605
2024121502_1813_54509_1,65.40318446440358,18.875318062567175
2024121502_1813_54509_2,65.36932074275916,18.7616459202679
2024121502_1813_54509_3,65.3590688477913,18.714158785978448
2024121502_1813_54509_4,65.35112082628358,18.690462896866727
2024121502_1813_54509_5,65.34913082524491,18.66958648683029
2024121502_1813_54509_6,65.34103093348588,18.617404647176024
2024121502_1813_54509_7,65.32123298467033,18.60083072086734
2024121502_1813_54509_8,65.3170605443836,18.553475138266037
2024121502_1976_43454_1,81.16387023034717,30.725240660919507
2024121502_1976_43454_10,81.43205318345056,30.57477233729108
2024121502_1976_43454_11,81.43357166740572,30.57401884997124
2024121502_1976_43454_2,81.24163789627842,30.683746401329092
2024121502_1976_43454_3,81.32513475644528,30.638116129007045
2024121502_1976_43454_4,81.34716113222386,30.61500724449283
2024121502_1976_43454_5,81.38754227274256,30.60687892083414
2024121502_1976_43454_6,81.39349146211605,30.596288745529357
2024121502_1976_43454_7,81.3981687309202,30.58545721428638
2024121502_1976_43454_8,81.41428732004891,30.58275519142199
2024121502_1976_43454_9,81.41347919439863,30.574202494605313
2024121502_1976_54540_1,77.22259323908314,21.58050472627631
2024121502_1976_54540_10,77.33018684288521,21.34386210343912
2024121502_1976_54540_11,77.3345610603494,21.31317543884228
2024121502_1976_54540_2,77.25365551282049,21.499889309384468
2024121502_1976_54540_3,77.29103877444187,21.428047717495787
2024121502_1976_54540_4,77.28734206263569,21.403387232123748
2024121502_1976_54540_5,77.30315802808022,21.378381110041808
2024121502_1976_54540_6,77.30917818900295,21.363285760140073
2024121502_1976_54540_7,77.31361919998986,21.353337347714362
2024121502_1976_54540_8,77.32037402808866,21.348861285025844
2024121502_1976_54540_9,77.3218866218875,21.344254450881905
2024121502_1976_56032_1,79.59552104091543,31.15067919896176
2024121502_1976_56032_10,79.76255997747685,31.15383407233118
2024121502_1976_56032_11,79.76693419493927,31.15218233699913
2024121502_1976_56032_2,79.64510552375519,31.15214811132659
2024121502_1976_56032_3,79.70838444095482,31.14691487152611
2024121502_1976_56032_4,79.72490547697019,31.15420463851088
2024121502_1976_56032_5,79.7346586876942,31.153021893810525
2024121502_1976_56032_6,79.74474292000374,31.14979539616291
2024121502_1976_56032_7,79.73991664392476,31.15904797003191
2024121502_1976_56032_8,79.74181504260935,31.157080375357847
2024121502_1976_56032_9,79.75094065644441,31.153685998428916
2024121502_1976_57163_1,89.28012391448736,33.53801103113032
2024121502_1976_57163_10,89.47413168741288,33.45756822695274
2024121502_1976_57163_11,89.47850590487708,33.45591575535182
2024121502_1976_57163_2,89.33702175929348,33.51847828319871
2024121502_1976_57163_3,89.39855866436183,33.49643296357749
2024121502_1976_57163_4,89.42105477966925,33.48848966596855
2024121502_1976_57163_5,89.44540525685896,33.47993537274056
2024121502_1976_57163_6,89.44951440988001,33.46487872495242
2024121502_1976_57163_7,89.45160273328862,33.454780523791094
2024121502_1976_57163_8,89.45636669038329,33.45247424544029
2024121502_1976_57163_9,89.46373393044755,33.458321714272564
2024121502_1976_57199_1,85.38522435532082,26.40355177278741
2024121502_1976_57199_10,85.40660307183796,26.332247355957605
2024121502_1976_57199_11,85.4081215557931,26.318263855959337
2024121502_1976_57199_2,85.38783556932995,26.391044703342928
2024121502_1976_57199_3,85.39153274645764,26.36813395033584
2024121502_1976_57199_4,85.39221664315252,26.36403283699918
2024121502_1976_57199_5,85.39103774050368,26.35031136243437
2024121502_1976_57199_6,85.39303038160627,26.34383483977943
2024121502_1976_57199_7,85.39414053431196,26.3391175402961
2024121502_1976_57199_8,85.39565901826711,26.33762263023175
2024121502_1976_57199_9,85.3971058224626,26.33300084327744
2024121502_2039_43373_1,10.37438572218218,7.875412936065777
2024121502_2039_43373_10,10.251652902242297,7.709248848495374
2024121502_2039_43373_11,10.253865871801972,7.704340688018186
2024121502_2039_43373_12,10.255384355749918,7.703587200698352
2024121502_2039_43373_13,10.256902839697862,7.695937082943691
2024121502_2039_43373_2,10.326464827155792,7.795249046526919
2024121502_2039_43373_3,10.280358704559328,7.742688425026057
2024121502_2039_43373_4,10.270662101493572,7.733424487951225
2024121502_2039_43373_5,10.253202582431317,7.727753288481575
2024121502_2039_43373_6,10.254721066386457,7.7250117831994425
2024121502_2039_43373_7,10.254966608012248,7.720956303790218
2024121502_2039_43373_8,10.249642714548822,7.718737457366837
2024121502_2039_43373_9,10.251161198496769,7.7092428744835635
2024121502_2039_54509_1,11.686862800905837,12.206499671831281
2024121502_2039_54509_10,11.569173405785358,11.803824347131354
2024121502_2039_54509_11,11.57138637533064,11.80307085981152
2024121502_2039_54509_12,11.572904859285783,11.802317372491686
2024121502_2039_54509_13,11.574423343233729,11.8015197090401
2024121502_2039_54509_2,11.64036658613554,12.084390435188823
2024121502_2039_54509_3,11.596009547644346,11.964960653794655
2024121502_2039_54509_4,11.588993130950477,11.924319178238676
2024121502_2039_54509_5,11.574889960375975,11.88888919430864
2024121502_2039_54509_6,11.576408444316726,11.884980058644224
2024121502_2039_54509_7,11.573376179537423,11.866556332670013
2024121502_2039_54509_8,11.56204919288047,11.865802845350178
2024121502_2039_54509_9,11.563567676828416,11.82908785674863
2024121502_2039_54936_1,11.423756345188746,12.779298600197032
2024121502_2039_54936_10,11.321629504299306,12.39331045528032
2024121502_2039_54936_11,11.323147988247252,12.392556967960486
2024121502_2039_54936_12,11.324666472198796,12.39180348064065
2024121502_2039_54936_13,11.326184956146742,12.3941574160549
2024121502_2039_54936_2,11.387195857962066,12.660212375855892
2024121502_2039_54936_3,11.356940298598548,12.556302092121026
2024121502_2039_54936_4,11.346418358471507,12.513165716235465
2024121502_2039_54936_5,11.330171054023792,12.473305899518008
2024121502_2039_54936_6,11.33168953797174,12.468555039180256
2024121502_2039_54936_7,11.328657273188838,12.450131313206043
2024121502_2039_54936_8,11.316780005182965,12.443428957544608
2024121502_2039_54936_9,11.318298489134508,12.419284096215454
2024121502_2171_53465_1,55.347098659372946,8.301013839286641
2024121502_2171_53465_2,55.352132827139236,8.3053514062019
2024121502_2171_53465_3,55.353553709519325,8.315997385612588
2024121502_2171_53465_4,55.35167652147353,8.313246400868854
2024121502_2171_53465_5,55.35066886695431,8.315786416225844
2024121502_2171_53465_6,55.35213433954416,8.310959549301346
2024121502_2171_53465_7,55.350182788343254,8.306090700242322
2024121502_2171_53465_8,55.34891302211619,8.309183572065093
2024121502_2171_55934_1,53.86666108467472,11.247368394401061
2024121502_2171_55934_2,53.873153064795886,11.250885366206468
2024121502_2171_55934_3,53.87457394716159,11.247451860227216
2024121502_2171_55934_4,53.87460664053787,11.24470087548348
2024121502_2171_55934_5,53.877972423068975,11.251588006271751
2024121502_2171_55934_6,53.87773858713142,11.238696786496536
2024121502_2171_55934_7,53.87566628784426,11.234987929030348
2024121502_2171_55934_8,53.878194196395455,11.238080800853119
2024121502_2196_44860_1,59.361855887191304,25.216380928938136
2024121502_2196_44860_2,59.38059422730207,25.20975787562429
2024121502_2196_44860_3,59.393259402972724,25.193270745453272
2024121502_2196_44860_4,59.40502877343284,25.19186197884583
2024121502_2196_44860_5,59.4097300905776,25.19679082567896
2024121502_2196_44860_6,59.41792033317764,25.19242394422281
2024121502_2196_44860_7,59.41923328251874,25.191670456902976
2024121502_2196_44860_8,59.43888649498302,25.17997239753096
2024121502_2221_43373_1,85.6886465083501,41.43568151187433
2024121502_2221_43373_10,86.0377868927568,41.52048985568453
2024121502_2221_43373_11,86.07156338009005,41.523481392056745
2024121502_2221_43373_12,86.08615486995988,41.52967965110492
2024121502_2221_43373_13,86.12023710635127,41.53374928692365
2024121502_2221_43373_14,86.14235538019432,41.554167485952505
2024121502_2221_43373_2,85.75462662036475,41.4621582485973
2024121502_2221_43373_3,85.82374130097236,41.48221221045552
2024121502_2221_43373_4,85.85360849167206,41.48219661444561
2024121502_2221_43373_5,85.89424045121233,41.48838842704765
2024121502_2221_43373_6,85.91961424200365,41.49517789861013
2024121502_2221_43373_7,85.96983073260355,41.49549918378359
2024121502_2221_43373_8,85.98129339784842,41.49768062819019
2024121502_2221_43373_9,85.99664897853023,41.51164612253948
2024121502_2221_46501_1,89.43653330103034,28.814169181382216
2024121502_2221_46501_10,89.6296137109186,28.991241645678308
2024121502_2221_46501_11,89.66801570653953,29.00232192348073
2024121502_2221_46501_12,89.66904059571073,29.020366697659792
2024121502_2221_46501_13,89.69510695037651,29.031915999375034
2024121502_2221_46501_14,89.71212729860858,29.051795283496595
2024121502_2221_46501_2,89.4671742605585,28.85977502575464
2024121502_2221_46501_3,89.49164630567316,28.912955279295588
2024121502_2221_46501_4,89.5096451375253,28.923993785273392
2024121502_2221_46501_5,89.54204491332202,28.933088988627116
2024121502_2221_46501_6,89.55076605690778,28.939878460189583
2024121502_2221_46501_7,89.5910650468065,28.939459062905016
2024121502_2221_46501_8,89.60930864744017,28.953428549218597
2024121502_2221_46501_9,89.61296940482136,28.96429875833658
2024121502_2221_53465_1,70.23037721312588,38.624377902066236
2024121502_2221_53465_10,70.23829690294016,38.85794533728724
2024121502_2221_53465_11,70.24181675476318,38.89533449161653
2024121502_2221_53465_12,70.24588336798001,38.90674938603742
2024121502_2221_53465_13,70.24573882512476,38.91476875961583
2024121502_2221_53465_14,70.25019175457643,38.93924778549158
2024121502_2221_53465_2,70.22576531582538,38.70536627823215
2024121502_2221_53465_3,70.22035652117154,38.75438353998767
2024121502_2221_53465_4,70.22459121058804,38.757267792656585
2024121502_2221_53465_5,70.23394288606461,38.76597727292653
2024121502_2221_53465_6,70.22990926967022,38.77276674448899
2024121502_2221_53465_7,70.22514611994315,38.77930541335914
2024121502_2221_53465_8,70.2265212521452,38.79897617570741
2024121502_2221_53465_9,70.23622768430765,38.820157645216995
2024121502_2221_53518_1,82.92280930687458,41.09493854247843
2024121502_2221_53518_10,83.30064953290584,41.15403675979736
2024121502_2221_53518_11,83.33072671472615,41.16173963833139
2024121502_2221_53518_12,83.34555463379907,41.16098381815541
2024121502_2221_53518_13,83.37768203669978,41.16696216900342
2024121502_2221_53518_14,83.39724545757566,41.191865746980675
2024121502_2221_53518_2,82.99967736282031,41.10985531716461
2024121502_2221_53518_3,83.08432281080839,41.11642124496552
2024121502_2221_53518_4,83.11923369667775,41.11640564895561
2024121502_2221_53518_5,83.1541205886991,41.12038791870137
2024121502_2221_53518_6,83.17949437949764,41.12717739026384
2024121502_2221_53518_7,83.23034700638753,41.12749620930547
2024121502_2221_53518_8,83.24481101663004,41.130541235189355
2024121502_2221_53518_9,83.26717028738678,41.14450672953864
2024121502_2244_40166_1,89.18158815442004,24.39414502848808
2024121502_2244_40166_10,89.27484174552406,24.44690140500131
2024121502_2244_40166_11,89.2887457442694,24.462868121549185
2024121502_2244_40166_12,89.31133584992232,24.478520647870333
2024121502_2244_40166_13,89.3283980851906,24.476203906029273
2024121502_2244_40166_14,89.35546018078622,24.47731018070135
2024121502_2244_40166_15,89.38785995659013,24.488504052525187
2024121502_2244_40166_16,89.4059207255507,24.49540719360594
2024121502_2244_40166_17,89.45088303341353,24.502762905339274
2024121502_2244_40166_18,89.46728164511246,24.515435882997263
2024121502_2244_40166_2,89.19076530708267,24.40988801316648
2024121502_2244_40166_3,89.20924742561492,24.41615595385366
2024121502_2244_40166_4,89.21183588543062,24.404377252232617
2024121502_2244_40166_5,89.2238830141192,24.41595258701496
2024121502_2244_40166_6,89.22833332067033,24.426655610821253
2024121502_2244_40166_7,89.24123312435967,24.418265230680518
2024121502_2244_40166_8,89.2584812562784,24.420324719447216
2024121502_2244_40166_9,89.26226892086767,24.4433956383472
2024121502_2244_43294_1,75.82599764624459,11.967304761590025
2024121502_2244_43294_10,75.89886688098127,11.83893301244613
2024121502_2244_43294_11,75.91058710628771,11.807925677750076
2024121502_2244_43294_12,75.93434787943195,11.78966664692203
2024121502_2244_43294_13,75.95288298723565,11.78450337001321
2024121502_2244_43294_14,75.97239080875612,11.776473319921765
2024121502_2244_43294_15,76.0030752395674,11.774626879883723
2024121502_2244_43294_16,76.01179638315314,11.763051508766196
2024121502_2244_43294_17,76.0507772427772,11.74076040877044
2024121502_2244_43294_18,76.0690208434037,11.733155538600105
2024121502_2244_43294_2,75.83093830787251,11.95196123298194
2024121502_2244_43294_3,75.8495838780994,11.942958957461341
2024121502_2244_43294_4,75.85217233790794,11.91235312475789
2024121502_2244_43294_5,75.85985633731028,11.909857993443866
2024121502_2244_43294_6,75.86377358521217,11.890852819650037
2024121502_2244_43294_7,75.87118818587605,11.890812357745018
2024121502_2244_43294_8,75.88843631780195,11.873418286864748
2024121502_2244_43294_9,75.889298033291,11.845795398998625
2024121502_2244_44974_1,85.62391206674528,28.505347440949834
2024121502_2244_44974_10,85.71529211241317,28.44872185026004
2024121502_2244_44974_11,85.72701233771238,28.43112426647037
2024121502_2244_44974_12,85.74960244336532,28.423107909586765
2024121502_2244_44974_13,85.76583900095063,28.408827177539326
2024121502_2244_44974_14,85.79368727614526,28.404928903332237
2024121502_2244_44974_15,85.81907025515567,28.398105951191408
2024121502_2244_44974_16,85.84280363892141,28.402042441534814
2024121502_2244_44974_17,85.89755007130829,28.390285963066084
2024121502_2244_44974_18,85.9064772076677,28.374440617603664
2024121502_2244_44974_2,85.63187879339802,28.49569099054492
2024121502_2244_44974_3,85.65036091193743,28.4929672477491
2024121502_2244_44974_4,85.65294937174596,28.46792466257053
2024121502_2244_44974_5,85.6647343887195,28.4637313271252
2024121502_2244_44974_6,85.66918469527062,28.441943514222594
2024121502_2244_44974_7,85.68181383851217,28.448653377394137
2024121502_2244_44974_8,85.69906197043807,28.45428637713093
2024121502_2244_44974_9,85.69992368592712,28.45176901895492
2024121502_2244_54509_1,77.60709396781581,12.915927122082254
2024121502_2244_54509_10,77.70922481689782,12.751185277087783
2024121502_2244_54509_11,77.71839607939516,12.72054651989804
2024121502_2244_54509_12,77.74098618504807,12.703335996645668
2024121502_2244_54509_13,77.76385938898227,12.698172719736847
2024121502_2244_54509_14,77.79883871680669,12.692249852424714
2024121502_2244_54509_15,77.8322180461959,12.676089606516772
2024121502_2244_54509_16,77.85102431873395,12.657328987570326
2024121502_2244_54509_17,77.90257181530278,12.645700018842081
2024121502_2244_54509_18,77.91806454968801,12.630684179275216
2024121502_2244_54509_2,77.61203462944376,12.887485876054528
2024121502_2244_54509_3,77.63087604718088,12.87280412225165
2024121502_2244_54509_4,77.63346450699659,12.835558064744731
2024121502_2244_54509_5,77.648770628376,12.836335464457202
2024121502_2244_54509_6,77.65095322683071,12.812645047569399
2024121502_2244_54509_7,77.65584684290947,12.807879028037787
2024121502_2244_54509_8,77.66957855474098,12.79313040576229
2024121502_2244_54509_9,77.69739187731903,12.763799006000786
2024121502_226_44860_1,28.193189930053148,7.110613447762376
2024121502_226_44860_10,28.27593186153921,6.869663503936756
2024121502_226_44860_11,28.287790252944916,6.839661250236006
2024121502_226_44860_2,28.1951998734668,7.049923169783152
2024121502_226_44860_3,28.21220172346181,6.994325766685402
2024121502_226_44860_4,28.21922611442785,6.979469862547345
2024121502_226_44860_5,28.231264684638205,6.980224296889577
2024121502_226_44860_6,28.23596673804821,6.956764179831127
2024121502_226_44860_7,28.25686531906103,6.936973858400453
2024121502_226_44860_8,28.261100704605063,6.917994843702678
2024121502_226_44860_9,28.2783936343043,6.899226397485411
2024121502_226_52435_1,37.182588446796274,14.087058408607001
2024121502_226_52435_10,37.26504849384312,13.910822279846519
2024121502_226_52435_11,37.27809763682962,13.891910872923381
2024121502_226_52435_2,37.18459875834436,14.042262178761659
2024121502_226_52435_3,37.203454165200654,13.993004324884417
2024121502_226_52435_4,37.204082142925415,13.974745294056373
2024121502_226_52435_5,37.21748382146085,13.967362897594981
2024121502_226_52435_6,37.22968297888953,13.9614418939212
2024121502_226_52435_7,37.244476368060226,13.949916804696567
2024121502_226_52435_8,37.24887446902287,13.938025057927009
2024121502_226_52435_9,37.26765158814054,13.91886695746379
2024121502_2347_43373_1,116.07334597168052,3.0051040132499653
2024121502_2347_43373_2,116.07486445563566,2.9986101007635617
2024121502_2347_43373_3,116.07771705875524,2.9991645030443097
2024121502_2347_43373_4,116.07923554271038,3.0024340401866016
2024121502_2347_43373_5,116.0807540266655,3.001680552866767
2024121502_2347_43373_6,116.07739546566123,3.0009270655469322
2024121502_2347_43373_7,116.07891394961635,3.0076914355146385
2024121502_2347_43373_8,116.09188337848168,2.9840702604804963
2024121502_2347_43373_9,116.09764990670114,2.9775521037742836
2024121502_2347_44974_1,115.8909107987913,7.887553982097944
2024121502_2347_44974_2,115.89242928274645,7.879759222872114
2024121502_2347_44974_3,115.8939477666872,7.871623995970688
2024121502_2347_44974_4,115.89546625064234,7.885599015043066
2024121502_2347_44974_5,115.89698473459748,7.884845527723232
2024121502_2347_44974_6,115.90446257871112,7.874493579344103
2024121502_2347_44974_7,115.89630059966241,7.872929644073895
2024121502_2347_44974_8,115.89532566034708,7.860206041361984
2024121502_2347_44974_9,115.89684414430222,7.844134619988644
2024121502_2347_53465_1,117.5706394187607,3.1054090115543955
2024121502_2347_53465_2,117.57215790271586,3.104906167108932
2024121502_2347_53465_3,117.57363221053922,3.1031664936646126
2024121502_2347_53465_4,117.57515069447997,3.1027394495516787
2024121502_2347_53465_5,117.57480989081529,3.101985962231844
2024121502_2347_53465_6,117.57182319784297,3.1012324749120093
2024121502_2347_53465_7,117.57334168179811,3.1086434901485176
2024121502_2347_53465_8,117.58679317623026,3.0938433682885016
2024121502_2347_53465_9,117.59247705892199,3.0872425732932083
2024121502_2347_53518_1,115.6117397984351,6.307884935338595
2024121502_2347_53518_2,115.61325828239023,6.296633006981928
2024121502_2347_53518_3,115.62652319976294,6.288497780080502
2024121502_2347_53518_4,115.62804168371807,6.3072246381367725
2024121502_2347_53518_5,115.62956016767323,6.306471150816938
2024121502_2347_53518_6,115.6102260448909,6.296119202437809
2024121502_2347_53518_7,115.60206406584219,6.291287613922319
2024121502_2347_53518_8,115.61713757591122,6.26974305006989
2024121502_2347_53518_9,115.61865605986634,6.25367162869655
2024121502_2347_54936_1,111.42462701848089,10.085457945153463
2024121502_2347_54936_2,111.42614550242884,10.085850349168073
2024121502_2347_54936_3,111.42761981024502,10.076613370445857
2024121502_2347_54936_4,111.42913829419295,10.076186234299316
2024121502_2347_54936_5,111.43065677814091,10.075432746979482
2024121502_2347_54936_6,111.43671509590209,10.062533104456541
2024121502_2347_54936_7,111.42855311684619,10.07298397261867
2024121502_2347_54936_8,111.42783881671537,10.050904774666577
2024121502_2347_54936_9,111.42935730066333,10.027163824620027
2024121502_2499_44912_1,57.24764129643231,35.65852814247842
2024121502_2499_44912_2,57.261497843698294,35.70016195379312
2024121502_2499_44912_3,57.26602550396561,35.73259782608711
2024121502_2499_44912_4,57.26651174454739,35.76937763901433
2024121502_2499_44912_5,57.27117919372995,35.81105663831001
2024121502_2499_44912_6,57.27682275687456,35.818185401689206
2024121502_2499_44912_7,57.280799505374375,35.83290854154211
2024121502_2499_44912_8,57.289611146488305,35.85929213379476
2024121502_2499_44912_9,57.28400729309335,35.90272741064939
2024121502_2618_41256_1,40.28444080001525,35.134521415348395
2024121502_2618_41256_2,40.281073403784596,35.128304856078785
2024121502_2618_41256_3,40.273640330909735,35.122544254092205
2024121502_2618_41256_4,40.26940045609145,35.11557729747762
2024121502_2618_41256_5,40.263070052265086,35.102950669168976
2024121502_2618_41256_6,40.25276956355232,35.103333727643474
2024121502_2618_41256_7,40.25227804416941,35.108001567164855
2024121502_2618_41256_8,40.24403271710485,35.10636440251634
2024121502_2618_55949_1,44.45479723637663,34.71264741644536
2024121502_2618_55949_2,44.45951996240689,34.739463048381836
2024121502_2618_55949_3,44.46019026463246,34.76347329256286
2024121502_2618_55949_4,44.4568994403635,34.76318790556232
2024121502_2618_55949_5,44.45802472995588,34.77246694379657
2024121502_2618_55949_6,44.460732294827594,34.76724566512897
2024121502_2618_55949_7,44.46295347481131,34.765607564588436
2024121502_2618_55949_8,44.4724756773272,34.7696856579661
2024121502_2724_41256_1,37.584807270900896,40.58825200107339
2024121502_2724_41256_10,37.467039281646066,40.832836168610065
2024121502_2724_41256_11,37.463955465340405,40.8438492027804
2024121502_2724_41256_12,37.465473949288345,40.843095715460564
2024121502_2724_41256_13,37.45854991990356,40.84494567483845
2024121502_2724_41256_14,37.45646142269783,40.84419218751861
2024121502_2724_41256_2,37.533948500799795,40.653712837147964
2024121502_2724_41256_3,37.501943838668794,40.69261039816029
2024121502_2724_41256_4,37.49752455783928,40.71793864788074
2024121502_2724_41256_5,37.48621968705986,40.754749805753754
2024121502_2724_41256_6,37.48530240374104,40.77068586338555
2024121502_2724_41256_7,37.47644543450441,40.78942318479416
2024121502_2724_41256_8,37.46527525606873,40.80134029974341
2024121502_2724_41256_9,37.46679374002027,40.80692755986722
2024121502_2724_43395_1,32.392733583594044,24.81547654245644
2024121502_2724_43395_10,32.381486567208746,24.959713409096477
2024121502_2724_43395_11,32.38277471922327,24.96016961151769
2024121502_2724_43395_12,32.38429320316403,24.967703695435926
2024121502_2724_43395_13,32.38291050124276,24.97244277383017
2024121502_2724_43395_14,32.38442898518351,24.971689286510337
2024121502_2724_43395_2,32.38352345229891,24.879365015940607
2024121502_2724_43395_3,32.37654993707556,24.907915669678424
2024121502_2724_43395_4,32.37527248595977,24.92250402510896
2024121502_2724_43395_5,32.37549288180477,24.930668308597912
2024121502_2724_43395_6,32.37737032880162,24.947461974189803
2024121502_2724_43395_7,32.377227581377305,24.957586920030952
2024121502_2724_43395_8,32.37844959931286,24.958614358347106
2024121502_2724_43395_9,32.37996808325361,24.964240640720632
2024121502_2724_43454_1,34.32833423886333,41.80073433219709
2024121502_2724_43454_10,33.948490649101494,41.6772161605807
2024121502_2724_43454_11,33.94271465322491,41.67688444204436
2024121502_2724_43454_12,33.94423313716567,41.681964412921936
2024121502_2724_43454_13,33.9438460750747,41.66290286406773
2024121502_2724_43454_14,33.94536455902984,41.66791804328541
2024121502_2724_43454_2,34.16093729124003,41.76370356020337
2024121502_2724_43454_3,34.02103855616562,41.7425361571556
2024121502_2724_43454_4,34.00768579226298,41.73738318775571
2024121502_2724_43454_5,33.97631280887951,41.72048374392032
2024121502_2724_43454_6,33.97002527004612,41.69892366060762
2024121502_2724_43454_7,33.953621893216955,41.694801239125276
2024121502_2724_43454_8,33.953353133310486,41.689443130605945
2024121502_2724_43454_9,33.954871617265624,41.687686108826554
2024121502_2724_54468_1,31.092478674759075,44.975837814202805
2024121502_2724_54468_10,30.883171664241562,44.92027916085414
2024121502_2724_54468_11,30.885092776075464,44.91690149803374
2024121502_2724_54468_12,30.886611260023415,44.920966890418825
2024121502_2724_54468_13,30.874845950083877,44.919969698105504
2024121502_2724_54468_14,30.876714898010363,44.91921621078567
2024121502_2724_54468_2,31.01271644585809,44.95681040268224
2024121502_2724_54468_3,30.927803759285865,44.94629486568336
2024121502_2724_54468_4,30.916060033133707,44.94060875177422
2024121502_2724_54468_5,30.900653055276535,44.940151099197074
2024121502_2724_54468_6,30.8970705825885,44.932370130148726
2024121502_2724_54468_7,30.893370907753255,44.9219520963515
2024121502_2724_54468_8,30.888034148464953,44.924610774015726
2024121502_2724_54468_9,30.889552632412897,44.92457662137453
2024121502_2724_54540_1,35.146850529900455,23.81704824762255
2024121502_2724_54540_10,35.0325894352977,23.834712838042538
2024121502_2724_54540_11,35.033660333473385,23.834710713096868
2024121502_2724_54540_12,35.03517881742852,23.824160561214928
2024121502_2724_54540_13,35.03300065789041,23.83001324626367
2024121502_2724_54540_14,35.03451914184555,23.829259758943834
2024121502_2724_54540_2,35.09860147203211,23.825766654166813
2024121502_2724_54540_3,35.06143825984623,23.824858021243305
2024121502_2724_54540_4,35.05712500173651,23.826336352033596
2024121502_2724_54540_5,35.04811838860384,23.835217792957046
2024121502_2724_54540_6,35.04319603885511,23.846122698254845
2024121502_2724_54540_7,35.03932934847349,23.841996709065327
2024121502_2724_54540_8,35.03082540972396,23.83537762711022
2024121502_2724_54540_9,35.032343893679105,23.834754091244612
2024121502_2724_56032_1,37.16628925592357,32.509449838082986
2024121502_2724_56032_10,37.073783422772244,32.551974827858984
2024121502_2724_56032_11,37.07475259784071,32.55197233477888
2024121502_2724_56032_12,37.076271081795845,32.55043545738937
2024121502_2724_56032_13,37.07419464535057,32.552242713173236
2024121502_2724_56032_14,37.07571312930571,32.5514892258534
2024121502_2724_56032_2,37.12235519045552,32.51742032553648
2024121502_2724_56032_3,37.09193326597279,32.51840597208727
2024121502_2724_56032_4,37.086228956393306,32.53033359639983
2024121502_2724_56032_5,37.08116633802121,32.538921097322884
2024121502_2724_56032_6,37.08142437597447,32.539296337831914
2024121502_2724_56032_7,37.07638197519484,32.54152521011487
2024121502_2724_56032_8,37.072019397184114,32.54943921150861
2024121502_2724_56032_9,37.07353788113926,32.548849912145116
2024121502_2724_57199_1,26.4358881045846,37.25810522972443
2024121502_2724_57199_10,26.27381074158294,37.35580481848444
2024121502_2724_57199_11,26.274588746289265,37.347602499082925
2024121502_2724_57199_12,26.276107230237216,37.34606562169341
2024121502_2724_57199_13,26.27620535923447,37.36139077379236
2024121502_2724_57199_14,26.277723843186017,37.36063728647253
2024121502_2724_57199_2,26.374781692889623,37.28579079521678
2024121502_2724_57199_3,26.3185027457261,37.29899186267151
2024121502_2724_57199_4,26.310121559472464,37.31327387929032
2024121502_2724_57199_5,26.294714581618894,37.321156313576324
2024121502_2724_57199_6,26.289589993794802,37.331221009335955
2024121502_2724_57199_7,26.28347155993125,37.335351756112686
2024121502_2724_57199_8,26.275101095909065,37.341293052817015
2024121502_2724_57199_9,26.276619579860608,37.34688914816718
2024121502_2796_42718_1,22.001666347096116,14.473543753062724
2024121502_2796_42718_2,21.96656192832388,14.397280900711891
2024121502_2796_42718_3,21.93891016529739,14.32971907045305
2024121502_2796_42718_4,21.918991866167396,14.28912431675929
2024121502_2796_42718_5,21.91252470869024,14.263883860206835
2024121502_2796_42718_6,21.90597749808683,14.199619661286484
2024121502_2796_42718_7,21.90487142713847,14.16515144140291
2024121502_2796_42718_8,21.89624260382524,14.128596656772686
2024121502_2796_42718_9,21.896940296605482,14.092103725114765
2024121502_2796_54540_1,19.95030679995503,15.092540950494525
2024121502_2796_54540_2,19.948054489885404,15.023855682051456
2024121502_2796_54540_3,19.95610124985728,14.94845408190385
2024121502_2796_54540_4,19.961463246376002,14.921779121456135
2024121502_2796_54540_5,19.966774794963264,14.897498292260922
2024121502_2796_54540_6,19.969627188819345,14.835747910356368
2024121502_2796_54540_7,19.97017347568311,14.809534243814717
2024121502_2796_54540_8,19.97057904314162,14.768824063638132
2024121502_2796_54540_9,19.97684281188128,14.738011238437624
2024121502_2796_57163_1,14.945431347892987,8.924259496565023
2024121502_2796_57163_2,14.852851453542947,8.898025932733136
2024121502_2796_57163_3,14.76659043299879,8.88396823874231
2024121502_2796_57163_4,14.715167215423852,8.88730601174213
2024121502_2796_57163_5,14.68775964291188,8.876111547842914
2024121502_2796_57163_6,14.670687170865252,8.865091534281564
2024121502_2796_57163_7,14.65489657085261,8.862460671564879
2024121502_2796_57163_8,14.630684567151969,8.861043596850012
2024121502_2796_57163_9,14.6209208369562,8.84995218516726
2024121502_2863_41256_1,13.9970578274929,40.96820844453578
2024121502_2863_41256_10,14.005773767249806,41.040955749096405
2024121502_2863_41256_11,14.003702572358744,41.044070618380026
2024121502_2863_41256_12,14.005458134880406,41.06782285663218
2024121502_2863_41256_13,14.006219918512139,41.07845621474195
2024121502_2863_41256_14,13.994201119106334,41.10011759312956
2024121502_2863_41256_15,13.985949230216413,41.127250323048955
2024121502_2863_41256_2,13.99734694897247,40.96442373830913
2024121502_2863_41256_3,13.998865432927614,40.9963819402803
2024121502_2863_41256_4,13.995568718514956,40.99751698259272
2024121502_2863_41256_5,13.993306829988512,41.01338770991876
2024121502_2863_41256_6,13.999685056563242,41.0113280816369
2024121502_2863_41256_7,14.001105938936144,41.01571227843942
2024121502_2863_41256_8,14.007418453522092,41.0306501531167
2024121502_2863_41256_9,14.00198499826441,41.04686226155407
2024121502_2863_44912_1,2.5738426081182766,35.607173655228145
2024121502_2863_44912_10,2.678241282057122,35.69906531244613
2024121502_2863_44912_11,2.6793627790449763,35.70007150770761
2024121502_2863_44912_12,2.670007393626269,35.71328544514361
2024121502_2863_44912_13,2.6830782614108823,35.73398744576123
2024121502_2863_44912_14,2.6758457527107007,35.7429034566236
2024121502_2863_44912_15,2.7152129472509334,35.75814280767989
2024121502_2863_44912_2,2.5744898288433333,35.60484455254261
2024121502_2863_44912_3,2.570012236754899,35.63680275451378
2024121502_2863_44912_4,2.5874524058538495,35.63640709386111
2024121502_2863_44912_5,2.587293577292269,35.64375102177667
2024121502_2863_44912_6,2.615383531604207,35.64303287536223
2024121502_2863_44912_7,2.6642466390378163,35.6533754989556
2024121502_2863_44912_8,2.670467428288742,35.668313373632884
2024121502_2863_44912_9,2.674452651129334,35.699224237482035
2024121502_2863_54468_1,3.144138929012881,34.209827232601484
2024121502_2863_54468_10,3.2128428216187843,34.275413475900876
2024121502_2863_54468_11,3.2198608594541014,34.276419671162365
2024121502_2863_54468_12,3.1977397583408873,34.28963360859836
2024121502_2863_54468_13,3.2007974938324972,34.30091692016078
2024121502_2863_54468_14,3.199211228170788,34.30830614993698
2024121502_2863_54468_15,3.281236823821906,34.32190998520205
2024121502_2863_54468_2,3.1444280504996476,34.20749812991595
2024121502_2863_54468_3,3.1401708273318905,34.22794035060911
2024121502_2863_54468_4,3.1452336515849004,34.22754468995644
2024121502_2863_54468_5,3.1487274242332854,34.22493573538903
2024121502_2863_54468_6,3.179867694210634,34.22835541998172
2024121502_2863_54468_7,3.198411274407283,34.23508664480464
2024121502_2863_54468_8,3.2111555795314897,34.23691819746096
2024121502_2863_54468_9,3.2121450933924804,34.27557240093678
2024121502_2863_56032_1,10.091959313576453,29.100576334847315
2024121502_2863_56032_10,10.112173656884043,29.210868478952154
2024121502_2863_56032_11,10.118816756182046,29.21187504234807
2024121502_2863_56032_12,10.120609483647685,29.229489518755038
2024121502_2863_56032_13,10.124372299159278,29.239437177404874
2024121502_2863_56032_14,10.120306816406261,29.26153865919092
2024121502_2863_56032_15,10.12551651114693,29.275386343110245
2024121502_2863_56032_2,10.092248435056025,29.096792364889524
2024121502_2863_56032_3,10.087991257915865,29.12006232696276
2024121502_2863_56032_4,10.091869644721502,29.122102611841594
2024121502_2863_56032_5,10.089607756198655,29.135024144524852
2024121502_2863_56032_6,10.099619820946925,29.141295966173736
2024121502_2863_56032_7,10.101015542889616,29.15163895790154
2024121502_2863_56032_8,10.1044400428589,29.16657609630996
2024121502_2863_56032_9,10.107340598922816,29.209987701040678
2024121502_2927_43373_1,50.829019832821714,43.45266563795729
2024121502_2927_43373_2,50.837635948605744,43.50617393268013
2024121502_2927_43373_3,50.84462480927993,43.53568617106131
2024121502_2927_43373_4,50.86168472234974,43.558519508697565
2024121502_2927_43373_5,50.86604815952236,43.57280576515356
2024121502_2927_43373_6,50.878360702352246,43.575690017822474
2024121502_2927_43373_7,50.896033843924045,43.58240452149952
2024121502_2927_43373_8,50.895805376658764,43.58715321457827
2024121502_2927_43373_9,50.91898317476925,43.6013115299062
2024121502_2927_44860_1,43.41217727541555,32.078999625472406
2024121502_2927_44860_2,43.41584860951738,32.105323901855364
2024121502_2927_44860_3,43.4077807719557,32.155765904995725
2024121502_2927_44860_4,43.40244573969068,32.16949063201501
2024121502_2927_44860_5,43.40716130493792,32.186550885329574
2024121502_2927_44860_6,43.41015608629329,32.203176414496696
2024121502_2927_44860_7,43.421961745888495,32.20625449163842
2024121502_2927_44860_8,43.414148980115826,32.214743242236175
2024121502_2927_44860_9,43.413514459465524,32.22572901776581
2024121502_2927_53465_1,50.06193968947551,35.32967820975886
2024121502_2927_53465_2,50.062609991693876,35.36820068140335
2024121502_2927_53465_3,50.04179660385026,35.38909035751182
2024121502_2927_53465_4,50.03211422682676,35.411698742097514
2024121502_2927_53465_5,50.03313224984304,35.42128833947978
2024121502_2927_53465_6,50.037148679655175,35.424609643375526
2024121502_2927_53465_7,50.04323525525524,35.43296484841437
2024121502_2927_53465_8,50.03994931742341,35.43975431997685
2024121502_2927_53465_9,50.0327299747675,35.443305252533186
2024121502_302_39989_1,81.64668287259275,39.71220385833443
2024121502_302_39989_10,81.64696491867855,39.65215571663126
2024121502_302_39989_11,81.64806225682996,39.63920899676779
2024121502_302_39989_12,81.64221068193741,39.63342498421108
2024121502_302_39989_2,81.6482013565479,39.69230885312792
2024121502_302_39989_3,81.6411614512456,39.689585846600956
2024121502_302_39989_4,81.64258233361132,39.68966581563345
2024121502_302_39989_5,81.6441921149054,39.671626207960365
2024121502_302_39989_6,81.64817857207316,39.66441094938593
2024121502_302_39989_7,81.64785196625895,39.670912281794294
2024121502_302_39989_8,81.64577893070292,39.67058951175901
2024121502_302_39989_9,81.64830757552299,39.676782862157495
2024121502_302_43373_1,84.83443240553264,39.147887207893966
2024121502_302_43373_10,84.86593519645572,39.05182928238904
2024121502_302_43373_11,84.86703253461435,39.0329187847395
2024121502_302_43373_12,84.86910243481462,39.01732260272276
2024121502_302_43373_2,84.83595088948418,39.12321234523224
2024121502_302_43373_3,84.85090480763463,39.116470783253874
2024121502_302_43373_4,84.85232569001113,39.1043470958908
2024121502_302_43373_5,84.85670678729637,39.08934017966227
2024121502_302_43373_6,84.86069324447135,39.09094763086691
2024121502_302_43373_7,84.85849651574283,39.083889835903875
2024121502_302_43373_8,84.86513943097363,39.08040847244856
2024121502_302_43373_9,84.86476864902406,39.082490497518975
2024121502_302_44974_1,76.55723107683392,23.5387395270225
2024121502_302_44974_10,76.58250945081521,23.504617424238877
2024121502_302_44974_11,76.58360678895222,23.48156183808827
2024121502_302_44974_12,76.57760796028718,23.477268990034542
2024121502_302_44974_2,76.55874956078905,23.53244819345354
2024121502_302_44974_3,76.56744813869108,23.525805021159904
2024121502_302_44974_4,76.56886902107117,23.525885726461258
2024121502_302_44974_5,76.57399374991473,23.508809526594728
2024121502_302_44974_6,76.57717472893256,23.501801191266278
2024121502_302_44974_7,76.57507077008432,23.502958375382015
2024121502_302_44974_8,76.5817136853223,23.49458062249505
2024121502_302_44974_9,76.58134290337632,23.50141749726351
2024121502_302_48013_1,71.32760701705678,42.17104912406715
2024121502_302_48013_10,71.35963695985002,42.27417783705003
2024121502_302_48013_11,71.3472564247004,42.29065837783279
2024121502_302_48013_12,71.3508022293068,42.317286445186255
2024121502_302_48013_2,71.32912550100473,42.18892618404345
2024121502_302_48013_3,71.33992686277259,42.20662506695503
2024121502_302_48013_4,71.3413477451473,42.21996891954503
2024121502_302_48013_5,71.34584075530144,42.234906794222326
2024121502_302_48013_6,71.3498272124782,42.24265475581665
2024121502_302_48013_7,71.34988346646527,42.24169081623279
2024121502_302_48013_8,71.35652638169786,42.244805685516404
2024121502_302_48013_9,71.35587432840745,42.26782882745102
2024121502_302_53465_1,77.45018093253951,30.87780442994243
2024121502_302_53465_10,77.48500288251189,30.91023511607383
2024121502_302_53465_11,77.49518577844067,30.92182890659713
2024121502_302_53465_12,77.5022101693995,30.921939645652756
2024121502_302_53465_2,77.45169941648025,30.871513096373466
2024121502_302_53465_3,77.45876053243214,30.872041821277637
2024121502_302_53465_4,77.46018141479782,30.872122526578988
2024121502_302_53465_5,77.46530614364139,30.87395334296645
2024121502_302_53465_6,77.46929260082356,30.903505570484235
2024121502_302_53465_7,77.47001009989995,30.891591931691178
2024121502_302_53465_8,77.48374181174587,30.893945867105426
2024121502_302_53465_9,77.47853961687633,30.900782741873886
2024121502_3042_44912_1,76.56407456878839,15.789949072084475
2024121502_3042_44912_10,76.51163048364263,15.32680672258007
2024121502_3042_44912_2,76.55119869355036,15.70206040827076
2024121502_3042_44912_3,76.53231170582261,15.59799892891732
2024121502_3042_44912_4,76.52419255087486,15.574600702319481
2024121502_3042_44912_5,76.5124395512793,15.502212383776518
2024121502_3042_44912_6,76.51869274842038,15.469707678033481
2024121502_3042_44912_7,76.51933336012449,15.440440180410103
2024121502_3042_44912_8,76.52001598904383,15.406430470008988
2024121502_3042_44912_9,76.51288669903936,15.348505937865239
2024121502_3042_55043_1,73.68445185163829,22.975407005650112
2024121502_3042_55043_10,73.65897976039025,22.741603739836364
2024121502_3042_55043_2,73.67105990427186,22.912631393272857
2024121502_3042_55043_3,73.6565625515094,22.873660031698478
2024121502_3042_55043_4,73.66140255950971,22.839366601797515
2024121502_3042_55043_5,73.66119869619232,22.819499768142816
2024121502_3042_55043_6,73.65538050452051,22.79974053004081
2024121502_3042_55043_7,73.65611628856205,22.78065951428242
2024121502_3042_55043_8,73.65908488601308,22.76742534181294
2024121502_3042_55043_9,73.65735421945925,22.74730007104989
2024121502_3042_57163_1,73.87167588227099,6.945434901059143
2024121502_3042_57163_10,73.79486165696169,6.828642836769571
2024121502_3042_57163_2,73.84512935353686,6.9158971689516875
2024121502_3042_57163_3,73.81661432287417,6.883790835836973
2024121502_3042_57163_4,73.80722523614737,6.867505467259711
2024121502_3042_57163_5,73.79840036446669,6.859228801098893
2024121502_3042_57163_6,73.79621973681209,6.855176679857088
2024121502_3042_57163_7,73.79780846526458,6.8542531346602855
2024121502_3042_57163_8,73.79943007315114,6.8420774245338
2024121502_3042_57163_9,73.7945506584474,6.828903208018762
2024121502_3089_41256_1,65.42607031300841,20.923710379481314
2024121502_3089_41256_2,65.41794189140457,20.965736238599693
2024121502_3089_41256_3,65.4114594181467,21.01047485241177
2024121502_3089_41256_4,65.41142173222033,21.02901848110184
2024121502_3089_41256_5,65.41262193921555,21.0414258950386
2024121502_3089_41256_6,65.41424748015378,21.039855885550278
2024121502_3089_41256_7,65.41576596409452,21.04548216792381
2024121502_3089_46192_1,67.1675395931848,26.089820713404023
2024121502_3089_46192_2,67.13066923931437,26.137454764869464
2024121502_3089_46192_3,67.07582160862177,26.168987678275897
2024121502_3089_46192_4,67.06029671605104,26.1950742537438
2024121502_3089_46192_5,67.05319722486723,26.207783197026327
2024121502_3089_46192_6,67.04854943903023,26.213780818298638
2024121502_3089_46192_7,67.05006792297817,26.217281124331762
2024121502_3089_56032_1,62.93968947388036,27.17018599913682
2024121502_3089_56032_2,62.90678084111058,27.16469849749965
2024121502_3089_56032_3,62.848652603741954,27.171011556665455
2024121502_3089_56032_4,62.84236362264276,27.160031541617283
2024121502_3089_56032_5,62.832458684221365,27.151982494825123
2024121502_3089_56032_6,62.82915385278232,27.15568479791865
2024121502_3089_56032_7,62.83067233673027,27.157294365512943
2024121502_3156_43454_1,64.30368451514296,14.793139253578136
2024121502_3156_43454_10,64.75168737923286,14.838349320945602
2024121502_3156_43454_11,64.76007112515472,14.824712283834957
2024121502_3156_43454_12,64.78067948179242,14.824914841633051
2024121502_3156_43454_13,64.78219207559667,14.818997564802324
2024121502_3156_43454_2,64.4478766651968,14.811778433235745
2024121502_3156_43454_3,64.57919240583077,14.824460887252151
2024121502_3156_43454_4,64.6068340449505,14.835757769051044
2024121502_3156_43454_5,64.63846752416353,14.837003979664876
2024121502_3156_43454_6,64.6730526406593,14.83822082341886
2024121502_3156_43454_7,64.68403506323874,14.835788189324974
2024121502_3156_43454_8,64.71233405322003,14.834149806103746
2024121502_3156_43454_9,64.74732040534677,14.845718163577294
2024121502_3156_54468_1,63.44319177620123,14.591113502275153
2024121502_3156_54468_10,63.834015483247356,14.462549641906842
2024121502_3156_54468_11,63.834562447797445,14.45189334730805
2024121502_3156_54468_12,63.850625186847566,14.451332026161325
2024121502_3156_54468_13,63.85213778065181,14.451735071596817
2024121502_3156_54468_2,63.552155207566614,14.574586059684549
2024121502_3156_54468_3,63.66684715606474,14.569504511312788
2024121502_3156_54468_4,63.69206961102474,14.563947336448296
2024121502_3156_54468_5,63.73096473165151,14.536916263583922
2024121502_3156_54468_6,63.759316073802786,14.524456545789176
2024121502_3156_54468_7,63.770298496382225,14.514910567877722
2024121502_3156_54468_8,63.79906722589778,14.495655504964395
2024121502_3156_54468_9,63.83009321573983,14.482938467582926
2024121502_3156_57199_1,75.7560583513861,25.660696678769927
2024121502_3156_57199_10,76.00046539526066,25.3721877361211
2024121502_3156_57199_11,76.00451356673071,25.35713554362396
2024121502_3156_57199_12,76.0086251896123,25.34841930855644
2024121502_3156_57199_13,76.01369543455283,25.33676470371086
2024121502_3156_57199_2,75.81801910190417,25.625296543670196
2024121502_3156_57199_3,75.89881843858934,25.5694084584574
2024121502_3156_57199_4,75.91941934011857,25.529764935845716
2024121502_3156_57199_5,75.92408148206772,25.495425920221916
2024121502_3156_57199_6,75.94108155913372,25.449018313101543
2024121502_3156_57199_7,75.95810190736577,25.42883383861892
2024121502_3156_57199_8,75.97671247441288,25.403789757169537
2024121502_3156_57199_9,75.99038116295112,25.38237378523822
2024121502_3244_41256_1,79.5551647686243,36.094366128781196
2024121502_3244_41256_10,79.6803257848816,36.4446356493816
2024121502_3244_41256_11,79.68184426882954,36.44388216206177
2024121502_3244_41256_12,79.68336275278108,36.443128674741935
2024121502_3244_41256_2,79.59836819642693,36.21780051732119
2024121502_3244_41256_3,79.6443442835329,36.333885145853834
2024121502_3244_41256_4,79.65761969545375,36.35673118612629
2024121502_3244_41256_5,79.66206070644247,36.36716308336907
2024121502_3244_41256_6,79.66883025991761,36.373094917320536
2024121502_3244_41256_7,79.67263984884016,36.407895619185695
2024121502_3244_41256_8,79.69412200254804,36.44223819024356
2024121502_3244_41256_9,79.69564048649599,36.441484702923724
2024121502_3244_43395_1,80.16636626583721,47.754110067209076
2024121502_3244_43395_10,80.28042032909035,47.8468238198467
2024121502_3244_43395_11,80.28136599585608,47.846070332526864
2024121502_3244_43395_12,80.28616529386242,47.84531684520703
2024121502_3244_43395_2,80.2135447511618,47.79911471870647
2024121502_3244_43395_3,80.26392985455622,47.83793735992387
2024121502_3244_43395_4,80.26816382722397,47.844405679228835
2024121502_3244_43395_5,80.27754225720805,47.84664280728604
2024121502_3244_43395_6,80.28021079311199,47.8465563795556
2024121502_3244_43395_7,80.28577875581077,47.84417336849347
2024121502_3244_43395_8,80.28465768043613,47.84615585626661
2024121502_3244_43395_9,80.2890318979057,47.840222717499245
2024121502_3244_57163_1,85.10315753491228,39.875673240340454
2024121502_3244_57163_10,85.28215335762232,40.073518299099995
2024121502_3244_57163_11,85.28367184157027,40.07276481178016
2024121502_3244_57163_12,85.28519032551822,40.07201132446032
2024121502_3244_57163_2,85.16641941241716,39.93740739740912
2024121502_3244_57163_3,85.24974766660527,39.994951389210755
2024121502_3244_57163_4,85.26436295200112,40.01899632678648
2024121502_3244_57163_5,85.2629500684853,40.029232520172485
2024121502_3244_57163_6,85.26771402557904,40.037543548795064
2024121502_3244_57163_7,85.27576894075905,40.05897708063196
2024121502_3244_57163_8,85.29594957528876,40.07112083996194
2024121502_3244_57163_9,85.2974680592367,40.07036735264211
2024121502_3244_57304_1,79.05564897551962,37.10646958956241
2024121502_3244_57304_10,79.1783583236043,37.51318223942122
2024121502_3244_57304_11,79.17987680755223,37.512428752101385
2024121502_3244_57304_12,79.18139529150378,37.51167526478155
2024121502_3244_57304_2,79.09017326597136,37.25563014232486
2024121502_3244_57304_3,79.13804943315232,37.40109915912288
2024121502_3244_57304_4,79.14799985489022,37.424500086606876
2024121502_3244_57304_5,79.15244086587897,37.441550494294724
2024121502_3244_57304_6,79.16347783368101,37.44662236621481
2024121502_3244_57304_7,79.16728742260355,37.479611846678274
2024121502_3244_57304_8,79.18876957631143,37.510784780283174
2024121502_3244_57304_9,79.19028806025939,37.51003129296334
2024121502_3267_44912_1,83.37932150039464,30.653722370884072
2024121502_3267_44912_10,83.38823275682846,31.073049432933463
2024121502_3267_44912_11,83.39324416927022,31.09179456018845
2024121502_3267_44912_12,83.39211342067823,31.108048557125727
2024121502_3267_44912_2,83.37577738706759,30.684698236472347
2024121502_3267_44912_3,83.37484150870401,30.79252426028987
2024121502_3267_44912_4,83.38523786347595,30.79920643517175
2024121502_3267_44912_5,83.3777740891477,30.831604929690737
2024121502_3267_44912_6,83.37254414495101,30.856576805554294
2024121502_3267_44912_7,83.37505018157677,30.906673524550364
2024121502_3267_44912_8,83.38214744115965,30.948737222762453
2024121502_3267_44912_9,83.38341854433801,31.009542950754412
2024121502_3267_52411_1,85.00598502503065,45.77605867995104
2024121502_3267_52411_10,85.19287588448573,45.88409334179876
2024121502_3267_52411_11,85.19981296349927,45.892917530618185
2024121502_3267_52411_12,85.2174937337519,45.90056920970733
2024121502_3267_52411_2,85.06952691768466,45.8025880243114
2024121502_3267_52411_3,85.09781351043341,45.82363384178452
2024121502_3267_52411_4,85.12482745176851,45.82829160919279
2024121502_3267_52411_5,85.12922260765929,45.83304030227155
2024121502_3267_52411_6,85.15416912498381,45.84726253773003
2024121502_3267_52411_7,85.15801230203154,45.859430872527625
2024121502_3267_52411_8,85.16783261533311,45.872537784990165
2024121502_3267_52411_9,85.1781561587938,45.88154533417318
2024121502_3267_56032_1,90.02277446317659,28.08129600791475
2024121502_3267_56032_10,90.16597797914469,28.17146614206289
2024121502_3267_56032_11,90.1719485936809,28.1907521181244
2024121502_3267_56032_12,90.18822073168926,28.199645219868128
2024121502_3267_56032_2,90.04336395518126,28.088462755446542
2024121502_3267_56032_3,90.06897452220366,28.104116972969276
2024121502_3267_56032_4,90.08635442388824,28.11039886768801
2024121502_3267_56032_5,90.09074957977182,28.117188339250482
2024121502_3267_56032_6,90.1120086981699,28.122441279361215
2024121502_3267_56032_7,90.1182433312685,28.13370346010046
2024121502_3267_56032_8,90.12821724348548,28.143404911205558
2024121502_3267_56032_9,90.14542405899364,28.157175569043105
2024121502_3267_57163_1,87.35488364990357,31.646856372803125
2024121502_3267_57163_10,87.413229672972,31.725949405869827
2024121502_3267_57163_11,87.42171555611928,31.73457684991336
2024121502_3267_57163_12,87.4258474302299,31.740540232425026
2024121502_3267_57163_2,87.36759506508693,31.66568532920881
2024121502_3267_57163_3,87.38408627789167,31.675514486317233
2024121502_3267_57163_4,87.39678837609537,31.68220693210091
2024121502_3267_57163_5,87.39448128357422,31.688996403663385
2024121502_3267_57163_6,87.39718892057624,31.689850015242033
2024121502_3267_57163_7,87.39853001358667,31.697955520487046
2024121502_3267_57163_8,87.4007929318041,31.711128847413164
2024121502_3267_57163_9,87.40566733480986,31.718472053320394
2024121502_3324_41256_1,90.77665472289239,37.26160296935365
2024121502_3324_41256_10,90.78904614193428,37.338981718883346
2024121502_3324_41256_11,90.79056462588943,37.33822823156351
2024121502_3324_41256_12,90.79208310984457,37.33747474424367
2024121502_3324_41256_13,90.79360159379972,37.340532920824884
2024121502_3324_41256_2,90.78145412411982,37.29070215156227
2024121502_3324_41256_3,90.78704388771803,37.32483358620389
2024121502_3324_41256_4,90.7892471016865,37.32537335577946
2024121502_3324_41256_5,90.79035725442093,37.33343805188318
2024121502_3324_41256_6,90.79187573837609,37.333597537952805
2024121502_3324_41256_7,90.7933225425716,37.33082103136335
2024121502_3324_41256_8,90.80020008293148,37.33708124122747
2024121502_3324_41256_9,90.80171856685783,37.33542876962656
2024121502_3324_56032_1,92.19056401425372,31.9160433763215
2024121502_3324_56032_10,92.29398546539714,32.12152276591236
2024121502_3324_56032_11,92.29550394934508,32.120769278592526
2024121502_3324_56032_12,92.29702243329302,32.12001579127269
2024121502_3324_56032_13,92.29854091724098,32.12326098014497
2024121502_3324_56032_2,92.22508830470188,31.98736530564523
2024121502_3324_56032_3,92.26493445560598,32.05320566537951
2024121502_3324_56032_4,92.27294269396484,32.06785221115613
2024121502_3324_56032_5,92.27738370494998,32.07837530899165
2024121502_3324_56032_6,92.28790233947285,32.08093821000017
2024121502_3324_56032_7,92.2917119283918,32.11038163705126
2024121502_3324_56032_8,92.30087395763424,32.12494403959448
2024121502_3324_56032_9,92.30524817510384,32.124190552274634
2024121502_3324_57163_1,96.08726141618621,46.65045553912597
2024121502_3324_57163_10,96.1979050287696,46.72554153738748
2024121502_3324_57163_11,96.19885069554253,46.724788050067644
2024121502_3324_57163_12,96.20364999354169,46.7240345627478
2024121502_3324_57163_13,96.20516847749683,46.73006211165139
2024121502_3324_57163_2,96.14374044977443,46.683042308900575
2024121502_3324_57163_3,96.18886270335422,46.71912458185701
2024121502_3324_57163_4,96.19601367937491,46.72852073048362
2024121502_3324_57163_5,96.1987877776554,46.73050498586983
2024121502_3324_57163_6,96.20289498292382,46.73232696703094
2024121502_3324_57163_7,96.20670457184278,46.72872454423167
2024121502_3324_57163_8,96.21365129793247,46.7307070320048
2024121502_3324_57163_9,96.21802551539487,46.725524151208305
2024121502_3324_57304_1,89.92227827527041,40.13547781561299
2024121502_3324_57304_10,90.053594632455,40.431646914428505
2024121502_3324_57304_11,90.05511311640296,40.43089342710867
2024121502_3324_57304_12,90.0566316003581,40.43013993978884
2024121502_3324_57304_13,90.05815008430605,40.43616748869242
2024121502_3324_57304_2,89.9661031139966,40.24571256375407
2024121502_3324_57304_3,90.01112992067976,40.333649014926245
2024121502_3324_57304_4,90.02299169638465,40.37899671604528
2024121502_3324_57304_5,90.02743270736978,40.38866731128426
2024121502_3324_57304_6,90.03463224186059,40.39746589535794
2024121502_3324_57304_7,90.04008518288782,40.42327261329807
2024121502_3324_57304_8,90.05941904176105,40.42924945529046
2024121502_3324_57304_9,90.06973789401908,40.428495967970626
2024121502_3349_41256_1,99.06680065046929,19.16789727241816
2024121502_3349_41256_10,99.39011331064988,18.943389652396124
2024121502_3349_41256_11,99.4099398561394,18.93712335196849
2024121502_3349_41256_12,99.41730709619463,18.9105851206219
2024121502_3349_41256_13,99.4301046934425,18.90920028275249
2024121502_3349_41256_14,99.43162317738327,18.89136396237041
2024121502_3349_41256_15,99.41154660843628,18.886908883344468
2024121502_3349_41256_2,99.15667510801046,19.139432517925066
2024121502_3349_41256_3,99.25765158549547,19.087002295981215
2024121502_3349_41256_4,99.27908007825808,19.065619416931398
2024121502_3349_41256_5,99.30669821103153,19.038222661224715
2024121502_3349_41256_6,99.32371855927079,19.010196268124268
2024121502_3349_41256_7,99.34804062134818,18.99480560799928
2024121502_3349_41256_8,99.38369343384855,18.97075566189907
2024121502_3349_41256_9,99.38919791681471,18.947458898146202
2024121502_3349_43395_1,94.09689031110095,18.357953516124176
2024121502_3349_43395_10,94.22776090712219,18.728549291609237
2024121502_3349_43395_11,94.23829426701512,18.727502769282136
2024121502_3349_43395_12,94.24210385594127,18.749818613621073
2024121502_3349_43395_13,94.25990587289762,18.76208143919966
2024121502_3349_43395_14,94.26736899163402,18.75216377782128
2024121502_3349_43395_15,94.24729242268704,18.752609672478425
2024121502_3349_43395_2,94.12925257530924,18.44017637775414
2024121502_3349_43395_3,94.17600189835309,18.563089620374345
2024121502_3349_43395_4,94.18031401149013,18.577581895998865
2024121502_3349_43395_5,94.19460591318864,18.608857862140745
2024121502_3349_43395_6,94.20907032877848,18.623732493492344
2024121502_3349_43395_7,94.20137457825139,18.65432048567845
2024121502_3349_43395_8,94.20953793123881,18.70132933797403
2024121502_3349_43395_9,94.22095500054358,18.71851233698726
2024121502_3349_43454_1,99.88960971926024,10.559551814504044
2024121502_3349_43454_10,100.26652442153379,10.2195301816832
2024121502_3349_43454_11,100.28932077848646,10.216243745409226
2024121502_3349_43454_12,100.29313036741263,10.195898719055116
2024121502_3349_43454_13,100.31301087110313,10.194514433387354
2024121502_3349_43454_14,100.31452935505828,10.170891586681698
2024121502_3349_43454_15,100.29783161055283,10.17055795668069
2024121502_3349_43454_2,99.99517848388837,10.495942384209066
2024121502_3349_43454_3,100.1235638591769,10.437935028100188
2024121502_3349_43454_4,100.14117294762761,10.397449246413261
2024121502_3349_43454_5,100.16589977698614,10.349375500440486
2024121502_3349_43454_6,100.18422512308584,10.317946349185025
2024121502_3349_43454_7,100.20743667440533,10.285867348178568
2024121502_3349_43454_8,100.2507024252775,10.26914450590194
2024121502_3349_43454_9,100.26184715271525,10.241712523311241
2024121502_3349_54468_1,99.23087766804278,11.175790346726782
2024121502_3349_54468_10,99.58393160911649,10.762363239404593
2024121502_3349_54468_11,99.59590216584337,10.75907680313062
2024121502_3349_54468_12,99.59971175475513,10.73873177677651
2024121502_3349_54468_13,99.61592984728686,10.737347491108746
2024121502_3349_54468_14,99.6174483312276,10.709345317209076
2024121502_3349_54468_15,99.60075058672216,10.707138067020276
2024121502_3349_54468_2,99.33918093521176,11.103449192440113
2024121502_3349_54468_3,99.44586242125894,11.030809759722468
2024121502_3349_54468_4,99.4747409884532,10.985169689531617
2024121502_3349_54468_5,99.50170864672566,10.930413081217464
2024121502_3349_54468_6,99.52220664050391,10.888445279155702
2024121502_3349_54468_7,99.5442330162681,10.849059115154612
2024121502_3349_54468_8,99.57751173231516,10.83419899916945
2024121502_3349_54468_9,99.5830162152813,10.795183479973447
2024121502_3381_43294_1,97.82241290255237,17.489631737826734
2024121502_3381_43294_10,98.08326751676307,17.670304885252943
2024121502_3381_43294_2,97.89686564094188,17.512945028509794
2024121502_3381_43294_3,97.97286439534666,17.557006912715877
2024121502_3381_43294_4,97.9893621551594,17.564366119871615
2024121502_3381_43294_5,98.02848217430194,17.579357155780528
2024121502_3381_43294_6,98.02880916518879,17.59501730684964
2024121502_3381_43294_7,98.0457306758861,17.609754363546415
2024121502_3381_43294_8,98.06323187253643,17.623057855397136
2024121502_3381_43294_9,98.07745465090147,17.64525417162081
2024121502_3381_44860_1,90.3469019817094,11.637695394254605
2024121502_3381_44860_10,90.28837060641881,11.218959277570034
2024121502_3381_44860_2,90.32899968300259,11.583377096136575
2024121502_3381_44860_3,90.30364302076077,11.483458429795553
2024121502_3381_44860_4,90.30625855089284,11.455655894269695
2024121502_3381_44860_5,90.29507302680399,11.415140625137777
2024121502_3381_44860_6,90.29187722049339,11.377559908083029
2024121502_3381_44860_7,90.2871379180854,11.319086826019207
2024121502_3381_44860_8,90.29029283894116,11.276439236064116
2024121502_3381_44860_9,90.28829024542897,11.238677585199369
2024121502_3381_52435_1,85.35833262917983,8.073528603466066
2024121502_3381_52435_10,85.28575889289206,7.825793718941318
2024121502_3381_52435_2,85.33013248490253,8.035391414443321
2024121502_3381_52435_3,85.30504513280074,7.966727420736967
2024121502_3381_52435_4,85.3076606629301,7.946247918369804
2024121502_3381_52435_5,85.29016451743722,7.9256146051661025
2024121502_3381_52435_6,85.28738249422823,7.901775980479128
2024121502_3381_52435_7,85.28206559401934,7.886381521099634
2024121502_3381_52435_8,85.28384221956632,7.866795081000557
2024121502_3381_52435_9,85.28499821947149,7.8446508118733975
2024121502_3515_43373_1,68.22899987585701,44.68293454819899
2024121502_3515_43373_10,68.09929048207897,44.787086304145966
2024121502_3515_43373_11,68.09300992248237,44.794123415325565
2024121502_3515_43373_12,68.08553831296368,44.798010229673416
2024121502_3515_43373_13,68.08245318793043,44.81001103962994
2024121502_3515_43373_2,68.20201315376924,44.71549193044558
2024121502_3515_43373_3,68.16965719476435,44.73516711412238
2024121502_3515_43373_4,68.15965496721114,44.74143108107295
2024121502_3515_43373_5,68.14875835540309,44.74822055263543
2024121502_3515_43373_6,68.13419163235743,44.75806691009056
2024121502_3515_43373_7,68.12725375184077,44.75959486942353
2024121502_3515_43373_8,68.1299295447783,44.7674367581042
2024121502_3515_43373_9,68.12712759368387,44.77250296871583
2024121502_3515_54936_1,70.5336278273013,37.204537492946436
2024121502_3515_54936_10,70.23771926040652,37.08728970946698
2024121502_3515_54936_11,70.22413296947096,37.066714978354035
2024121502_3515_54936_12,70.19767191370957,37.05790795081953
2024121502_3515_54936_13,70.18177165954276,37.04665512253854
2024121502_3515_54936_2,70.47736642988596,37.20070293664075
2024121502_3515_54936_3,70.39505611243823,37.174352490458396
2024121502_3515_54936_4,70.37436267566726,37.16747385214976
2024121502_3515_54936_5,70.35734922750792,37.16176375545862
2024121502_3515_54936_6,70.32987175905761,37.14356540030882
2024121502_3515_54936_7,70.31354695890975,37.12584783078235
2024121502_3515_54936_8,70.30105562354638,37.12016742091019
2024121502_3515_54936_9,70.2834781899538,37.10791423932381
2024121502_3515_56070_1,70.0693007306907,44.678385401000504
2024121502_3515_56070_10,69.93384722762208,44.74441888393402
2024121502_3515_56070_11,69.92778902121476,44.74617126359729
2024121502_3515_56070_12,69.91685773122404,44.741862911823326
2024121502_3515_56070_13,69.90706468717829,44.763773175852194
2024121502_3515_56070_2,70.04080998346157,44.70092092181593
2024121502_3515_56070_3,70.0063069378045,44.70343662338382
2024121502_3515_56070_4,69.9912146452989,44.71021470184605
2024121502_3515_56070_5,69.98501992860524,44.711295996531504
2024121502_3515_56070_6,69.97045320555239,44.722268845346235
2024121502_3515_56070_7,69.96351532504293,44.72339839691556
2024121502_3515_56070_8,69.95746928730168,44.72641759316607
2024121502_3515_56070_9,69.95466733620002,44.73112066053759
2024121502_3540_40166_1,64.32193977859474,45.19873715025648
2024121502_3540_40166_2,64.3109977829016,45.27334122125774
2024121502_3540_40166_3,64.29827870443022,45.325402557076856
2024121502_3540_40166_4,64.29969942011166,45.3413738699723
2024121502_3540_40166_5,64.29946661843468,45.35336347172124
2024121502_3540_40166_6,64.30098510238443,45.3605315010928
2024121502_3540_40166_7,64.30123064401202,45.378314989780996
2024121502_3540_40166_8,64.30413305030734,45.39927336056757
2024121502_3540_40166_9,64.3056515342571,45.400621845009844
2024121502_3540_46206_1,68.11096874107812,38.63597093139539
2024121502_3540_46206_2,68.07835616242562,38.720767588021324
2024121502_3540_46206_3,68.04460776351473,38.827989270480224
2024121502_3540_46206_4,68.0303143684472,38.856891520848535
2024121502_3540_46206_5,68.02474223610336,38.86732341809132
2024121502_3540_46206_6,68.02626072005133,38.878203715067485
2024121502_3540_46206_7,68.02650626167711,38.91108887272307
2024121502_3540_46206_8,68.02093675162298,38.919294513836874
2024121502_3540_46206_9,68.02245523557092,38.91854102651704
2024121502_3540_52435_1,66.95506573055715,35.91294777711065
2024121502_3540_52435_2,66.94765046271348,36.04125417552659
2024121502_3540_52435_3,66.93313341568263,36.149701805205524
2024121502_3540_52435_4,66.93437742683528,36.16727183900559
2024121502_3540_52435_5,66.93414462516101,36.173928149521586
2024121502_3540_52435_6,66.93566310910896,36.17931514451482
2024121502_3540_52435_7,66.93590865073475,36.2177220912684
2024121502_3540_52435_8,66.93881105703277,36.24735978270006
2024121502_3540_52435_9,66.94032954098071,36.24660629538023
2024121502_363_43373_1,85.80077975908135,39.22744841595595
2024121502_363_43373_10,85.83688174857141,39.53518362692472
2024121502_363_43373_11,85.83840023252296,39.534430139604886
2024121502_363_43373_2,85.81290623898428,39.329726742640446
2024121502_363_43373_3,85.81731985688391,39.44447703501096
2024121502_363_43373_4,85.82401446244073,39.47467143202398
2024121502_363_43373_5,85.82615141223316,39.485103329266764
2024121502_363_43373_6,85.82830308740643,39.49150784782793
2024121502_363_43373_7,85.83211856647628,39.524123303709274
2024121502_363_43373_8,85.84101368767925,39.53829125007143
2024121502_363_43373_9,85.84253217163078,39.53753776275159
2024121502_363_53518_1,81.64203783042038,38.831262818899695
2024121502_363_53518_10,81.78589049658312,39.21186292664097
2024121502_363_53518_11,81.78740898053107,39.21110943932114
2024121502_363_53518_2,81.6891271817056,38.97552783661209
2024121502_363_53518_3,81.74372167315236,39.109662198585525
2024121502_363_53518_4,81.76265530000562,39.14139812910306
2024121502_363_53518_5,81.76188439282477,39.15183002634584
2024121502_363_53518_6,81.77101000665984,39.156662610885625
2024121502_363_53518_7,81.77481959557879,39.192981097704454
2024121502_363_53518_8,81.79630174929027,39.20946546750293
2024121502_363_53518_9,81.79782023323821,39.20871198018309
2024121502_3705_44912_1,14.66580211358035,38.59172767459963
2024121502_3705_44912_2,14.667320597528295,38.588543027495895
2024121502_3705_44912_3,14.668839081476241,38.58523926748823
2024121502_3705_44912_4,14.670357565431384,38.57862287121649
2024121502_3705_44912_5,14.67187604937933,38.5951886363487
2024121502_3746_41256_1,25.81387965103422,13.697239805247795
2024121502_3746_41256_10,25.829607894029262,13.593283958290655
2024121502_3746_41256_11,25.831126377970012,13.592530470970821
2024121502_3746_41256_2,25.815273062906407,13.639474886649381
2024121502_3746_41256_3,25.81550344448664,13.621829272194478
2024121502_3746_41256_4,25.817021928427398,13.620253923488317
2024121502_3746_41256_5,25.81943415861054,13.619500436168481
2024121502_3746_41256_6,25.82095264255129,13.60533616005855
2024121502_3746_41256_7,25.824358140640914,13.59713052744715
2024121502_3746_41256_8,25.82657092613337,13.596377040127317
2024121502_3746_41256_9,25.828089410074117,13.595623552807483
2024121502_3746_45900_1,21.576700000665035,8.042406656107358
2024121502_3746_45900_10,21.702553720852453,8.031220111293894
2024121502_3746_45900_11,21.704072204800394,8.032887844128316
2024121502_3746_45900_2,21.621188947104304,8.033615137411527
2024121502_3746_45900_3,21.676767718303815,8.036426066969677
2024121502_3746_45900_4,21.68003704960674,8.037408579275215
2024121502_3746_45900_5,21.692119146033168,8.032327395615347
2024121502_3746_45900_6,21.69649336349556,8.03016810781381
2024121502_3746_45900_7,21.697998269001417,8.040377203688221
2024121502_3746_45900_8,21.69951675295656,8.039623716368387
2024121502_3746_45900_9,21.701035236904506,8.038870229048554
2024121502_3746_54468_1,27.872910360549383,6.359105271343102
2024121502_3746_54468_10,27.942421989987476,6.356537263622402
2024121502_3746_54468_11,27.94394047394262,6.355783776302566
2024121502_3746_54468_2,27.89819931917082,6.350218129728755
2024121502_3746_54468_3,27.929517055931093,6.3542107235300564
2024121502_3746_54468_4,27.935085386749904,6.35677041577263
2024121502_3746_54468_5,27.93609091466044,6.3582019903694125
2024121502_3746_54468_6,27.937609398615585,6.3558336073478765
2024121502_3746_54468_7,27.937866538136443,6.361286130269863
2024121502_3746_54468_8,27.939385022091585,6.360532642950028
2024121502_3746_54468_9,27.94090350603234,6.359779155630193
2024121502_3897_43395_1,33.47419485397001,11.986929343912932
2024121502_3897_43395_10,33.30434103776195,11.718531784310498
2024121502_3897_43395_11,33.30585952170271,11.712004540089378
2024121502_3897_43395_12,33.31559865364718,11.715912002803458
2024121502_3897_43395_13,33.31711713758793,11.715158515483623
2024121502_3897_43395_14,33.31863562154307,11.714405028163789
2024121502_3897_43395_15,33.32015410549822,11.706754910409128
2024121502_3897_43395_16,33.32167258943897,11.70842264324355
2024121502_3897_43395_17,33.323191073394106,11.707669155923712
2024121502_3897_43395_18,33.324709557334856,11.706915668603878
2024121502_3897_43395_19,33.326228041289994,11.706162181284045
2024121502_3897_43395_2,33.40197178667445,11.911346831769787
2024121502_3897_43395_20,33.32774652524514,11.70540869396421
2024121502_3897_43395_21,33.329265009185896,11.704655206644375
2024121502_3897_43395_22,33.330783493141034,11.70390171932454
2024121502_3897_43395_23,33.332301977081784,11.703148232004706
2024121502_3897_43395_3,33.35194628482791,11.823855454304693
2024121502_3897_43395_4,33.341732213976975,11.801200471981463
2024121502_3897_43395_5,33.33101271907412,11.786987943804666
2024121502_3897_43395_6,33.32762143761134,11.771786129317565
2024121502_3897_43395_7,33.31991867833707,11.744907938938383
2024121502_3897_43395_8,33.321437162277824,11.739365245145429
2024121502_3897_43395_9,33.31505619411368,11.719285271630334
2024121502_3897_43454_1,37.669863312566655,8.679076270634352
2024121502_3897_43454_10,37.88439191230204,8.345472030582497
2024121502_3897_43454_11,37.8859103962428,8.329019646766989
2024121502_3897_43454_12,37.87467964748796,8.313574098363633
2024121502_3897_43454_13,37.8761981314431,8.318588633346053
2024121502_3897_43454_14,37.87771661538385,8.31783514602622
2024121502_3897_43454_15,37.879235099338985,8.317037482574637
2024121502_3897_43454_16,37.88075358327974,8.31870521540906
2024121502_3897_43454_17,37.88227206723488,8.317951728089223
2024121502_3897_43454_18,37.883790551190025,8.31719824076939
2024121502_3897_43454_19,37.885309035130774,8.316444753449554
2024121502_3897_43454_2,37.72567100405056,8.57620922284107
2024121502_3897_43454_20,37.88682751908593,8.31569126612972
2024121502_3897_43454_21,37.88834600302666,8.314937778809885
2024121502_3897_43454_22,37.88986448698181,8.31418429149005
2024121502_3897_43454_23,37.89138297093695,8.313430804170217
2024121502_3897_43454_3,37.78878025203814,8.469597620132332
2024121502_3897_43454_4,37.82401194961411,8.43799732045549
2024121502_3897_43454_5,37.838290468403144,8.42173684751161
2024121502_3897_43454_6,37.837902244734714,8.396942227038906
2024121502_3897_43454_7,37.84532339071099,8.381646857767965
2024121502_3897_43454_8,37.868068399601995,8.379101330446941
2024121502_3897_43454_9,37.869580993391835,8.35503635534599
2024121502_3897_54468_1,38.31825168465434,9.890324499552975
2024121502_3897_54468_10,38.51616540702085,9.558078269118251
2024121502_3897_54468_11,38.517683890975995,9.537971414803838
2024121502_3897_54468_12,38.50645314220675,9.534102957994076
2024121502_3897_54468_13,38.5079716261619,9.533349470674242
2024121502_3897_54468_14,38.509490110117035,9.532595983354408
2024121502_3897_54468_15,38.51100859405779,9.531798319902824
2024121502_3897_54468_16,38.51252707801294,9.533466052737246
2024121502_3897_54468_17,38.51404556195368,9.532712565417413
2024121502_3897_54468_18,38.515564045908825,9.531959078097577
2024121502_3897_54468_19,38.51708252986396,9.531205590777741
2024121502_3897_54468_2,38.368301458847256,9.787981187544865
2024121502_3897_54468_20,38.51860101380472,9.530452103457907
2024121502_3897_54468_21,38.52011949775986,9.529698616138074
2024121502_3897_54468_22,38.521637981700614,9.52894512881824
2024121502_3897_54468_23,38.523156465655745,9.528191641498402
2024121502_3897_54468_3,38.43141070683483,9.70001001544244
2024121502_3897_54468_4,38.4666424044252,9.665226125118968
2024121502_3897_54468_5,38.4841516709684,9.650771271900974
2024121502_3897_54468_6,38.48499375258356,9.62592295580532
2024121502_3897_54468_7,38.48828459427697,9.592635513612857
2024121502_3897_54468_8,38.500185205461904,9.589326107347013
2024121502_3897_54468_9,38.50169779926615,9.567642317780921
2024121502_3897_54540_1,39.5816326652486,19.961046181052918
2024121502_3897_54540_10,39.58839294218626,19.600652603081016
2024121502_3897_54540_11,39.589911426141406,19.558675678037094
2024121502_3897_54540_12,39.586042995748116,19.54283051970863
2024121502_3897_54540_13,39.58825578124056,19.542077032388796
2024121502_3897_54540_14,39.58977426519571,19.541323545068963
2024121502_3897_54540_15,39.591292749136464,19.548138901655392
2024121502_3897_54540_16,39.5928112330916,19.547385414335558
2024121502_3897_54540_17,39.59432971703236,19.54663192701572
2024121502_3897_54540_18,39.5958482009875,19.545878439695887
2024121502_3897_54540_19,39.59736668494264,19.545124952376053
2024121502_3897_54540_2,39.58372371044431,19.85116125624058
2024121502_3897_54540_20,39.598885168883385,19.54437146505622
2024121502_3897_54540_21,39.60040365283853,19.543617977736385
2024121502_3897_54540_22,39.60192213677928,19.54286449041655
2024121502_3897_54540_23,39.603440620734425,19.542111003096714
2024121502_3897_54540_3,39.58485933877953,19.746399684058034
2024121502_3897_54540_4,39.58507973462452,19.707991072743095
2024121502_3897_54540_5,39.5902159075923,19.680225331416494
2024121502_3897_54540_6,39.59555836320784,19.64531886921256
2024121502_3897_54540_7,39.59626499292526,19.635381512521075
2024121502_3897_54540_8,39.59778347688041,19.6277491036292
2024121502_3897_54540_9,39.59051336605483,19.601406090400854
2024121502_3897_57199_1,55.56538577562297,25.147885879186493
2024121502_3897_57199_10,55.7161248048707,25.041790244596168
2024121502_3897_57199_11,55.7204990223403,25.03893812779504
2024121502_3897_57199_12,55.71207398356945,25.035038195491406
2024121502_3897_57199_13,55.71428676906191,25.034284708171572
2024121502_3897_57199_14,55.71580525301705,25.03353122085174
2024121502_3897_57199_15,55.717323736957795,25.033494123135096
2024121502_3897_57199_16,55.71884222091293,25.032740635815262
2024121502_3897_57199_17,55.72036070485369,25.03198714849543
2024121502_3897_57199_18,55.721879188808835,25.031233661175595
2024121502_3897_57199_19,55.72339767276397,25.030480173855754
2024121502_3897_57199_2,55.6102840833464,25.118167908233755
2024121502_3897_57199_20,55.72491615670472,25.02972668653592
2024121502_3897_57199_21,55.72643464065986,25.028973199216086
2024121502_3897_57199_22,55.72795312460062,25.028219711896252
2024121502_3897_57199_23,55.72947160855576,25.02746622457642
2024121502_3897_57199_3,55.664928462218775,25.090877814532032
2024121502_3897_57199_4,55.68028916459263,25.0802196490473
2024121502_3897_57199_5,55.68745129872783,25.07001383349356
2024121502_3897_57199_6,55.696319282099964,25.054523008583903
2024121502_3897_57199_7,55.69829225206604,25.058191973814314
2024121502_3897_57199_8,55.706166945110944,25.053686130646945
2024121502_3897_57199_9,55.71158765403722,25.042543731916005
2024121502_523_43454_1,80.39255456872083,39.62097644906627
2024121502_523_43454_10,80.32569808008463,39.75672876434679
2024121502_523_43454_11,80.32721656403977,39.75597527702695
2024121502_523_43454_12,80.32873504798773,39.75522178970712
2024121502_523_43454_13,80.33025353193568,39.75446830238728
2024121502_523_43454_14,80.3317720158908,39.753714815067454
2024121502_523_43454_15,80.33329049983156,39.75296132774761
2024121502_523_43454_16,80.3348089837867,39.75220784042778
2024121502_523_43454_2,80.34684527204541,39.67103193552534
2024121502_523_43454_3,80.32574027525975,39.70317450457834
2024121502_523_43454_4,80.32285975722604,39.737118380657776
2024121502_523_43454_5,80.32371822332126,39.75206886754604
2024121502_523_43454_6,80.3252367072764,39.75764876498124
2024121502_523_43454_7,80.32114262824079,39.749221883576666
2024121502_523_43454_8,80.32266111218875,39.75423706279434
2024121502_523_43454_9,80.32417959614388,39.753483575474505
2024121502_523_54468_1,76.88604409579258,38.79000437325371
2024121502_523_54468_10,76.83433974365553,38.94836382870218
2024121502_523_54468_11,76.83585822760348,38.94761034138234
2024121502_523_54468_12,76.83737671155862,38.94685685406251
2024121502_523_54468_13,76.83889519550657,38.946103366742676
2024121502_523_54468_14,76.84041367945453,38.945349879422835
2024121502_523_54468_15,76.84193216340246,38.944596392103
2024121502_523_54468_16,76.84345064735041,38.94384290478317
2024121502_523_54468_2,76.86479983273074,38.84803435630747
2024121502_523_54468_3,76.8420727116202,38.88695280770185
2024121502_523_54468_4,76.84231825324599,38.91983796535743
2024121502_523_54468_5,76.83801968633787,38.93511830069609
2024121502_523_54468_6,76.8395381702858,38.94058260391988
2024121502_523_54468_7,76.82978429181169,38.94266080664513
2024121502_523_54468_8,76.83130277575964,38.941907319325296
2024121502_523_54468_9,76.8328212597076,38.9451186398299
2024121502_546_43454_1,70.4851976192735,13.528081377309148
2024121502_546_43454_10,70.40023374140695,13.298277677624224
2024121502_546_43454_11,70.38875066036995,13.282143697844669
2024121502_546_43454_12,70.36370054678925,13.26145697204801
2024121502_546_43454_13,70.34424123981053,13.236015467051804
2024121502_546_43454_2,70.47875703682526,13.485379805241019
2024121502_546_43454_3,70.47915639209504,13.43798393089435
2024121502_546_43454_4,70.47735724855586,13.409007596791776
2024121502_546_43454_5,70.46803049215234,13.397989841887954
2024121502_546_43454_6,70.45102654063302,13.356035762239094
2024121502_546_43454_7,70.43334873681441,13.339369341676095
2024121502_546_43454_8,70.42857049374244,13.339705850678715
2024121502_546_43454_9,70.41498794979287,13.32536801279275
2024121502_546_57163_1,70.87625216772021,14.681893559167419
2024121502_546_57163_10,70.73319490430387,14.487790859788504
2024121502_546_57163_11,70.71618145613013,14.478842127837865
2024121502_546_57163_12,70.6871737265995,14.452370353521511
2024121502_546_57163_13,70.66732808875129,14.42707018122162
2024121502_546_57163_2,70.85938601817931,14.6386978437869
2024121502_546_57163_3,70.85978537344909,14.610979810916971
2024121502_546_57163_4,70.85542990441938,14.582003476814396
2024121502_546_57163_5,70.8401055018765,14.574997041634266
2024121502_546_57163_6,70.81805369102165,14.53398296555598
2024121502_546_57163_7,70.79531128517216,14.51731654499298
2024121502_546_57163_8,70.76720714321468,14.5181427655493
2024121502_546_57163_9,70.7585649633323,14.50653574461317
2024121502_625_43294_1,54.92448612042745,46.6216003680378
2024121502_625_43294_2,55.00826143535223,46.61503674695484
2024121502_625_43294_3,55.07955275260203,46.61225466841771
2024121502_625_43294_4,55.09309223694804,46.61295690239787
2024121502_625_43294_5,55.12906175019453,46.613739358015266
2024121502_625_43294_6,55.13392451668121,46.59863630927102
2024121502_625_43294_7,55.12582682176277,46.591572908781515
2024121502_625_43294_8,55.12899284589424,46.594231586445744
2024121502_625_43294_9,55.13383337494967,46.59181413149671
2024121502_625_43321_1,52.23436376631122,34.1934745153458
2024121502_625_43321_2,52.29226234467603,34.18803225852717
2024121502_625_43321_3,52.33255191181941,34.19202277896033
2024121502_625_43321_4,52.33912776527132,34.2002793189861
2024121502_625_43321_5,52.3373755656077,34.20183429588064
2024121502_625_43321_6,52.343175731462395,34.19997016944499
2024121502_625_43321_7,52.3495547249376,34.196195759613886
2024121502_625_43321_8,52.352684244185916,34.200509165863274
2024121502_625_43321_9,52.35416296962248,34.19920568570317
2024121502_625_52435_1,57.52646579432855,29.85730146948022
2024121502_625_52435_2,57.62306092681334,29.84467711537666
2024121502_625_52435_3,57.68400271752844,29.84062936201558
2024121502_625_52435_4,57.69498587638575,29.840723062224495
2024121502_625_52435_5,57.72375460589588,29.83588363147705
2024121502_625_52435_6,57.737807480324,29.820749718510932
2024121502_625_52435_7,57.740333681602294,29.81601274576581
2024121502_625_52435_8,57.745165882168635,29.8068010123149
2024121502_625_52435_9,57.74992910299532,29.805045463073235
2024121502_625_54509_1,51.92196109421892,43.53021067561484
2024121502_625_54509_2,51.96915367518594,43.47957376615892
2024121502_625_54509_3,52.014759214437326,43.397078686329756
2024121502_625_54509_4,52.02133506788204,43.36164859027227
2024121502_625_54509_5,52.01958286822201,43.30819195184068
2024121502_625_54509_6,52.02778179803067,43.269295017515645
2024121502_625_54509_7,52.039967447752794,43.24507756372949
2024121502_625_54509_8,52.04911218395795,43.232728795727965
2024121502_625_54509_9,52.05716210898493,43.22386292712029
2024121502_63_54468_1,80.97433227487218,39.58001727548928
2024121502_63_54468_10,81.01839336961584,39.76529442031055
2024121502_63_54468_2,80.97133953857596,39.61831556331883
2024121502_63_54468_3,80.98701090000849,39.689421349554365
2024121502_63_54468_4,80.98848614598838,39.69958523664936
2024121502_63_54468_5,80.98345053433816,39.70246948931828
2024121502_63_54468_6,81.00655523290874,39.711195037594955
2024121502_63_54468_7,81.00280434375752,39.717984509157425
2024121502_63_54468_8,81.00263661756962,39.7244421884527
2024121502_63_54468_9,81.00982009267814,39.74411295080097
2024121502_63_55949_1,90.4416916154569,38.48024430663152
2024121502_63_55949_10,90.39312249999979,38.760605259031855
2024121502_63_55949_2,90.41960153740573,38.56173561034073
2024121502_63_55949_3,90.41236124674482,38.65509039266112
2024121502_63_55949_4,90.4138364927247,38.68249528380543
2024121502_63_55949_5,90.40630012654546,38.692687588129715
2024121502_63_55949_6,90.410042422091,38.70158079854745
2024121502_63_55949_7,90.40227595075562,38.709028464973656
2024121502_63_55949_8,90.3934395969788,38.7166269839671
2024121502_63_55949_9,90.39618229160098,38.73686537288869
2024121502_723_44912_1,85.51690364601053,26.125308523705883
2024121502_723_44912_2,85.48632426766089,26.181352394495942
2024121502_723_44912_3,85.44364390717084,26.217432031818042
2024121502_723_44912_4,85.43358999931246,26.240527753123526
2024121502_723_44912_5,85.425666468295,26.251683020334518
2024121502_723_44912_6,85.41390927031472,26.257680641606825
2024121502_723_44912_7,85.41542775426628,26.25894784418006
2024121502_723_44912_8,85.4125472362254,26.277891507259714
2024121502_723_54540_1,83.47618545347846,23.84897874467587
2024121502_723_54540_2,83.46200609580221,23.810652224496284
2024121502_723_54540_3,83.44311753737452,23.76928076057421
2024121502_723_54540_4,83.44070674700919,23.74545478297992
2024121502_723_54540_5,83.4315208937221,23.74134809478062
2024121502_723_54540_6,83.41927669632211,23.73139968235492
2024121502_723_54540_7,83.42079518027725,23.73200608362408
2024121502_723_54540_8,83.42104072189586,23.73590638016395
2024121502_723_55867_1,85.09905242718747,34.93980252110141
2024121502_723_55867_2,85.06709475352366,34.91152854443122
2024121502_723_55867_3,85.01734633643808,34.88628798497772
2024121502_723_55867_4,85.00770326660677,34.87794010565122
2024121502_723_55867_5,84.9984307180108,34.86430026729929
2024121502_723_55867_6,84.98839525588969,34.856210275143624
2024121502_723_55867_7,84.98991373983762,34.853503466531635
2024121502_723_55867_8,84.98703322179853,34.85930234161899
2024121502_924_41256_1,87.00842623636078,31.395474602810598
2024121502_924_41256_2,87.03633086605295,31.38576294523557
2024121502_924_41256_3,87.07249781151981,31.376739861987826
2024121502_924_41256_4,87.06646744018785,31.37443032975935
2024121502_924_41256_5,87.0702794452149,31.362301906303326
2024121502_924_41256_6,87.07780527925648,31.35052302019389
2024121502_924_41256_7,87.0780993386651,31.355044054262493
2024121502_924_41256_8,87.08025101384197,31.354455859302284
2024121502_924_41256_9,87.08406649290464,31.3470420197377
2024121502_924_56032_1,90.31695258175519,26.74329329526443
2024121502_924_56032_2,90.38879468368921,26.78725445707339
2024121502_924_56032_3,90.4509544722143,26.822839534498723
2024121502_924_56032_4,90.47345058752173,26.83320458338453
2024121502_924_56032_5,90.49740499244994,26.844809033794043
2024121502_924_56032_6,90.50054227057254,26.847155149219283
2024121502_924_56032_7,90.49912938705491,26.85643087987419
2024121502_924_56032_8,90.50389334414865,26.857698082447424
2024121502_924_56032_9,90.5112605842129,26.85464533427068
2024121502_924_57163_1,86.96184245208264,40.388541603466166
2024121502_924_57163_2,86.99380733581256,40.443202823355286
2024121502_924_57163_3,87.03170009548586,40.50207254611683
2024121502_924_57163_4,87.0262194952256,40.534661202063525
2024121502_924_57163_5,87.03783300409901,40.552629936162134
2024121502_924_57163_6,87.04575583526264,40.56878677703626
2024121502_924_57163_7,87.05019684625137,40.57395304278545
2024121502_924_57163_8,87.05695167434924,40.57995114093453
2024121502_924_57163_9,87.0607612632682,40.60531417445028
2024121502_924_57304_1,84.2248014932095,31.80675660568518
2024121502_924_57304_2,84.25876777283796,31.777059895613977
2024121502_924_57304_3,84.29223408410286,31.72696685667191
2024121502_924_57304_4,84.28853737230203,31.70753780933926
2024121502_924_57304_5,84.30266728205783,31.692392502424262
2024121502_924_57304_6,84.31664288634731,31.68353187763561
2024121502_924_57304_7,84.31826206414449,31.67086074295646
2024121502_924_57304_8,84.3246168088824,31.672386744034856
2024121502_924_57304_9,84.33018477158114,31.677873809258948
2025010515_1056_48268_1,65.69342334894343,20.744871614324346
2025010515_1056_48268_10,65.83023410176763,20.61253810052922
2025010515_1056_48268_11,65.83175258571558,20.611784613209384
2025010515_1056_48268_12,65.83327106967073,20.61174751549274
2025010515_1056_48268_13,65.83478955361866,20.610994028172907
2025010515_1056_48268_2,65.75069809232633,20.68974715346439
2025010515_1056_48268_3,65.8064459506479,20.629898773934585
2025010515_1056_48268_4,65.8149645097118,20.623672979944274
2025010515_1056_48268_5,65.82357179026768,20.62309177953826
2025010515_1056_48268_6,65.82508438406475,20.616999081346563
2025010515_1056_48268_7,65.83293989867582,20.616245594026733
2025010515_1056_48268_8,65.8373141161382,20.611871609486858
2025010515_1056_48268_9,65.8287156178197,20.61329158784906
2025010515_1056_52991_1,64.11893348133889,15.380813565760876
2025010515_1056_52991_10,64.22481951702868,15.017844279055783
2025010515_1056_52991_11,64.22633800097664,15.017090791735948
2025010515_1056_52991_12,64.22785648492459,15.023905964255164
2025010515_1056_52991_13,64.22937496887613,15.02315247693533
2025010515_1056_52991_2,64.17314543736505,15.258251379277983
2025010515_1056_52991_3,64.20368831462584,15.128018455648208
2025010515_1056_52991_4,64.21008917367328,15.10157032846242
2025010515_1056_52991_5,64.21684400177477,15.095528774105055
2025010515_1056_52991_6,64.2183565955718,15.076821400551577
2025010515_1056_52991_7,64.22665681656864,15.076067913231741
2025010515_1056_52991_8,64.23103103403461,15.04017422559682
2025010515_1056_52991_9,64.22260599527097,15.018597766375617
2025010515_1056_53074_1,59.765552781950234,13.461801649663622
2025010515_1056_53074_10,59.875035815981086,13.004442509795012
2025010515_1056_53074_11,59.87655429993623,13.003689022475175
2025010515_1056_53074_12,59.87807278387699,13.006042957889429
2025010515_1056_53074_13,59.879591267832126,13.005289470569593
2025010515_1056_53074_2,59.80936869296939,13.336853373887394
2025010515_1056_53074_3,59.842174205474564,13.148556288073845
2025010515_1056_53074_4,59.84857580079807,13.114613127935252
2025010515_1056_53074_5,59.860550775123734,13.106436025742273
2025010515_1056_53074_6,59.86597148405,13.08361971973452
2025010515_1056_53074_7,59.88282875934893,13.082866232414686
2025010515_1056_53074_8,59.88434724330407,13.020691979935279
2025010515_1056_53074_9,59.872823030503014,13.005195997114845
2025010515_1056_54468_1,68.3989801246164,13.730865825257766
2025010515_1056_54468_10,68.499040333457,13.646460067183424
2025010515_1056_54468_11,68.50055881739776,13.645706579863589
2025010515_1056_54468_12,68.50207730135288,13.64566929807973
2025010515_1056_54468_13,68.50359578530804,13.644915810759894
2025010515_1056_54468_2,68.45319208064979,13.692873203356802
2025010515_1056_54468_3,68.48663456166847,13.657514170718931
2025010515_1056_54468_4,68.48702020375187,13.647647839831286
2025010515_1056_54468_5,68.49082995640705,13.646152929766936
2025010515_1056_54468_6,68.49639791909144,13.642285106884033
2025010515_1056_54468_7,68.50741229569239,13.641531619564198
2025010515_1056_54468_8,68.511786513162,13.639307047462635
2025010515_1056_54468_9,68.49682681169568,13.647213554503258
2025010515_1086_46095_1,73.65846892391657,42.513462271609015
2025010515_1086_46095_10,73.79622862528693,42.98386223637898
2025010515_1086_46095_11,73.81149629612256,42.99137725729979
2025010515_1086_46095_12,73.81301478007052,42.99634163396595
2025010515_1086_46095_13,73.80010548471228,42.9994697560891
2025010515_1086_46095_2,73.70386074082197,42.658255991462994
2025010515_1086_46095_3,73.74575349563627,42.78708495852923
2025010515_1086_46095_4,73.75680309624912,42.827116999295356
2025010515_1086_46095_5,73.75131617838085,42.8640977386826
2025010515_1086_46095_6,73.76402856247321,42.90053275616392
2025010515_1086_46095_7,73.77548308150047,42.94106331504778
2025010515_1086_46095_8,73.78559041765482,42.95697201494681
2025010515_1086_46095_9,73.79471603148988,42.95957149602669
2025010515_1086_52991_1,75.2086426429581,41.41033958452851
2025010515_1086_52991_10,75.42139267529078,41.77990804990668
2025010515_1086_52991_11,75.4415683143601,41.78588489189907
2025010515_1086_52991_12,75.44308679831522,41.79084926856524
2025010515_1086_52991_13,75.42981378613531,41.79397739068839
2025010515_1086_52991_2,75.2682883080693,41.512080234247435
2025010515_1086_52991_3,75.3247062312584,41.599618361999795
2025010515_1086_52991_4,75.3442711246792,41.63258283904568
2025010515_1086_52991_5,75.36930439971404,41.67805240562834
2025010515_1086_52991_6,75.39385514549386,41.71266676778107
2025010515_1086_52991_7,75.39739828557958,41.73764590199259
2025010515_1086_52991_8,75.40515293415292,41.74488828252312
2025010515_1086_52991_9,75.41563475523267,41.75412669993597
2025010515_1086_54468_1,78.69992426573411,45.07785318389753
2025010515_1086_54468_10,78.97989217353086,45.32894907720698
2025010515_1086_54468_11,78.99619851764575,45.33763686115101
2025010515_1086_54468_12,78.9977170015937,45.34260123781718
2025010515_1086_54468_13,78.97561092595376,45.345729359940314
2025010515_1086_54468_2,78.79458727417168,45.15308384367124
2025010515_1086_54468_3,78.87463059793347,45.21533738279861
2025010515_1086_54468_4,78.89419549136147,45.246524659949856
2025010515_1086_54468_5,78.92982966251049,45.27425371202571
2025010515_1086_54468_6,78.95620197438127,45.28618728247281
2025010515_1086_54468_7,78.9602648429219,45.29183000770415
2025010515_1086_54468_8,78.96586565658642,45.299912230599915
2025010515_1086_54468_9,78.97413425347277,45.30691754455286
2025010515_1215_43366_1,68.55096517952308,13.192682192084375
2025010515_1215_43366_10,68.43975452053458,12.866335182708548
2025010515_1215_43366_11,68.44127300448973,12.858731488302304
2025010515_1215_43366_12,68.4415185461227,12.84125431431105
2025010515_1215_43366_13,68.43200791599685,12.839035467887669
2025010515_1215_43366_14,68.43352639993759,12.838610360437245
2025010515_1215_43366_15,68.43506620103523,12.828650935395423
2025010515_1215_43366_16,68.43658468499036,12.82789744807559
2025010515_1215_43366_17,68.4381031689455,12.827143960755754
2025010515_1215_43366_18,68.43962165290066,12.832857354580025
2025010515_1215_43366_19,68.4411401368414,12.832103867260189
2025010515_1215_43366_2,68.51875987718392,13.128550086705838
2025010515_1215_43366_20,68.44265862078215,12.831350379940355
2025010515_1215_43366_21,68.44417710473729,12.83059689262052
2025010515_1215_43366_22,68.44569558869243,12.829843405300686
2025010515_1215_43366_23,68.44721407264758,12.829089917980852
2025010515_1215_43366_24,68.44873255658833,12.828336430661016
2025010515_1215_43366_3,68.47434573475726,13.047744338440946
2025010515_1215_43366_4,68.46646065469125,13.01316906021681
2025010515_1215_43366_5,68.45873617320152,12.989098521693371
2025010515_1215_43366_6,68.45782329184793,12.95670136850511
2025010515_1215_43366_7,68.45851579090947,12.939362754908947
2025010515_1215_43366_8,68.4559979693874,12.912591213726055
2025010515_1215_43366_9,68.44618081589081,12.888012369843192
2025010515_1215_47849_1,69.10579074368417,12.780261334624557
2025010515_1215_47849_10,68.86884848884463,12.344432831859939
2025010515_1215_47849_11,68.86993846430742,12.33527599299199
2025010515_1215_47849_12,68.86787055912528,12.316675856283656
2025010515_1215_47849_13,68.85715540277357,12.315922368963822
2025010515_1215_47849_14,68.8586738867287,12.304063014379663
2025010515_1215_47849_15,68.86841301867317,12.297367469205204
2025010515_1215_47849_16,68.86993150261392,12.29661398188537
2025010515_1215_47849_17,68.87144998655468,12.295860494565536
2025010515_1215_47849_18,68.87296847050983,12.302675667084754
2025010515_1215_47849_19,68.87448695446496,12.301922179764917
2025010515_1215_47849_2,69.02272453205872,12.69300233319229
2025010515_1215_47849_20,68.87600543842011,12.301168692445083
2025010515_1215_47849_21,68.87752392236085,12.30041520512525
2025010515_1215_47849_22,68.87904240630161,12.299661717805414
2025010515_1215_47849_23,68.88056089025676,12.298908230485578
2025010515_1215_47849_24,68.88207937421188,12.298154743165744
2025010515_1215_47849_3,68.95129739389807,12.600097034784222
2025010515_1215_47849_4,68.930789981141,12.555682190977244
2025010515_1215_47849_5,68.90372008007793,12.49965812760253
2025010515_1215_47849_6,68.89191908572415,12.465152484459349
2025010515_1215_47849_7,68.88175049174642,12.440870420538284
2025010515_1215_47849_8,68.8713107790113,12.412936932166756
2025010515_1215_47849_9,68.86823793358339,12.370931507005931
2025010515_1215_55081_1,61.296818503358736,25.898883615935226
2025010515_1215_55081_10,61.135227082913424,25.439082207660764
2025010515_1215_55081_11,61.136745566868555,25.43055964971415
2025010515_1215_55081_12,61.128706121622756,25.412310061365712
2025010515_1215_55081_13,61.11877869648984,25.405607521637055
2025010515_1215_55081_14,61.12029718043058,25.3875246538345
2025010515_1215_55081_15,61.12461226032499,25.373745097799716
2025010515_1215_55081_16,61.126825045817455,25.372991610479882
2025010515_1215_55081_17,61.1283435297726,25.37223812316005
2025010515_1215_55081_18,61.12986201372773,25.379053479746474
2025010515_1215_55081_19,61.13138049766849,25.37829999242664
2025010515_1215_55081_2,61.25763672755658,25.79800162203722
2025010515_1215_55081_20,61.13289898160924,25.377546505106807
2025010515_1215_55081_21,61.134417465564376,25.376793017786973
2025010515_1215_55081_22,61.13593594951953,25.37603953046714
2025010515_1215_55081_23,61.137454433474666,25.375286043147305
2025010515_1215_55081_24,61.138972917415416,25.37453255582747
2025010515_1215_55081_3,61.20867578457065,25.650340273154374
2025010515_1215_55081_4,61.193617386502616,25.596750103691104
2025010515_1215_55081_5,61.175784050307854,25.535513689407352
2025010515_1215_55081_6,61.171417216268225,25.51158766239758
2025010515_1215_55081_7,61.16280407536022,25.476993063195817
2025010515_1215_55081_8,61.143597543003594,25.463169393580376
2025010515_1215_55081_9,61.13651852028426,25.44709017179812
2025010515_1215_57267_1,73.09589298461277,7.605934107619384
2025010515_1215_57267_10,73.19860667160248,7.376335689005448
2025010515_1215_57267_11,73.20350168456095,7.371089343429644
2025010515_1215_57267_12,73.20612751687086,7.357203228781511
2025010515_1215_57267_13,73.20697822098471,7.354984382358131
2025010515_1215_57267_14,73.20849670492545,7.3511227075200045
2025010515_1215_57267_15,73.20254692034852,7.355075450769125
2025010515_1215_57267_16,73.20406540430366,7.354321963449291
2025010515_1215_57267_17,73.20558388824442,7.353568476129455
2025010515_1215_57267_18,73.20710237219957,7.34822076314137
2025010515_1215_57267_19,73.2086208561403,7.349888495975793
2025010515_1215_57267_2,73.12842118615907,7.54850172010435
2025010515_1215_57267_20,73.21013934009545,7.349135008655957
2025010515_1215_57267_21,73.21165782405059,7.3483815213361225
2025010515_1215_57267_22,73.21317630799135,7.347628034016289
2025010515_1215_57267_23,73.2146947919465,7.346874546696452
2025010515_1215_57267_24,73.21621327588723,7.346121059376618
2025010515_1215_57267_3,73.14833586380725,7.47934630884606
2025010515_1215_57267_4,73.16018866915414,7.450788561989533
2025010515_1215_57267_5,73.17279376079873,7.435125015005301
2025010515_1215_57267_6,73.18104435435284,7.418734583418444
2025010515_1215_57267_7,73.17951850200009,7.400224197927646
2025010515_1215_57267_8,73.18842643090701,7.3779656173924515
2025010515_1215_57267_9,73.19527889913023,7.377446899308955
2025010515_1304_47788_1,28.789666004365653,21.510833235512198
2025010515_1304_47788_10,28.79705783827761,21.397906713620728
2025010515_1304_47788_11,28.794726740485288,21.356827113198808
2025010515_1304_47788_12,28.786824947439467,21.34089417728697
2025010515_1304_47788_2,28.7911844883136,21.49158895447071
2025010515_1304_47788_3,28.79181483592688,21.48258631081568
2025010515_1304_47788_4,28.79323571829978,21.48335947698219
2025010515_1304_47788_5,28.794725855896523,21.46195769754861
2025010515_1304_47788_6,28.796817360683235,21.44549348932545
2025010515_1304_47788_7,28.796583524738484,21.44375298261697
2025010515_1304_47788_8,28.79451196171299,21.429664500307183
2025010515_1304_47788_9,28.797039502136958,21.403730061009934
2025010515_1304_56012_1,21.437317186166478,14.88831529821735
2025010515_1304_56012_10,21.47627255882487,14.881245555029508
2025010515_1304_56012_11,21.487135399033754,14.881359728047624
2025010515_1304_56012_12,21.499070625821208,14.880184681032938
2025010515_1304_56012_2,21.43883567012162,14.891001705580832
2025010515_1304_56012_3,21.443804309966332,14.894518677386236
2025010515_1304_56012_4,21.445225192332035,14.893750648756368
2025010515_1304_56012_5,21.451422664908222,14.888320381622076
2025010515_1304_56012_6,21.452137152528817,14.878015881043362
2025010515_1304_56012_7,21.461691350507063,14.885993939252371
2025010515_1304_56012_8,21.475423062352977,14.880812359994007
2025010515_1304_56012_9,21.470221603752318,14.873622087415068
2025010515_1329_52991_1,27.95754934542641,34.48661874931739
2025010515_1329_52991_2,27.968543257855924,34.52317321295226
2025010515_1329_52991_3,27.98518912652177,34.56294073617864
2025010515_1329_52991_4,27.993660879052044,34.57156670105866
2025010515_1329_52991_5,28.0017139940942,34.58415814023887
2025010515_1329_52991_6,28.003862574270887,34.59033982646826
2025010515_1329_52991_7,28.006714487084697,34.60372327790536
2025010515_1329_52991_8,28.00111063369334,34.6212684878168
2025010515_1329_53074_1,26.484935322926553,34.981667875900165
2025010515_1329_53074_2,26.479233593229026,35.022837272765045
2025010515_1329_53074_3,26.485127323925543,35.06724772321342
2025010515_1329_53074_4,26.491372106815774,35.08575135765012
2025010515_1329_53074_5,26.495405369871264,35.101233226788715
2025010515_1329_53074_6,26.497482854421914,35.115841062194264
2025010515_1329_53074_7,26.4962050351717,35.128517271344684
2025010515_1329_53074_8,26.496425431016693,35.146837772368315
2025010515_1392_54509_1,84.7399582508917,47.25570006421577
2025010515_1392_54509_10,84.61931636620805,47.54166952746109
2025010515_1392_54509_11,84.60861404662435,47.55471680216269
2025010515_1392_54509_12,84.59908703371694,47.571568154789645
2025010515_1392_54509_2,84.72495592992847,47.31752250452809
2025010515_1392_54509_3,84.69235996192899,47.380376067329266
2025010515_1392_54509_4,84.68105522930612,47.3904410322624
2025010515_1392_54509_5,84.66931352646446,47.39972348069391
2025010515_1392_54509_6,84.64984178025695,47.409650348780296
2025010515_1392_54509_7,84.64835999972132,47.43331533298786
2025010515_1392_54509_8,84.63628981014007,47.45816353304167
2025010515_1392_54509_9,84.63257247272573,47.4991923909536
2025010515_1392_55081_1,78.35433083822134,46.88281707981599
2025010515_1392_55081_10,78.27261230001056,47.19366154001986
2025010515_1392_55081_11,78.2622428651943,47.20534664511327
2025010515_1392_55081_12,78.25863800448485,47.22068610839723
2025010515_1392_55081_2,78.33932851725812,46.935756436302526
2025010515_1392_55081_3,78.3136888174713,47.02157201611776
2025010515_1392_55081_4,78.3052613493809,47.03216035753851
2025010515_1392_55081_5,78.29557298139984,47.04207380022167
2025010515_1392_55081_6,78.28290950207223,47.05517567970431
2025010515_1392_55081_7,78.28142772153659,47.07981518442978
2025010515_1392_55081_8,78.28156806235724,47.11041323843455
2025010515_1392_55081_9,78.28033342353999,47.1518052395866
2025010515_1429_44872_1,71.4424367134743,39.648681647008345
2025010515_1429_44872_2,71.44499802042871,39.61111442679729
2025010515_1429_44872_3,71.44726494966855,39.58356986463516
2025010515_1429_44872_4,71.448375102403,39.58788327088455
2025010515_1429_44872_5,71.44989358635816,39.5880817792039
2025010515_1429_44872_6,71.45141207028452,39.58203568013513
2025010515_1429_44872_7,71.4519330017382,39.57932224510338
2025010515_1429_56070_1,75.46558684730282,39.200056868916384
2025010515_1429_56070_2,75.4349900635231,39.19170510966242
2025010515_1429_56070_3,75.40687918384597,39.19694954870993
2025010515_1429_56070_4,75.40377355558147,39.20130418601561
2025010515_1429_56070_5,75.40529203952221,39.19983651789918
2025010515_1429_56070_6,75.40553758115519,39.1976902377759
2025010515_1429_56070_7,75.40795571547454,39.20449160525395
2025010515_1429_57372_1,77.38320964857384,40.30080745390247
2025010515_1429_57372_2,77.34492145960765,40.38889225165821
2025010515_1429_57372_3,77.30237500549804,40.50773154063385
2025010515_1429_57372_4,77.29724905207767,40.52269517272518
2025010515_1429_57372_5,77.29876753602923,40.52536091800269
2025010515_1429_57372_6,77.29901307765502,40.551269526745536
2025010515_1429_57372_7,77.29308994993009,40.583066633051594
2025010515_1478_39989_1,66.79095179746884,22.399690586320933
2025010515_1478_39989_10,66.6029403521457,22.631971899341867
2025010515_1478_39989_2,66.7396704843449,22.4300255360197
2025010515_1478_39989_3,66.69911838275212,22.447390512621087
2025010515_1478_39989_4,66.67635288015286,22.459607190237765
2025010515_1478_39989_5,66.66164226616532,22.486914048583994
2025010515_1478_39989_6,66.65805397992935,22.52193798451862
2025010515_1478_39989_7,66.63708070287171,22.585755176176374
2025010515_1478_39989_8,66.62103304309524,22.59983552609819
2025010515_1478_39989_9,66.6056737463312,22.615357096533803
2025010515_1478_43366_1,59.5635179881106,19.49326985861015
2025010515_1478_43366_10,59.430267542624,19.623345100441806
2025010515_1478_43366_2,59.507600609419725,19.51681935447232
2025010515_1478_43366_3,59.477311939323975,19.533133479497618
2025010515_1478_43366_4,59.46977084917275,19.53877228986603
2025010515_1478_43366_5,59.47220735472277,19.55045233127697
2025010515_1478_43366_6,59.47291740610234,19.55781210646061
2025010515_1478_43366_7,59.44437888199543,19.581731738255566
2025010515_1478_43366_8,59.43704636668574,19.603201256476808
2025010515_1478_43366_9,59.43231701357735,19.61044287746332
2025010515_1478_48555_1,74.09744059655473,29.169514187505193
2025010515_1478_48555_10,74.11020405687903,28.992310318222536
2025010515_1478_48555_2,74.09700869526701,29.143057533685468
2025010515_1478_48555_3,74.09292513700707,29.105303073980235
2025010515_1478_48555_4,74.09532283474681,29.08579282038413
2025010515_1478_48555_5,74.09994753920967,29.06117651431275
2025010515_1478_48555_6,74.10064729776516,29.04656123695908
2025010515_1478_48555_7,74.1060107668126,29.037045882456045
2025010515_1478_48555_8,74.11049040694118,29.01693148197529
2025010515_1478_48555_9,74.11201677545783,29.005691157476654
2025010515_1478_54500_1,70.95705411111656,19.319282326911967
2025010515_1478_54500_10,70.95893612875136,19.214512491737715
2025010515_1478_54500_2,70.95662220984325,19.293850688915644
2025010515_1478_54500_3,70.95115446610745,19.270491570153812
2025010515_1478_54500_4,70.95362410983154,19.260765485032827
2025010515_1478_54500_5,70.95465434970777,19.251021268039736
2025010515_1478_54500_6,70.95220876768276,19.251036443515893
2025010515_1478_54500_7,70.95363172579263,19.25023334602667
2025010515_1478_54500_8,70.95880794065351,19.225172326754087
2025010515_1478_54500_9,70.960214316136,19.222300257120512
2025010515_1478_55081_1,62.593737933423455,32.35820091358675
2025010515_1478_55081_10,62.6030394222141,32.1536180551176
2025010515_1478_55081_2,62.59256019178527,32.33797136079046
2025010515_1478_55081_3,62.5870895029812,32.30695107117062
2025010515_1478_55081_4,62.58856883402384,32.28415150281415
2025010515_1478_55081_5,62.593195011038794,32.25075519922417
2025010515_1478_55081_6,62.58956329986914,32.233805362308864
2025010515_1478_55081_7,62.5929859642023,32.2131004733611
2025010515_1478_55081_8,62.599496470733364,32.19085724945733
2025010515_1478_55081_9,62.60249313534314,32.171608282558076
2025010515_1503_39989_1,44.83780751813596,29.33865590714424
2025010515_1503_39989_10,44.82988010506037,29.22841898457392
2025010515_1503_39989_2,44.839270045650366,29.331398588827714
2025010515_1503_39989_3,44.84069092802686,29.322866052841373
2025010515_1503_39989_4,44.835464452925656,29.311460595753648
2025010515_1503_39989_5,44.83753975736077,29.306529243190624
2025010515_1503_39989_6,44.84193263494783,29.300063362922767
2025010515_1503_39989_7,44.83766699071216,29.293947314867612
2025010515_1503_39989_8,44.838072236143624,29.275733649969922
2025010515_1503_39989_9,44.83431729993741,29.26268427486817
2025010515_1503_43366_1,39.74287759173461,28.618094784768203
2025010515_1503_43366_10,39.75813739079752,28.557034295924705
2025010515_1503_43366_2,39.74403235887169,28.618623509672375
2025010515_1503_43366_3,39.74545324123739,28.616731382556715
2025010515_1503_43366_4,39.75121410637813,28.603016986316263
2025010515_1503_43366_5,39.753402430505865,28.59376695945231
2025010515_1503_43366_6,39.75142952751514,28.599410125031184
2025010515_1503_43366_7,39.75255042628455,28.5969790491082
2025010515_1503_43366_8,39.75770239706162,28.575156303273452
2025010515_1503_43366_9,39.75635900394831,28.578166379250145
2025010515_1503_46142_1,56.197972842087395,27.840535632405214
2025010515_1503_46142_10,56.22181288683434,27.886165921936456
2025010515_1503_46142_2,56.20122892055078,27.842613466996028
2025010515_1503_46142_3,56.20264980292369,27.8548006412031
2025010515_1503_46142_4,56.208416558208135,27.856631457590556
2025010515_1503_46142_5,56.21156146008049,27.871657453372183
2025010515_1503_46142_6,56.21250278489827,27.861117324142075
2025010515_1503_46142_7,56.22623449673699,27.86328724582192
2025010515_1503_46142_8,56.21977108994682,27.871750278660382
2025010515_1503_46142_9,56.22413009916621,27.872021044476877
2025010515_1503_48555_1,53.78454691867161,24.576548134025433
2025010515_1503_48555_10,53.771331212179106,24.6590311285759
2025010515_1503_48555_2,53.78528643016485,24.57996745048369
2025010515_1503_48555_3,53.78670731253955,24.592555269637607
2025010515_1503_48555_4,53.78159275030543,24.604130604419957
2025010515_1503_48555_5,53.7831149155995,24.631363216886506
2025010515_1503_48555_6,53.78737600106197,24.61888900328887
2025010515_1503_48555_7,53.78530370176941,24.619895566684786
2025010515_1503_48555_8,53.78706000056174,24.63081000670087
2025010515_1503_48555_9,53.78782160011905,24.6320415778947
2025010515_1573_47788_1,46.5834508546014,41.301334342332936
2025010515_1573_47788_2,46.60632361833235,41.319010071520616
2025010515_1573_47788_3,46.62117932451238,41.33346366519976
2025010515_1573_47788_4,46.62695334468394,41.340429963968305
2025010515_1573_47788_5,46.62958433646572,41.34859973371966
2025010515_1573_47788_6,46.63468827289602,41.3472516877361
2025010515_1573_47788_7,46.6395834189364,41.342487421068036
2025010515_1573_48268_1,46.072569009591746,34.718224588854305
2025010515_1573_48268_2,46.068630496283326,34.74237160825563
2025010515_1573_48268_3,46.07021427886143,34.777283322759786
2025010515_1573_48268_4,46.07124378248318,34.793962248989565
2025010515_1573_48268_5,46.068264186454655,34.79757524492212
2025010515_1573_48268_6,46.0696856720268,34.80289492483319
2025010515_1573_48268_7,46.074632746292885,34.81567266637693
2025010515_1573_56012_1,44.6777294162301,40.439227253793675
2025010515_1573_56012_2,44.67364217661865,40.40664353067693
2025010515_1573_56012_3,44.67921938052967,40.356915836007595
2025010515_1573_56012_4,44.68384555753743,40.34747814252157
2025010515_1573_56012_5,44.68120118291235,40.32675402498146
2025010515_1573_56012_6,44.684623847249114,40.296046982942265
2025010515_1573_56012_7,44.69000443262346,40.27786428182254
2025010515_161_46206_1,73.99333941853601,34.58376550370909
2025010515_161_46206_10,74.08381717818828,34.80116323575314
2025010515_161_46206_2,74.01484023941879,34.63386599539053
2025010515_161_46206_3,74.01822882965104,34.670750637302426
2025010515_161_46206_4,74.02688764902008,34.68848768321086
2025010515_161_46206_5,74.03004827702506,34.72914632390785
2025010515_161_46206_6,74.04300728212318,34.762282960417544
2025010515_161_46206_7,74.04819165908286,34.77869725569268
2025010515_161_46206_8,74.06102482860308,34.7900317179292
2025010515_161_46206_9,74.08432248254043,34.79211362329999
2025010515_161_54500_1,71.07492793246436,30.73221753112894
2025010515_161_54500_10,71.18120958619548,30.885325460346007
2025010515_161_54500_2,71.09642875333995,30.76484053644632
2025010515_161_54500_3,71.09981734356502,30.788364107310848
2025010515_161_54500_4,71.10888847351144,30.795486252530694
2025010515_161_54500_5,71.11801582437073,30.815499768692817
2025010515_161_54500_6,71.1417765975078,30.83710232750273
2025010515_161_54500_7,71.14326195969518,30.847789077380348
2025010515_161_54500_8,71.15557523879393,30.8659082810086
2025010515_161_54500_9,71.18171489055483,30.877060159835896
2025010515_161_55137_1,68.33478708232276,38.656848013116154
2025010515_161_55137_10,68.33718147109093,38.9613855855657
2025010515_161_55137_2,68.34196158367946,38.71995842303417
2025010515_161_55137_3,68.34278501319486,38.786844028899885
2025010515_161_55137_4,68.34605728956602,38.80635899829772
2025010515_161_55137_5,68.3332511910193,38.854114177985466
2025010515_161_55137_6,68.33097390735658,38.89386552550449
2025010515_161_55137_7,68.3319911941112,38.91248148743827
2025010515_161_55137_8,68.3353289108552,38.943644558100736
2025010515_161_55137_9,68.34464524541919,38.9464745126358
2025010515_1728_46095_1,75.94218319253274,18.338076392371278
2025010515_1728_46095_10,75.96744868560296,18.586009775137263
2025010515_1728_46095_11,75.96773737066498,18.617225318888543
2025010515_1728_46095_2,75.93919045622931,18.415754723196446
2025010515_1728_46095_3,75.93915509166064,18.464216120819067
2025010515_1728_46095_4,75.94063033764051,18.473413839541152
2025010515_1728_46095_5,75.9436251189959,18.497006885860444
2025010515_1728_46095_6,75.95543151486714,18.5061849009514
2025010515_1728_46095_7,75.9482504677677,18.532318602607887
2025010515_1728_46095_8,75.94761594712459,18.55399801084237
2025010515_1728_46095_9,75.95890796876061,18.56197627218266
2025010515_1728_47788_1,68.3572013569368,27.642443788344355
2025010515_1728_47788_10,68.41903992980883,27.829090286123456
2025010515_1728_47788_11,68.42334652906212,27.869385114361325
2025010515_1728_47788_2,68.35824042892432,27.701896649873795
2025010515_1728_47788_3,68.36592999726075,27.745445293511537
2025010515_1728_47788_4,68.36694728400097,27.754643012233622
2025010515_1728_47788_5,68.3736452708233,27.77439273509078
2025010515_1728_47788_6,68.40063762352547,27.778517055077916
2025010515_1728_47788_7,68.40015882483794,27.780199557840717
2025010515_1728_47788_8,68.41297921340893,27.7907789758498
2025010515_1728_47788_9,68.41307500250925,27.8072964458849
2025010515_1728_48000_1,78.03617641537367,16.232790708114077
2025010515_1728_48000_10,78.09328514078321,16.481434330642745
2025010515_1728_48000_11,78.09972665228362,16.50232893583645
2025010515_1728_48000_2,78.03318367908466,16.3119758105196
2025010515_1728_48000_3,78.0353924619944,16.36111497521759
2025010515_1728_48000_4,78.0368677079815,16.370312693939674
2025010515_1728_48000_5,78.04159543932784,16.39459157470436
2025010515_1728_48000_6,78.06820640474483,16.404120669378358
2025010515_1728_48000_7,78.06452906904177,16.428206017019065
2025010515_1728_48000_8,78.07233949330139,16.446762223895128
2025010515_1728_48000_9,78.08556478425002,16.45119889941635
2025010515_1728_48268_1,62.260354995868965,23.722568536012464
2025010515_1728_48268_10,62.26112615490738,23.806305598715813
2025010515_1728_48268_11,62.25834240641065,23.814368716106642
2025010515_1728_48268_2,62.25926708803655,23.741476470851783
2025010515_1728_48268_3,62.25092575167178,23.76140612570538
2025010515_1728_48268_4,62.24993577431614,23.762375507523736
2025010515_1728_48268_5,62.2542894152529,23.769592512592226
2025010515_1728_48268_6,62.264193741308425,23.773966217918165
2025010515_1728_48268_7,62.26210421375447,23.777088291087345
2025010515_1728_48268_8,62.25488487110576,23.784102071534154
2025010515_1728_48268_9,62.25649997790681,23.788886577394223
2025010515_1728_57199_1,82.43511155001269,25.591451995406022
2025010515_1728_57199_10,82.36604311879525,25.566330355881206
2025010515_1728_57199_11,82.36975756525645,25.564015030008743
2025010515_1728_57199_2,82.43121698527649,25.586720106811644
2025010515_1728_57199_3,82.40768587271637,25.578519509434695
2025010515_1728_57199_4,82.39474365132502,25.57711074282726
2025010515_1728_57199_5,82.39162365210306,25.582039589660386
2025010515_1728_57199_6,82.38559596685229,25.577416486640097
2025010515_1728_57199_7,82.38416981759082,25.576662999320263
2025010515_1728_57199_8,82.37156843852436,25.5806723624358
2025010515_1728_57199_9,82.36346713529124,25.565134939399655
2025010515_1957_46142_1,49.77395060942672,37.03928149228546
2025010515_1957_46142_2,49.77067780150688,37.02071895433373
2025010515_1957_46142_3,49.77352237995618,37.00450517512568
2025010515_1957_46142_4,49.774068666827134,37.00488209787889
2025010515_1957_46142_5,49.774289062643355,36.9923759015872
2025010515_1957_46142_6,49.77836638340374,36.97609915439989
2025010515_1957_46206_1,51.8546490676926,35.91551528511469
2025010515_1957_46206_2,51.79556407998605,35.89887181195461
2025010515_1957_46206_3,51.738291277529996,35.89036231149494
2025010515_1957_46206_4,51.730908842151045,35.88523971264516
2025010515_1957_46206_5,51.715164655874055,35.87790917302
2025010515_1957_46206_6,51.69588635162996,35.869630698597476
2025010515_1957_55081_1,44.76088647183371,32.44491047864985
2025010515_1957_55081_2,44.73425725837869,32.39569240530325
2025010515_1957_55081_3,44.712860087385955,32.35702243585745
2025010515_1957_55081_4,44.70880967726015,32.35168432324897
2025010515_1957_55081_5,44.71032974250874,32.327048257049164
2025010515_1957_55081_6,44.71099322844485,32.30550583106001
2025010515_2065_43366_1,14.892339474449347,21.861579947014324
2025010515_2065_43366_2,14.898214890560478,21.79235431645908
2025010515_2065_43366_3,14.903912559972234,21.739063510379257
2025010515_2065_43366_4,14.903599340182451,21.727210370406322
2025010515_2065_43366_5,14.90575009501605,21.72523467677477
2025010515_2065_43366_6,14.907268578963995,21.719911282027194
2025010515_2065_43366_7,14.90855673097852,21.7230471349734
2025010515_2065_46206_1,19.715188720097228,22.27888302961542
2025010515_2065_46206_2,19.66685074127906,22.18012311563601
2025010515_2065_46206_3,19.626846168904994,22.09219271664602
2025010515_2065_46206_4,19.621663170776973,22.082244304220318
2025010515_2065_46206_5,19.623181654724924,22.077646389035056
2025010515_2065_46206_6,19.617403659286627,22.072179174808625
2025010515_2065_46206_7,19.610140680851107,22.07232724871089
2025010515_2065_48555_1,20.93550947584298,26.281344084586088
2025010515_2065_48555_2,20.9185064446403,26.227565268641833
2025010515_2065_48555_3,20.9046262532712,26.18831696619954
2025010515_2065_48555_4,20.904824857487906,26.176630994941643
2025010515_2065_48555_5,20.906343341443048,26.17153204879547
2025010515_2065_48555_6,20.906588883061637,26.169237120277607
2025010515_2065_48555_7,20.907877035076165,26.169385194179878
2025010515_2065_54500_1,19.875425679395658,16.502252919002547
2025010515_2065_54500_2,19.842807576253076,16.436237717703907
2025010515_2065_54500_3,19.820273096419463,16.360509690594164
2025010515_2065_54500_4,19.80760417583965,16.343867717217815
2025010515_2065_54500_5,19.809122659787597,16.341624757989187
2025010515_2065_54500_6,19.80936820141339,16.333075642409735
2025010515_2065_54500_7,19.807549915986456,16.330362207377984
2025010515_208_44860_1,75.39065716326469,42.655291089201924
2025010515_208_44860_2,75.39217564721623,42.65453760188208
2025010515_208_44860_3,75.3924647686958,42.65410071017311
2025010515_208_44860_4,75.39335742411065,42.667873807509956
2025010515_208_44860_5,75.3966709315489,42.665661035304694
2025010515_208_44860_6,75.39818941549686,42.67128290006505
2025010515_208_44860_7,75.40777887871887,42.68065310960428
2025010515_208_44860_8,75.40919976109177,42.6939969621943
2025010515_2090_43366_1,8.903710374786675,15.942392578011615
2025010515_2090_43366_2,8.898923913947264,15.989545192169635
2025010515_2090_43366_3,8.899154111460287,16.013726773394303
2025010515_2090_43366_4,8.900672595415427,16.01817708292392
2025010515_2090_43366_5,8.900926255863808,16.0276658316339
2025010515_2090_43366_6,8.902444739818952,16.02987525468939
2025010515_2090_43366_7,8.905507913398035,16.025640688187764
2025010515_2090_43366_8,8.907026397353176,16.02488720086793
2025010515_2090_43366_9,8.908544881308318,16.024133713548096
2025010515_2090_46142_1,11.912101477979954,20.10103339442561
2025010515_2090_46142_2,11.896127779924024,20.06788331668685
2025010515_2090_46142_3,11.89635816148987,20.04870976027509
2025010515_2090_46142_4,11.897876645445011,20.04641021002474
2025010515_2090_46142_5,11.898210505138259,20.052407571904958
2025010515_2090_46142_6,11.899728989079007,20.032994619141643
2025010515_2090_46142_7,11.895028475727193,20.014633261975664
2025010515_2090_46142_8,11.896546959667944,20.013879774655827
2025010515_2090_46142_9,11.898065443623082,20.013126287335993
2025010515_2090_47849_1,13.33927995226113,9.36306026609108
2025010515_2090_47849_2,13.290849457272484,9.375165453424392
2025010515_2090_47849_3,13.260527100305096,9.39454067151481
2025010515_2090_47849_4,13.260772641923689,9.398059261917151
2025010515_2090_47849_5,13.265975497765094,9.397305774597317
2025010515_2090_47849_6,13.267493981720236,9.396386368697137
2025010515_2090_47849_7,13.258754465961726,9.406675625843953
2025010515_2090_47849_8,13.260272949902477,9.405922138524117
2025010515_2090_47849_9,13.261791433843229,9.405168651204283
2025010515_2090_57267_1,12.560318263507666,9.04278562486155
2025010515_2090_57267_2,12.526394462015388,9.031304055843048
2025010515_2090_57267_3,12.505015194800466,9.03139782711931
2025010515_2090_57267_4,12.505260736419059,9.031704996810742
2025010515_2090_57267_5,12.505803320655362,9.037190835898757
2025010515_2090_57267_6,12.507321804596113,9.032254899286547
2025010515_2090_57267_7,12.500849571935696,9.027948730638043
2025010515_2090_57267_8,12.502368055890836,9.027195243318207
2025010515_2090_57267_9,12.503886539831587,9.026441755998373
2025010515_2257_47788_1,71.02260224182166,16.985106745439797
2025010515_2257_47788_2,71.0121924094923,16.926483144047804
2025010515_2257_47788_3,71.01242242293812,16.910780359053764
2025010515_2257_47788_4,71.01266796455671,16.902231243474315
2025010515_2257_47788_5,71.01075466825442,16.89951780844256
2025010515_2257_47788_6,71.01227315219518,16.87755960290985
2025010515_2257_47788_7,71.01265165809613,16.873286750427376
2025010515_2257_56012_1,73.25271487432981,21.85761104886907
2025010515_2257_56012_2,73.22631162820943,21.804429520198944
2025010515_2257_56012_3,73.21415082555794,21.78407498853177
2025010515_2257_56012_4,73.21439636719091,21.778492916362794
2025010515_2257_56012_5,73.21612284122911,21.778640990265068
2025010515_2257_56012_6,73.21764132516984,21.77750998504274
2025010515_2257_56012_7,73.21080170359077,21.77521291005272
2025010515_2257_56032_1,71.73544299195751,25.34409452409259
2025010515_2257_56032_2,71.73275514745781,25.294497187928265
2025010515_2257_56032_3,71.73298516090361,25.263620637947426
2025010515_2257_56032_4,71.73450364484435,25.257622376737167
2025010515_2257_56032_5,71.73579179685889,25.25777045063944
2025010515_2257_56032_6,71.73731028079965,25.251220874723714
2025010515_2257_56032_7,71.73998170735392,25.246948022241234
2025010515_2326_46122_1,55.7472094213582,35.12765005563763
2025010515_2326_46122_2,55.74294416902585,35.1724099134146
2025010515_2326_46122_3,55.73908021667347,35.2257686101334
2025010515_2326_46122_4,55.737002354864515,35.24484833819043
2025010515_2326_46122_5,55.74107967562491,35.261186510805814
2025010515_2326_46122_6,55.74488348080555,35.28249239585913
2025010515_2326_46122_7,55.74650975801261,35.293016229963506
2025010515_2326_46122_8,55.748028241953364,35.30871761545118
2025010515_2326_47788_1,60.30383397561058,39.18462354964583
2025010515_2326_47788_2,60.29425686076981,39.24866073763607
2025010515_2326_47788_3,60.28629358118405,39.32388035742076
2025010515_2326_47788_4,60.280689727785514,39.35437522500646
2025010515_2326_47788_5,60.28426427450316,39.37868456323078
2025010515_2326_47788_6,60.2828694980599,39.39650594708014
2025010515_2326_47788_7,60.284495775259764,39.404766347040635
2025010515_2326_47788_8,60.28601425920772,39.420215192308476
2025010515_2326_48000_1,55.54422484639002,42.507064571045
2025010515_2326_48000_2,55.46229140231658,42.50692786514479
2025010515_2326_48000_3,55.39883939205759,42.514220329568296
2025010515_2326_48000_4,55.3829985812561,42.517726846203644
2025010515_2326_48000_5,55.371407660206934,42.514623859292996
2025010515_2326_48000_6,55.36129492824654,42.51395054158112
2025010515_2326_48000_7,55.36070315644997,42.517370853700314
2025010515_2326_48000_8,55.36222164039971,42.51702599559916
2025010515_2326_56012_1,63.86855108405564,39.29322492871956
2025010515_2326_56012_2,63.80468162001151,39.32908703825025
2025010515_2326_56012_3,63.77138607763719,39.38674832255936
2025010515_2326_56012_4,63.770859854166844,39.40856400238837
2025010515_2326_56012_5,63.76650145897422,39.42200152278853
2025010515_2326_56012_6,63.755081026602845,39.44052535851362
2025010515_2326_56012_7,63.752492259065384,39.44859005461733
2025010515_2326_56012_8,63.75401074302053,39.44841159327909
2025010515_2351_56012_1,61.79572252040146,15.486878774007618
2025010515_2351_56012_2,61.79825779164848,15.436664473705656
2025010515_2351_56012_3,61.789429462131146,15.386072731747214
2025010515_2351_56012_4,61.78843948477551,15.37239382911301
2025010515_2351_56012_5,61.7906606647664,15.355886869174515
2025010515_2351_56012_6,61.80253941137532,15.334810009940268
2025010515_2351_56012_7,61.799928976075634,15.292762072031845
2025010515_2351_56012_8,61.79205264206829,15.270300059318988
2025010515_2351_56012_9,61.79356836601978,15.245182080109878
2025010515_238_44872_1,90.64766536144724,47.53520093725033
2025010515_238_44872_10,90.88148697076393,47.71779541502301
2025010515_238_44872_11,90.87128059357724,47.71650150635812
2025010515_238_44872_12,90.872799077518,47.71574801903829
2025010515_238_44872_13,90.87431756147313,47.71499453171845
2025010515_238_44872_14,90.87583604542108,47.716560291315425
2025010515_238_44872_15,90.87735452936901,47.71580680399559
2025010515_238_44872_16,90.87887301332415,47.71505331667576
2025010515_238_44872_2,90.72271280013392,47.60038480472623
2025010515_238_44872_3,90.81845004620241,47.64665114882292
2025010515_238_44872_4,90.84223559707326,47.65912389684106
2025010515_238_44872_5,90.8448030030945,47.66733868200236
2025010515_238_44872_6,90.85390502369337,47.67737584238864
2025010515_238_44872_7,90.85657355959731,47.686614259801495
2025010515_238_44872_8,90.86462847478451,47.70699581393479
2025010515_238_44872_9,90.87711275330153,47.71283103835685
2025010515_238_53518_1,89.89125659367495,47.92715260341268
2025010515_238_53518_10,90.17503272451124,48.15705425535908
2025010515_238_53518_11,90.15967825551982,48.142589969282184
2025010515_238_53518_12,90.16119673947497,48.14760514849986
2025010515_238_53518_13,90.16271522341573,48.14685166118003
2025010515_238_53518_14,90.16423370737085,48.15009685005231
2025010515_238_53518_15,90.1657521913188,48.149343362732466
2025010515_238_53518_16,90.16727067526675,48.148589875412625
2025010515_238_53518_2,89.9669269158337,47.99943885856869
2025010515_238_53518_3,90.08638714473621,48.06761960864881
2025010515_238_53518_4,90.12267699819176,48.0956228465431
2025010515_238_53518_5,90.12718457312532,48.10244396102022
2025010515_238_53518_6,90.131922315633,48.11298237684121
2025010515_238_53518_7,90.14935293587466,48.121360832222685
2025010515_238_53518_8,90.15740785104748,48.14040713631052
2025010515_238_53518_9,90.17351424056329,48.15208987869291
2025010515_238_57362_1,89.5068414818968,34.33328356114236
2025010515_238_57362_10,89.58738380327323,34.62184135379929
2025010515_238_57362_11,89.58528950924999,34.619487217972434
2025010515_238_57362_12,89.58680799319792,34.61873373065259
2025010515_238_57362_13,89.58832647714587,34.61798024333276
2025010515_238_57362_14,89.58984496110102,34.62122543220504
2025010515_238_57362_15,89.59136344504896,34.6204719448852
2025010515_238_57362_16,89.5928819289969,34.61971845756537
2025010515_238_57362_2,89.52790608044933,34.40101843824109
2025010515_238_57362_3,89.54857240367603,34.49460013847729
2025010515_238_57362_4,89.55667096500358,34.53035064468548
2025010515_238_57362_5,89.56540779675181,34.538724640201735
2025010515_238_57362_6,89.57134637860321,34.55192122702312
2025010515_238_57362_7,89.5734980537729,34.56076132298137
2025010515_238_57362_8,89.57731353284275,34.59102609975539
2025010515_238_57362_9,89.58586531932528,34.6163770505755
2025010515_2564_43366_1,62.727285738980676,30.98863139403663
2025010515_2564_43366_10,63.066243202860726,30.967432471316513
2025010515_2564_43366_11,63.09683787914802,30.9673119081306
2025010515_2564_43366_12,63.11927452851385,30.95259501560582
2025010515_2564_43366_13,63.1231967960142,30.946517962226167
2025010515_2564_43366_14,63.123744496825935,30.95083026407226
2025010515_2564_43366_15,63.139777785128764,30.951910822488852
2025010515_2564_43366_2,62.80750383247271,30.983325123438675
2025010515_2564_43366_3,62.898571016209395,30.986786207580327
2025010515_2564_43366_4,62.91878036512775,30.974483864450438
2025010515_2564_43366_5,62.93623348540714,30.980759944485037
2025010515_2564_43366_6,62.9649810672749,30.97191538634013
2025010515_2564_43366_7,62.99332162088187,30.97123342808718
2025010515_2564_43366_8,63.0262386971963,30.96402863308834
2025010515_2564_43366_9,63.05526004400522,30.957389816218264
2025010515_2564_44872_1,56.92188297797555,34.83184411957121
2025010515_2564_44872_10,57.422784439066675,34.8228602302596
2025010515_2564_44872_11,57.45108416531682,34.82429593137934
2025010515_2564_44872_12,57.4814342603431,34.819157664651
2025010515_2564_44872_13,57.479028660005866,34.812061385760266
2025010515_2564_44872_14,57.479576360810434,34.81637479200965
2025010515_2564_44872_15,57.49347226061268,34.82186191956817
2025010515_2564_44872_2,57.04570134031438,34.8318485562783
2025010515_2564_44872_3,57.18394413972649,34.83315929277282
2025010515_2564_44872_4,57.2292757609712,34.82862772864743
2025010515_2564_44872_5,57.25345303995055,34.83337385065227
2025010515_2564_44872_6,57.28843473699173,34.828067050299566
2025010515_2564_44872_7,57.341889555589965,34.829098405767674
2025010515_2564_44872_8,57.378004452314016,34.82011908662085
2025010515_2564_44872_9,57.41180128020398,34.81755389014489
2025010515_2564_46142_1,51.6515686813859,33.97041790235801
2025010515_2564_46142_10,51.85901215874078,34.177310649501464
2025010515_2564_46142_11,51.88378258578453,34.22409583919042
2025010515_2564_46142_12,51.8986105432307,34.270029173206375
2025010515_2564_46142_13,51.899765690614466,34.276481339077556
2025010515_2564_46142_14,51.90459789117271,34.292888703340964
2025010515_2564_46142_15,51.91466077527691,34.30402595815015
2025010515_2564_46142_2,51.702122941590375,33.99317668877346
2025010515_2564_46142_3,51.75135919877497,34.0148473323545
2025010515_2564_46142_4,51.765332458676276,34.04107823725921
2025010515_2564_46142_5,51.77947917257507,34.05754466672013
2025010515_2564_46142_6,51.79681471377487,34.093711167684916
2025010515_2564_46142_7,51.822332418767736,34.12739529392865
2025010515_2564_46142_8,51.827230670150776,34.13571042604766
2025010515_2564_46142_9,51.84802899987808,34.1456653125251
2025010515_2564_57244_1,53.30306357198639,34.605849977949724
2025010515_2564_57244_10,53.49528265690504,34.89664003508173
2025010515_2564_57244_11,53.51958408069777,34.942974928355504
2025010515_2564_57244_12,53.536548202585664,34.98988895705462
2025010515_2564_57244_13,53.53853017990201,35.00301702596234
2025010515_2564_57244_14,53.53986117354749,35.01367265787208
2025010515_2564_57244_15,53.55355018178499,35.024706098771645
2025010515_2564_57244_2,53.353617832176475,34.637145237403665
2025010515_2564_57244_3,53.41259747024242,34.67893562064354
2025010515_2564_57244_4,53.42566485284442,34.7143104217999
2025010515_2564_57244_5,53.4250175368386,34.74074326672341
2025010515_2564_57244_6,53.44317990798536,34.77058660854888
2025010515_2564_57244_7,53.46799963008221,34.8259923534078
2025010515_2564_57244_8,53.464494014252814,34.84535816317722
2025010515_2564_57244_9,53.48429949805672,34.86499469810536
2025010515_2592_44872_1,47.25230962184874,43.44797134833309
2025010515_2592_44872_2,47.28214713985851,43.47432179174037
2025010515_2592_44872_3,47.30409343785869,43.502671384995914
2025010515_2592_44872_4,47.30629812437927,43.500446096219974
2025010515_2592_44872_5,47.31186608707803,43.49712581489591
2025010515_2592_44872_6,47.32395810090177,43.497274256932606
2025010515_2592_44872_7,47.32833231835697,43.491341118165245
2025010515_2592_44872_8,47.31318616377571,43.499562012010145
2025010515_2592_45719_1,42.03633390890692,38.38171361475307
2025010515_2592_45719_2,42.09667522455206,38.39865278108114
2025010515_2592_45719_3,42.157436722795644,38.4121158125535
2025010515_2592_45719_4,42.16767381325618,38.41526970408684
2025010515_2592_45719_5,42.175075821684175,38.41391756598197
2025010515_2592_45719_6,42.17759677008996,38.411625899733714
2025010515_2592_45719_7,42.1791152540415,38.409973428132794
2025010515_2592_45719_8,42.19087839359988,38.41982147616377
2025010515_2617_43366_1,82.46544770072359,33.42792654831097
2025010515_2617_43366_10,82.63348413647851,33.47434554797616
2025010515_2617_43366_11,82.64387624940397,33.481893632250554
2025010515_2617_43366_12,82.66429067458716,33.488749800089195
2025010515_2617_43366_2,82.49335320393557,33.44263256287687
2025010515_2617_43366_3,82.51998287370898,33.45553301493444
2025010515_2617_43366_4,82.54258770473376,33.45667833050639
2025010515_2617_43366_5,82.55696714832034,33.462360457423216
2025010515_2617_43366_6,82.57551809722382,33.46234486141331
2025010515_2617_43366_7,82.59463412088613,33.46612156351075
2025010515_2617_43366_8,82.59549665876933,33.46924363667993
2025010515_2617_43366_9,82.61724318715619,33.47271505219911
2025010515_2617_46142_1,65.67993385401864,32.650209444610205
2025010515_2617_46142_10,65.75868269399605,32.57967797830703
2025010515_2617_46142_11,65.76131526840969,32.5709155969845
2025010515_2617_46142_12,65.7679106137976,32.56722302955128
2025010515_2617_46142_2,65.68375391443787,32.65027935574559
2025010515_2617_46142_3,65.70075613255653,32.6357973028517
2025010515_2617_46142_4,65.70778052352978,32.61492491889787
2025010515_2617_46142_5,65.7181958955662,32.6112967846096
2025010515_2617_46142_6,65.72289794896541,32.61198927608283
2025010515_2617_46142_7,65.73397833426984,32.60981169008926
2025010515_2617_46142_8,65.73837349014623,32.60410159339813
2025010515_2617_46142_9,65.76052496641282,32.59320378540119
2025010515_2617_54500_1,73.60618346374486,27.959605689201375
2025010515_2617_54500_10,73.86155651650833,28.094573420815056
2025010515_2617_54500_11,73.88136459640326,28.108439906235382
2025010515_2617_54500_12,73.92976953240007,28.146553967673846
2025010515_2617_54500_2,73.63584361616161,27.988117972916257
2025010515_2617_54500_3,73.67034841769345,28.025883943484104
2025010515_2617_54500_4,73.69957264816281,28.04494105725134
2025010515_2617_54500_5,73.71427270032326,28.05333386987563
2025010515_2617_54500_6,73.74047091785137,28.06026587797532
2025010515_2617_54500_7,73.77527093014696,28.072443175460545
2025010515_2617_54500_8,73.79407720269937,28.07556524862972
2025010515_2617_54500_9,73.84515790479502,28.077701562645586
2025010515_2617_54509_1,73.61916444166097,29.003690093953942
2025010515_2617_54509_10,73.84946508897019,29.153946723356615
2025010515_2617_54509_11,73.86854131761582,29.161478281050172
2025010515_2617_54509_12,73.91218205801013,29.200359997311615
2025010515_2617_54509_2,73.65215989202474,29.035295249033567
2025010515_2617_54509_3,73.68878809295597,29.070559753786274
2025010515_2617_54509_4,73.7075529450867,29.095026603020557
2025010515_2617_54509_5,73.71791490110942,29.104598182093675
2025010515_2617_54509_6,73.7374093582555,29.11563668807148
2025010515_2617_54509_7,73.7716748393569,29.125681314915195
2025010515_2617_54509_8,73.78884070488374,29.128803388084375
2025010515_2617_54509_9,73.83397235457058,29.131662412880292
2025010515_2686_48555_1,94.01030818588272,32.83678901908902
2025010515_2686_48555_2,94.0133072902214,32.843213936889
2025010515_2686_48555_3,94.00989460199106,32.863448416963216
2025010515_2686_48555_4,94.00299332747655,32.86789046413357
2025010515_2686_48555_5,94.00728480264695,32.86863328789339
2025010515_2686_48555_6,94.01164019698595,32.886751904681724
2025010515_2686_48555_7,94.00767694575717,32.8897453444585
2025010515_2686_48555_8,94.01265313739735,32.88539137478473
2025010515_2686_48555_9,94.0190562158386,32.893190314261595
2025010515_2686_54500_1,102.8235457211542,21.106563600929228
2025010515_2686_54500_2,102.90426111244761,21.11122039870082
2025010515_2686_54500_3,103.01314184687767,21.120795536017418
2025010515_2686_54500_4,103.09638410048352,21.12346561936477
2025010515_2686_54500_5,103.11369286681942,21.12253989453958
2025010515_2686_54500_6,103.12878065287812,21.129039586950192
2025010515_2686_54500_7,103.16641013380531,21.14304097432621
2025010515_2686_54500_8,103.20714598382185,21.152850811593552
2025010515_2686_54500_9,103.22904032747807,21.17006053964402
2025010515_2686_54509_1,93.3919768612685,18.407187344474774
2025010515_2686_54509_2,93.39874941811128,18.43968640832558
2025010515_2686_54509_3,93.4038359962795,18.501853497229725
2025010515_2686_54509_4,93.41196448870211,18.52935574042254
2025010515_2686_54509_5,93.42586584074142,18.53842153562132
2025010515_2686_54509_6,93.43627946875914,18.570217830206474
2025010515_2686_54509_7,93.43856989642731,18.598637148137545
2025010515_2686_54509_8,93.45077908515286,18.672853731310017
2025010515_2686_54509_9,93.46170239602479,18.683964430166686
2025010515_2686_57267_1,94.0358379644274,17.268351833976958
2025010515_2686_57267_2,94.04338180932685,17.301984631211614
2025010515_2686_57267_3,94.04846838750946,17.363144818405953
2025010515_2686_57267_4,94.05659687993209,17.382143467196418
2025010515_2686_57267_5,94.07100756373492,17.39182868880208
2025010515_2686_57267_6,94.08142119176703,17.415862191756684
2025010515_2686_57267_7,94.08365310383115,17.43087271420727
2025010515_2686_57267_8,94.08848046095589,17.497558475384555
2025010515_2686_57267_9,94.09899766187557,17.510676303651053
2025010515_2813_39989_1,111.72023774717755,15.066043339948191
2025010515_2813_39989_10,111.81463478859717,14.788566660809483
2025010515_2813_39989_11,111.81615327255233,14.78781317348965
2025010515_2813_39989_12,111.81767175649308,14.787059686169815
2025010515_2813_39989_13,111.81919024044822,14.786306198849978
2025010515_2813_39989_14,111.82070872439616,14.785552711530144
2025010515_2813_39989_15,111.8222272083441,14.78479922421031
2025010515_2813_39989_16,111.82374569229925,14.784045736890475
2025010515_2813_39989_17,111.82526417624,14.78329224957064
2025010515_2813_39989_18,111.82678266019514,14.782538762250805
2025010515_2813_39989_19,111.82830114414308,14.781785274930971
2025010515_2813_39989_2,111.76215357782579,14.955998244661433
2025010515_2813_39989_3,111.7998458000917,14.895713808919345
2025010515_2813_39989_4,111.80541212651656,14.865076444567146
2025010515_2813_39989_5,111.8232141434657,14.85837408890571
2025010515_2813_39989_6,111.82473262742086,14.803050942697356
2025010515_2813_39989_7,111.80938429893997,14.783258462929936
2025010515_2813_39989_8,111.8115978207013,14.7825049756101
2025010515_2813_39989_9,111.81311630464923,14.781751488290265
2025010515_2813_54500_1,111.96038328443427,16.152167938154655
2025010515_2813_54500_10,112.03326455563504,15.896987645549245
2025010515_2813_54500_11,112.03478303958298,15.896234158229412
2025010515_2813_54500_12,112.03630152353092,15.895480670909574
2025010515_2813_54500_13,112.03782000747889,15.894727183589742
2025010515_2813_54500_14,112.03933849142682,15.893973696269907
2025010515_2813_54500_15,112.04085697538194,15.893220208950071
2025010515_2813_54500_16,112.0423754593299,15.892466721630237
2025010515_2813_54500_17,112.04389394327785,15.891713234310403
2025010515_2813_54500_18,112.04541242722581,15.890959746990568
2025010515_2813_54500_19,112.04693091117375,15.890206259670732
2025010515_2813_54500_2,111.99033577003783,16.052836615791133
2025010515_2813_54500_3,112.02184975516643,15.997273872264111
2025010515_2813_54500_4,112.02741608159128,15.969017417345949
2025010515_2813_54500_5,112.04299691096195,15.966798570922569
2025010515_2813_54500_6,112.04737112842433,15.91596022242278
2025010515_2813_54500_7,112.02801406597783,15.891679447669699
2025010515_2813_54500_8,112.03022758773193,15.890925960349863
2025010515_2813_54500_9,112.03174607167989,15.890172473030029
2025010515_2813_57267_1,110.26383763275354,12.500946342144827
2025010515_2813_57267_10,110.27324665839033,12.604886773238826
2025010515_2813_57267_11,110.27476514234546,12.60655450607325
2025010515_2813_57267_12,110.2762836262934,12.605801018753413
2025010515_2813_57267_13,110.27780211024135,12.60504753143358
2025010515_2813_57267_14,110.2793205941965,12.604294044113747
2025010515_2813_57267_15,110.28083907813726,12.603540556793913
2025010515_2813_57267_16,110.28235756209239,12.602787069474076
2025010515_2813_57267_17,110.28387604604033,12.602033582154242
2025010515_2813_57267_18,110.28539452998828,12.601280094834406
2025010515_2813_57267_19,110.28691301394343,12.600526607514572
2025010515_2813_57267_2,110.26836375056119,12.55192447619066
2025010515_2813_57267_3,110.2559629476432,12.599478338494903
2025010515_2813_57267_4,110.25977842672027,12.605924897059996
2025010515_2813_57267_5,110.2678696348917,12.610542674905052
2025010515_2813_57267_6,110.26938811884682,12.61219316998641
2025010515_2813_57267_7,110.26869120654648,12.608459818512912
2025010515_2813_57267_8,110.27020969049443,12.607706331193077
2025010515_2813_57267_9,110.27172817444958,12.606952843873243
2025010515_2994_46095_1,24.684410388346876,7.1573751520501405
2025010515_2994_46095_10,25.20027451954801,6.93918647517657
2025010515_2994_46095_11,25.23606307744742,6.929739519780651
2025010515_2994_46095_12,25.260670097911362,6.9132203517588495
2025010515_2994_46095_13,25.259150309643267,6.907355608953215
2025010515_2994_46095_14,25.263827578461814,6.904757319614722
2025010515_2994_46095_15,25.274820631889998,6.901448005382486
2025010515_2994_46095_16,25.27975135388829,6.878415737842078
2025010515_2994_46095_17,25.29124280461763,6.868851689179406
2025010515_2994_46095_18,25.292761288572773,6.869600944441749
2025010515_2994_46095_19,25.27729238976909,6.855870994521574
2025010515_2994_46095_2,24.846323366856005,7.119019722264286
2025010515_2994_46095_20,25.27881087370984,6.860885805604817
2025010515_2994_46095_21,25.280329357664982,6.860132318284983
2025010515_2994_46095_22,25.28184784160573,6.859334654833399
2025010515_2994_46095_23,25.283366325560877,6.8610023876678214
2025010515_2994_46095_24,25.284884809516015,6.860248900347987
2025010515_2994_46095_25,25.286403293456768,6.859495413028152
2025010515_2994_46095_26,25.28792177741191,6.858741925708317
2025010515_2994_46095_27,25.289440261352663,6.857988438388483
2025010515_2994_46095_3,24.984772983073174,7.090927792048145
2025010515_2994_46095_4,25.018877956807405,7.0747698682614875
2025010515_2994_46095_5,25.047341037828822,7.057489388331347
2025010515_2994_46095_6,25.07089042946535,7.035359502541525
2025010515_2994_46095_7,25.11017662818248,7.012468789422207
2025010515_2994_46095_8,25.13843628754271,6.980156106888412
2025010515_2994_46095_9,25.16881611730717,6.95830808822913
2025010515_2994_46122_1,27.01488389970845,16.79586433135986
2025010515_2994_46122_10,27.12710762379046,16.581639521067533
2025010515_2994_46122_11,27.131886865198673,16.566174981186883
2025010515_2994_46122_12,27.13951528422925,16.540569321913914
2025010515_2994_46122_13,27.14274130018106,16.509301312218824
2025010515_2994_46122_14,27.14312731041329,16.498667844683297
2025010515_2994_46122_15,27.147604122657874,16.491935524475792
2025010515_2994_46122_16,27.15317245347668,16.47549121461483
2025010515_2994_46122_17,27.16076880143376,16.474737727294997
2025010515_2994_46122_18,27.16514301890335,16.476632985041782
2025010515_2994_46122_19,27.15537470462568,16.467469466640296
2025010515_2994_46122_2,27.038878020184924,16.759860706252287
2025010515_2994_46122_20,27.15758749011814,16.466715979320462
2025010515_2994_46122_21,27.159105974058892,16.465962492000628
2025010515_2994_46122_22,27.160624457999642,16.461463973111805
2025010515_2994_46122_23,27.162142941954787,16.46071048579197
2025010515_2994_46122_24,27.163661425909925,16.459956998472137
2025010515_2994_46122_25,27.165179909865067,16.4592035111523
2025010515_2994_46122_26,27.16669839380582,16.458450023832466
2025010515_2994_46122_27,27.16821687774657,16.457696536512632
2025010515_2994_46122_3,27.056580152264992,16.73076057406557
2025010515_2994_46122_4,27.066761752958904,16.71750221043721
2025010515_2994_46122_5,27.07490901746258,16.70078877481192
2025010515_2994_46122_6,27.083754477441452,16.676798287267054
2025010515_2994_46122_7,27.08810657514355,16.65865790868844
2025010515_2994_46122_8,27.099658769769142,16.63301041028406
2025010515_2994_46122_9,27.118198929837693,16.604786373318337
2025010515_2994_47788_1,22.68383661503629,10.616224130195917
2025010515_2994_47788_10,22.879708336426827,10.403001599167336
2025010515_2994_47788_11,22.900176167765267,10.387620600921919
2025010515_2994_47788_12,22.90676595045742,10.374436831956727
2025010515_2994_47788_13,22.915633933829554,10.366707291465486
2025010515_2994_47788_14,22.91080802587781,10.344291810728995
2025010515_2994_47788_15,22.915319074624495,10.342172912803695
2025010515_2994_47788_16,22.920887405457695,10.32668759313611
2025010515_2994_47788_17,22.928743656323235,10.325934105816275
2025010515_2994_47788_18,22.93311787379282,10.331940629329619
2025010515_2994_47788_19,22.929805720985048,10.331963537525269
2025010515_2994_47788_2,22.734174328127956,10.57870452750051
2025010515_2994_47788_20,22.931324204940182,10.331210050205433
2025010515_2994_47788_21,22.932842688895327,10.330456562885601
2025010515_2994_47788_22,22.934361172836077,10.322806445130942
2025010515_2994_47788_23,22.93587965679122,10.32447417796536
2025010515_2994_47788_24,22.937398140731972,10.323720690645526
2025010515_2994_47788_25,22.938916624687113,10.32296720332569
2025010515_2994_47788_26,22.940435108642255,10.322213716005857
2025010515_2994_47788_27,22.94195359258301,10.32146022868602
2025010515_2994_47788_3,22.781292904941967,10.54746296749749
2025010515_2994_47788_4,22.794708280058348,10.535613084694212
2025010515_2994_47788_5,22.808860841390917,10.518643273707083
2025010515_2994_47788_6,22.827301650820118,10.493170832050769
2025010515_2994_47788_7,22.84204583763534,10.475648554195308
2025010515_2994_47788_8,22.847388538224735,10.437082439079123
2025010515_2994_47788_9,22.868249743360984,10.425549131580592
2025010515_2994_48000_1,26.08633274704321,7.510680577262934
2025010515_2994_48000_10,26.41290154665239,7.365000976571534
2025010515_2994_48000_11,26.448603720045885,7.355159606511277
2025010515_2994_48000_12,26.46683475993336,7.3411609312582415
2025010515_2994_48000_13,26.46773831999854,7.333952277708556
2025010515_2994_48000_14,26.468285284548617,7.3341617496771185
2025010515_2994_48000_15,26.4802263905066,7.333108692963864
2025010515_2994_48000_16,26.48296893373074,7.321913861972575
2025010515_2994_48000_17,26.494117073318964,7.312349813309904
2025010515_2994_48000_18,26.495635557274106,7.307466160527099
2025010515_2994_48000_19,26.48016665847042,7.317039948406803
2025010515_2994_48000_2,26.16694989242552,7.488349406419176
2025010515_2994_48000_20,26.481685142411173,7.3162864610869685
2025010515_2994_48000_21,26.48320362636631,7.315532973767134
2025010515_2994_48000_22,26.484722110307064,7.307882856012473
2025010515_2994_48000_23,26.486240594262206,7.3095505888468955
2025010515_2994_48000_24,26.487759078217348,7.308797101527061
2025010515_2994_48000_25,26.4892775621581,7.308043614207226
2025010515_2994_48000_26,26.49079604611324,7.307290126887391
2025010515_2994_48000_27,26.49231453005399,7.306536639567557
2025010515_2994_48000_3,26.241143746889648,7.471073493178533
2025010515_2994_48000_4,26.257136082597533,7.4631019415541315
2025010515_2994_48000_5,26.278273986685427,7.441705093449874
2025010515_2994_48000_6,26.30415744833854,7.428355295521283
2025010515_2994_48000_7,26.32562724795916,7.414938101248466
2025010515_2994_48000_8,26.362569134833237,7.394955200371176
2025010515_2994_48000_9,26.389555192572978,7.383297236829219
2025010515_2994_57199_1,34.42962917354374,31.691449964040473
2025010515_2994_57199_10,34.727436847847095,31.568668949313913
2025010515_2994_57199_11,34.763137548702865,31.559503077258842
2025010515_2994_57199_12,34.78064681524606,31.54557168150927
2025010515_2994_57199_13,34.783918579255456,31.52999771226081
2025010515_2994_57199_14,34.78720942094886,31.5279414508166
2025010515_2994_57199_15,34.794585659973876,31.522459683272018
2025010515_2994_57199_16,34.79965590492161,31.517265239534673
2025010515_2994_57199_17,34.814383154151166,31.516511752214832
2025010515_2994_57199_18,34.815901638106304,31.515758264895
2025010515_2994_57199_19,34.80043273928823,31.52045832103954
2025010515_2994_57199_2,34.50233308976122,31.675797124644873
2025010515_2994_57199_20,34.80230168722191,31.519704833719707
2025010515_2994_57199_21,34.80382017117706,31.518951346399874
2025010515_2994_57199_22,34.80533865511781,31.516611567815826
2025010515_2994_57199_23,34.806857139072946,31.515858080495985
2025010515_2994_57199_24,34.8083756230137,31.51510459317615
2025010515_2994_57199_25,34.80989410696884,31.514351105856324
2025010515_2994_57199_26,34.81141259092398,31.513597618536483
2025010515_2994_57199_27,34.812931074864736,31.51284413121665
2025010515_2994_57199_3,34.57764476375621,31.631627564894394
2025010515_2994_57199_4,34.594042901602236,31.625313067028944
2025010515_2994_57199_5,34.60045814386638,31.611141430684494
2025010515_2994_57199_6,34.62606540697353,31.603694790413808
2025010515_2994_57199_7,34.650410235654086,31.596773368597464
2025010515_2994_57199_8,34.682673205569294,31.574484840880377
2025010515_2994_57199_9,34.70664571484052,31.57295031246819
2025010515_3171_42771_1,53.67642847539065,19.323880455244556
2025010515_3171_42771_10,53.79764056955286,19.348372998650778
2025010515_3171_42771_11,53.79734153999236,19.34815759615725
2025010515_3171_42771_12,53.81357946341147,19.350656771703594
2025010515_3171_42771_13,53.83414666154026,19.358242308384366
2025010515_3171_42771_14,53.846153650932074,19.362730846368578
2025010515_3171_42771_15,53.85350401012063,19.368287711737484
2025010515_3171_42771_16,53.87837922691556,19.38045356356425
2025010515_3171_42771_17,53.88495508035308,19.392572422265108
2025010515_3171_42771_18,53.88320288068227,19.395033328110525
2025010515_3171_42771_19,53.89712462026662,19.398007728140392
2025010515_3171_42771_2,53.69468527901739,19.329994286146775
2025010515_3171_42771_20,53.90630923810888,19.400039736946383
2025010515_3171_42771_21,53.9094387573644,19.39644277927966
2025010515_3171_42771_22,53.913949437962266,19.39770998185289
2025010515_3171_42771_23,53.92342551576868,19.39826549314203
2025010515_3171_42771_24,53.92796266661656,19.398771131937416
2025010515_3171_42771_25,53.93233688408615,19.390219404476632
2025010515_3171_42771_26,53.92404495796214,19.39099367504644
2025010515_3171_42771_27,53.92556344190289,19.390240187726604
2025010515_3171_42771_28,53.92708192584364,19.38948670040677
2025010515_3171_42771_3,53.70804664761109,19.330039206079455
2025010515_3171_42771_4,53.71645796866961,19.34328691603732
2025010515_3171_42771_5,53.723482359642844,19.342111869022634
2025010515_3171_42771_6,53.733489346389945,19.336892542917443
2025010515_3171_42771_7,53.75204103155329,19.331058054832738
2025010515_3171_42771_8,53.76980305677029,19.33891019818584
2025010515_3171_42771_9,53.770846852106715,19.34449824304142
2025010515_3171_46095_1,62.13387325458951,14.782331658017316
2025010515_3171_46095_10,62.58465309299807,14.820435064720161
2025010515_3171_46095_11,62.64415831483931,14.819285934010876
2025010515_3171_46095_12,62.678036771974476,14.817385378547419
2025010515_3171_46095_13,62.72320968210908,14.819419521913577
2025010515_3171_46095_14,62.740905735689466,14.822752155911262
2025010515_3171_46095_15,62.75853190550273,14.819925244132257
2025010515_3171_46095_16,62.784618129107464,14.818635062021816
2025010515_3171_46095_17,62.79560128797017,14.82860527957854
2025010515_3171_46095_18,62.82390101420592,14.826309408701778
2025010515_3171_46095_19,62.869742668393066,14.839602117140267
2025010515_3171_46095_2,62.20071224231778,14.790662394464452
2025010515_3171_46095_20,62.87064880539928,14.830386501262918
2025010515_3171_46095_21,62.876884855034895,14.818432496912035
2025010515_3171_46095_22,62.88980361968728,14.818160345361045
2025010515_3171_46095_23,62.896643854966,14.816553690062802
2025010515_3171_46095_24,62.91145403760736,14.813840070963838
2025010515_3171_46095_25,62.9129725215625,14.812098207059869
2025010515_3171_46095_26,62.89751545189775,14.814975813702556
2025010515_3171_46095_27,62.8990339358529,14.814222326382723
2025010515_3171_46095_28,62.90055241979365,14.813468839062887
2025010515_3171_46095_3,62.26532266872415,14.794445209766074
2025010515_3171_46095_4,62.285935365627815,14.816613640265784
2025010515_3171_46095_5,62.33495308537966,14.812979918229123
2025010515_3171_46095_6,62.354449801785165,14.808286946110021
2025010515_3171_46095_7,62.398209442612604,14.805315084361437
2025010515_3171_46095_8,62.451291106228936,14.809340388501651
2025010515_3171_46095_9,62.50069277828443,14.818029781873204
2025010515_3171_48000_1,62.43087554097044,12.933632221903455
2025010515_3171_48000_10,62.813201386269604,12.99731383633248
2025010515_3171_48000_11,62.82552016961464,12.99584907531542
2025010515_3171_48000_12,62.85809738309024,12.994772637637558
2025010515_3171_48000_13,62.921872322993224,12.998007612091952
2025010515_3171_48000_14,62.952816127946804,13.004582468153759
2025010515_3171_48000_15,62.99239916822491,13.030615989922486
2025010515_3171_48000_16,63.033093049149414,13.042388142201812
2025010515_3171_48000_17,63.04663253348824,13.052507294672182
2025010515_3171_48000_18,63.076758206517326,13.050953101098186
2025010515_3171_48000_19,63.11774346922162,13.064918597626438
2025010515_3171_48000_2,62.49593380301002,12.95657550239697
2025010515_3171_48000_20,63.118105503538445,13.076135706219132
2025010515_3171_48000_21,63.11669409256395,13.075336727336428
2025010515_3171_48000_22,63.12978966809828,13.078345205769422
2025010515_3171_48000_23,63.128981542448,13.075100690709474
2025010515_3171_48000_24,63.14013078643953,13.072387071610509
2025010515_3171_48000_25,63.141649270394666,13.069771808768424
2025010515_3171_48000_26,63.124638290914845,13.074161711654641
2025010515_3171_48000_27,63.126156774855595,13.073408224334806
2025010515_3171_48000_28,63.12767525881074,13.072654737014972
2025010515_3171_48000_3,62.55017535504052,12.95977758563331
2025010515_3171_48000_4,62.56784444901761,12.978772697335742
2025010515_3171_48000_5,62.608526035954604,12.98858740500587
2025010515_3171_48000_6,62.632886544480016,12.990469208012057
2025010515_3171_48000_7,62.665322431811035,12.982722169482914
2025010515_3171_48000_8,62.70010260214018,12.984856936549841
2025010515_3171_48000_9,62.735305863147325,12.993546329921395
2025010515_3171_54718_1,67.94588055776786,20.15682540711782
2025010515_3171_54718_10,68.15751753424475,20.023140874549842
2025010515_3171_54718_11,68.16299473529159,20.018405369788365
2025010515_3171_54718_12,68.17696603755027,20.005981709790046
2025010515_3171_54718_13,68.22434872739889,19.99017098240537
2025010515_3171_54718_14,68.24858090695787,19.978127524927235
2025010515_3171_54718_15,68.27861769948949,19.961104457529956
2025010515_3171_54718_16,68.3018858414142,19.942514187519524
2025010515_3171_54718_17,68.32146104259186,19.924533733876725
2025010515_3171_54718_18,68.35414524990368,19.911436427703777
2025010515_3171_54718_19,68.37835645869367,19.900454243536625
2025010515_3171_54718_2,67.97893783806812,20.12971884423563
2025010515_3171_54718_20,68.38217859363593,19.879191203521344
2025010515_3171_54718_21,68.38272555818601,19.87490984196906
2025010515_3171_54718_22,68.39419545207201,19.87439858710498
2025010515_3171_54718_23,68.39926569700535,19.855210657242864
2025010515_3171_54718_24,68.41075677961464,19.852497222211117
2025010515_3171_54718_25,68.4122752635698,19.843394772397563
2025010515_3171_54718_26,68.39828275291977,19.84730444391823
2025010515_3171_54718_27,68.39980123686053,19.846550956598396
2025010515_3171_54718_28,68.40131972080127,19.845797469278562
2025010515_3171_54718_3,67.9940419550593,20.098171259010442
2025010515_3171_54718_4,68.0179989688673,20.07055370615723
2025010515_3171_54718_5,68.04147743760552,20.046786501414196
2025010515_3171_54718_6,68.05128931310408,20.044785038372464
2025010515_3171_54718_7,68.07054238559094,20.04177671005755
2025010515_3171_54718_8,68.09438950773983,20.038680304321428
2025010515_3171_54718_9,68.11155537326664,20.030653802039257
2025010515_3237_46122_1,61.16757760995664,36.80279453064708
2025010515_3237_46122_10,61.25317761907121,37.0000256930912
2025010515_3237_46122_11,61.25469610301916,36.99927220577137
2025010515_3237_46122_12,61.2562145869743,37.00251739464365
2025010515_3237_46122_13,61.25773307092225,37.00176390732381
2025010515_3237_46122_14,61.25925155487018,37.00101042000398
2025010515_3237_46122_15,61.26077003881814,37.000256932684145
2025010515_3237_46122_16,61.262288522766084,36.999503445364304
2025010515_3237_46122_2,61.21690710160252,36.8812293551341
2025010515_3237_46122_3,61.246460851007406,36.95290530885369
2025010515_3237_46122_4,61.2509025982614,36.963141502239694
2025010515_3237_46122_5,61.25847615733436,36.969761747577564
2025010515_3237_46122_6,61.25998875113142,36.98869049850972
2025010515_3237_46122_7,61.26644977251696,36.99678475411027
2025010515_3237_46122_8,61.27186006435351,36.99513228250936
2025010515_3237_46122_9,61.25165913512327,37.00077918041104
2025010515_3237_47788_1,52.58861679327781,38.7655044943833
2025010515_3237_47788_10,52.66915298773874,39.079716460601695
2025010515_3237_47788_11,52.67067147168669,39.07896297328186
2025010515_3237_47788_12,52.67218995564182,39.07820948596203
2025010515_3237_47788_13,52.673708439589774,39.07745599864219
2025010515_3237_47788_14,52.67522692353772,39.07670251132236
2025010515_3237_47788_15,52.67674540748567,39.075949024002526
2025010515_3237_47788_16,52.678263891433616,39.075195536682685
2025010515_3237_47788_2,52.63646932958556,38.88919555138693
2025010515_3237_47788_3,52.647186020530974,39.01046941211367
2025010515_3237_47788_4,52.65162776778497,39.020901309356454
2025010515_3237_47788_5,52.6617274653251,39.02632806286825
2025010515_3237_47788_6,52.66714817424416,39.050271235189044
2025010515_3237_47788_7,52.67168532509205,39.07075618509704
2025010515_3237_47788_8,52.676059542554455,39.07000269777721
2025010515_3237_47788_9,52.667634503790794,39.08046994792153
2025010515_3237_48103_1,51.06898221279569,46.713180598003404
2025010515_3237_48103_10,51.06464270301779,46.816820942717435
2025010515_3237_48103_11,51.066161186972934,46.8160674553976
2025010515_3237_48103_12,51.06767967091369,46.819312644269885
2025010515_3237_48103_13,51.06919815486883,46.81855915695004
2025010515_3237_48103_14,51.070716638823974,46.81780566963021
2025010515_3237_48103_15,51.072235122764724,46.81705218231038
2025010515_3237_48103_16,51.07375360671987,46.81629869499054
2025010515_3237_48103_2,51.059848179289745,46.75599384240984
2025010515_3237_48103_3,51.060730923068114,46.80830137925908
2025010515_3237_48103_4,51.06184181207144,46.81344308797875
2025010515_3237_48103_5,51.06336029601219,46.82013622393401
2025010515_3237_48103_6,51.06487877996733,46.817006147027136
2025010515_3237_48103_7,51.06989069842213,46.81700954409793
2025010515_3237_48103_8,51.071409182377266,46.815357072497015
2025010515_3237_48103_9,51.06312421907705,46.81757443003727
2025010515_3237_53074_1,51.340758940324434,47.898309625518884
2025010515_3237_53074_10,51.558748367947935,48.11703842561494
2025010515_3237_53074_11,51.56026685190307,48.11628493829511
2025010515_3237_53074_12,51.56178533585102,48.11506833786078
2025010515_3237_53074_13,51.563303819798975,48.114314850540936
2025010515_3237_53074_14,51.564822303746915,48.1135613632211
2025010515_3237_53074_15,51.566340787694855,48.11280787590127
2025010515_3237_53074_16,51.56785927165,48.112054388581434
2025010515_3237_53074_2,51.45507980271727,47.990145388573964
2025010515_3237_53074_3,51.52151840226708,48.06855151168349
2025010515_3237_53074_4,51.53262242674636,48.079089927504484
2025010515_3237_53074_5,51.54723019216207,48.0842317449665
2025010515_3237_53074_6,51.55689622734939,48.10327804905434
2025010515_3237_53074_7,51.57169462968174,48.11496079143673
2025010515_3237_53074_8,51.57321311362969,48.119925168102895
2025010515_3237_53074_9,51.55722988399999,48.11779191293478
2025010515_3290_46122_1,80.50711896870969,32.912288186383904
2025010515_3290_46122_10,80.70006860510115,33.08863704240837
2025010515_3290_46122_11,80.7015870890491,33.08788355508854
2025010515_3290_46122_12,80.70310557300422,33.087130067768705
2025010515_3290_46122_13,80.70462405695218,33.09037525664098
2025010515_3290_46122_14,80.70614254090013,33.08962176932115
2025010515_3290_46122_15,80.70766102484808,33.088868282001314
2025010515_3290_46122_16,80.70917950879603,33.08811479468148
2025010515_3290_46122_17,80.71069799275115,33.08736130736165
2025010515_3290_46122_18,80.71221647669911,33.08660782004181
2025010515_3290_46122_2,80.57635493177189,32.9656554575858
2025010515_3290_46122_3,80.66161858830979,33.03298606401852
2025010515_3290_46122_4,80.67623387370566,33.05065803859475
2025010515_3290_46122_5,80.67832219711339,33.060894231980754
2025010515_3290_46122_6,80.6868499606321,33.06800630491876
2025010515_3290_46122_7,80.69421720070174,33.07940508369347
2025010515_3290_46122_8,80.70530236421298,33.08713856755141
2025010515_3290_46122_9,80.70967658167538,33.08548609595049
2025010515_3290_48103_1,67.52514674354278,43.004831204364855
2025010515_3290_48103_10,67.7755858835857,43.256821170061706
2025010515_3290_48103_11,67.77710436754084,43.256067682741865
2025010515_3290_48103_12,67.77862285148878,43.25531419542203
2025010515_3290_48103_13,67.78014133543674,43.25855938429431
2025010515_3290_48103_14,67.78165981938469,43.257805896974475
2025010515_3290_48103_15,67.78317830333263,43.25705240965464
2025010515_3290_48103_16,67.78469678728776,43.2562989223348
2025010515_3290_48103_17,67.7862152712357,43.255545435014966
2025010515_3290_48103_18,67.78773375518367,43.25479194769514
2025010515_3290_48103_2,67.63207649631664,43.08734673558898
2025010515_3290_48103_3,67.7315803093471,43.169950303364736
2025010515_3290_48103_4,67.74456709479132,43.20624967369011
2025010515_3290_48103_5,67.75016790845585,43.21494292075869
2025010515_3290_48103_6,67.75843650534217,43.22361441114742
2025010515_3290_48103_7,67.76419442540026,43.245258271782085
2025010515_3290_48103_8,67.78405400304547,43.25474325160997
2025010515_3290_48103_9,67.79151712178907,43.25970762827614
2025010515_3290_53074_1,66.77034749483353,44.220996487678214
2025010515_3290_53074_10,67.0119575597654,44.50493519547796
2025010515_3290_53074_11,67.01347604371337,44.50418170815813
2025010515_3290_53074_12,67.01499452766132,44.503428220838295
2025010515_3290_53074_13,67.01651301161645,44.50667340971058
2025010515_3290_53074_14,67.0180314955572,44.505919922390746
2025010515_3290_53074_15,67.01954997951233,44.50516643507091
2025010515_3290_53074_16,67.0210684634603,44.50441294775108
2025010515_3290_53074_17,67.02258694740823,44.503659460431244
2025010515_3290_53074_18,67.02410543136337,44.50290597311141
2025010515_3290_53074_2,66.87311924422224,44.330894687532734
2025010515_3290_53074_3,66.96219601762948,44.41929444862644
2025010515_3290_53074_4,66.97761558689018,44.442255504016956
2025010515_3290_53074_5,66.98734670483036,44.45279391983795
2025010515_3290_53074_6,67.00094430936676,44.458750726724006
2025010515_3290_53074_7,67.00670222942486,44.48021420148735
2025010515_3290_53074_8,67.02637031402084,44.50285727702623
2025010515_3290_53074_9,67.02788879796158,44.5078216536924
2025010515_3504_47788_1,38.24163686813134,37.611407953584695
2025010515_3504_47788_10,38.34482213736623,37.88145160634171
2025010515_3504_47788_11,38.34919635483582,37.88069811902188
2025010515_3504_47788_12,38.340771316072164,37.886915625291984
2025010515_3504_47788_13,38.34228980002012,37.88722529048477
2025010515_3504_47788_14,38.343808283968066,37.88647180316494
2025010515_3504_47788_15,38.345326767916006,37.88741467930424
2025010515_3504_47788_16,38.346845251871144,37.88666119198441
2025010515_3504_47788_17,38.34836373581909,37.885907704664575
2025010515_3504_47788_18,38.34988221976704,37.88515421734474
2025010515_3504_47788_2,38.274596655648004,37.66563918700685
2025010515_3504_47788_3,38.314588347891906,37.742576226601926
2025010515_3504_47788_4,38.31211792355321,37.77069638479764
2025010515_3504_47788_5,38.321457431427376,37.79742160448462
2025010515_3504_47788_6,38.32677128924081,37.80673396879695
2025010515_3504_47788_7,38.327562401743755,37.816337823703954
2025010515_3504_47788_8,38.33471702383397,37.8236216371664
2025010515_3504_47788_9,38.340284986525546,37.86250957339726
2025010515_3504_48103_1,40.484127565376475,42.78364500472299
2025010515_3504_48103_10,40.73496926837767,43.059700479180385
2025010515_3504_48103_11,40.736487752325615,43.06466485584655
2025010515_3504_48103_12,40.71733651401819,43.06977943136066
2025010515_3504_48103_13,40.71885499797334,43.06902594404082
2025010515_3504_48103_14,40.72037348192128,43.06827245672098
2025010515_3504_48103_15,40.72189196586923,43.07151764559327
2025010515_3504_48103_16,40.72341044981717,43.070764158273434
2025010515_3504_48103_17,40.72492893376512,43.0700106709536
2025010515_3504_48103_18,40.72644741772026,43.069257183633766
2025010515_3504_48103_2,40.562441730073665,42.85601156903644
2025010515_3504_48103_3,40.624229027458256,42.93246162420758
2025010515_3504_48103_4,40.67306704788133,42.96146736649097
2025010515_3504_48103_5,40.70125317906557,42.97435877866959
2025010515_3504_48103_6,40.69740670055727,43.00128486308673
2025010515_3504_48103_7,40.70674682688159,43.01322218974643
2025010515_3504_48103_8,40.714756257128336,43.021893680135165
2025010515_3504_48103_9,40.72051417718642,43.0502154993525
2025010515_3504_54718_1,56.42445875060098,30.444000275162495
2025010515_3504_54718_10,56.61477543763646,30.425783058613675
2025010515_3504_54718_11,56.61914965510604,30.424188678471864
2025010515_3504_54718_12,56.60557981945268,30.43757523465591
2025010515_3504_54718_13,56.607098303400626,30.436821747336076
2025010515_3504_54718_14,56.60861678734857,30.436068260016242
2025010515_3504_54718_15,56.610135271296514,30.436962910545056
2025010515_3504_54718_16,56.61165375525166,30.436209423225222
2025010515_3504_54718_17,56.613172239199606,30.435455935905388
2025010515_3504_54718_18,56.614690723147554,30.434702448585554
2025010515_3504_54718_2,56.482790709970374,30.43845944081142
2025010515_3504_54718_3,56.54358514264384,30.43477395269248
2025010515_3504_54718_4,56.57235387215218,30.440449293925806
2025010515_3504_54718_5,56.588241528583794,30.43110937527727
2025010515_3504_54718_6,56.58790069891789,30.422991006307488
2025010515_3504_54718_7,56.59273289948333,30.427303676288005
2025010515_3504_54718_8,56.6012599267332,30.42916688850542
2025010515_3504_54718_9,56.61023828679577,30.419522480615118
2025010515_3504_55112_1,40.019735560480264,43.60694630796688
2025010515_3504_55112_10,40.35666462595979,43.864083266955284
2025010515_3504_55112_11,40.358183109914926,43.86904764362145
2025010515_3504_55112_12,40.34219988027804,43.86762415163676
2025010515_3504_55112_13,40.34371836423318,43.86687066431693
2025010515_3504_55112_14,40.34523684817394,43.86611717699709
2025010515_3504_55112_15,40.34675533212907,43.867060053136406
2025010515_3504_55112_16,40.348273816084216,43.86630656581657
2025010515_3504_55112_17,40.349792300024966,43.86555307849674
2025010515_3504_55112_18,40.35131078398011,43.864799591176904
2025010515_3504_55112_2,40.14245194194928,43.66148361143797
2025010515_3504_55112_3,40.226672227030676,43.73177744832174
2025010515_3504_55112_4,40.27646297935459,43.764616558014225
2025010515_3504_55112_5,40.31642525509433,43.77987175092588
2025010515_3504_55112_6,40.31302348298617,43.802875739012855
2025010515_3504_55112_7,40.32150053814644,43.81443008586818
2025010515_3504_55112_8,40.33610830356935,43.82605868282765
2025010515_3504_55112_9,40.34186622362024,43.85194771922247
2025010515_3527_46122_1,44.31020507296949,39.557349621562366
2025010515_3527_46122_10,44.31958980914131,39.791459103264415
2025010515_3527_46122_11,44.328103526249606,39.81213890818034
2025010515_3527_46122_12,44.328810155967034,39.82077568519019
2025010515_3527_46122_13,44.33032863992217,39.82718020375137
2025010515_3527_46122_14,44.33184712386292,39.84902942742727
2025010515_3527_46122_15,44.336764595750616,39.866739196063364
2025010515_3527_46122_16,44.338283079705754,39.86598570874353
2025010515_3527_46122_17,44.33505588381757,39.86430084131266
2025010515_3527_46122_2,44.316655103954936,39.624272248109676
2025010515_3527_46122_3,44.303682431287825,39.68090521240797
2025010515_3527_46122_4,44.30390140626173,39.687949132534754
2025010515_3527_46122_5,44.309519624349996,39.69741338273252
2025010515_3527_46122_6,44.311221049467825,39.72321705201889
2025010515_3527_46122_7,44.31014880783867,39.733689352165925
2025010515_3527_46122_8,44.31460247356281,39.76072717964301
2025010515_3527_46122_9,44.31252461173945,39.77993131381681
2025010515_3527_48103_1,46.20418222764308,42.054082924320866
2025010515_3527_48103_10,46.54390736996651,42.028383120924424
2025010515_3527_48103_11,46.53855595790331,42.02181640088758
2025010515_3527_48103_12,46.5438663850937,42.01639792461616
2025010515_3527_48103_13,46.546116720290954,42.01749026333456
2025010515_3527_48103_14,46.55187464035623,42.02331829709219
2025010515_3527_48103_15,46.57192203898162,42.02096563380305
2025010515_3527_48103_16,46.57629625644401,42.02503102618813
2025010515_3527_48103_17,46.55606207626815,42.01730286393405
2025010515_3527_48103_2,46.28862092277963,42.04656483209283
2025010515_3527_48103_3,46.366294700681756,42.03915554442735
2025010515_3527_48103_4,46.39288124448953,42.03869600779707
2025010515_3527_48103_5,46.42033097319083,42.0407646729154
2025010515_3527_48103_6,46.45378669865605,42.04012263922195
2025010515_3527_48103_7,46.4778433845253,42.04006032740891
2025010515_3527_48103_8,46.4888265433808,42.042612471301034
2025010515_3527_48103_9,46.52639810341613,42.0327209565133
2025010515_3527_56012_1,43.27456612109883,38.86069580525485
2025010515_3527_56012_10,43.4999225990245,39.19714554127325
2025010515_3527_56012_11,43.51349990954311,39.20793718331094
2025010515_3527_56012_12,43.516706415215765,39.21706809347372
2025010515_3527_56012_13,43.528520146667724,39.23090009231956
2025010515_3527_56012_14,43.531676828841874,39.25458805584406
2025010515_3527_56012_15,43.54817306741414,39.26329049514584
2025010515_3527_56012_16,43.55563544989607,39.262537007826005
2025010515_3527_56012_17,43.546622712569466,39.26623058443553
2025010515_3527_56012_2,43.34380315470066,38.929183119123195
2025010515_3527_56012_3,43.41052581148724,38.99797101714033
2025010515_3527_56012_4,43.429496636774886,39.029570782483525
2025010515_3527_56012_5,43.45050304045837,39.05253495858925
2025010515_3527_56012_6,43.4504072568619,39.06787503023427
2025010515_3527_56012_7,43.47095891120919,39.08633804057268
2025010515_3527_56012_8,43.4816983650712,39.111294727353
2025010515_3527_56012_9,43.496981396680354,39.1536667643534
2025010515_358_43366_1,110.26882211095476,38.20184023310813
2025010515_358_43366_10,110.22208257698541,38.474621378038506
2025010515_358_43366_11,110.22225643885518,38.50669476596688
2025010515_358_43366_2,110.25065538295149,38.24892814769109
2025010515_358_43366_3,110.22503076902586,38.31115115023753
2025010515_358_43366_4,110.21679216229248,38.32211684183687
2025010515_358_43366_5,110.22096466362818,38.34776010227158
2025010515_358_43366_6,110.22255690843735,38.39318628325518
2025010515_358_43366_7,110.22331758185612,38.43079934319994
2025010515_358_43366_8,110.22182030843061,38.451652578878985
2025010515_358_43366_9,110.22056409303748,38.466512397060704
2025010515_358_44872_1,110.39922254109031,43.95959337890014
2025010515_358_44872_10,110.50730301061509,44.36652681731412
2025010515_358_44872_11,110.51111259953404,44.397611511901246
2025010515_358_44872_2,110.43316354682602,44.05764113299342
2025010515_358_44872_3,110.46026558337603,44.19288688757973
2025010515_358_44872_4,110.47130415490454,44.216795577722046
2025010515_358_44872_5,110.4883131156939,44.24816015883033
2025010515_358_44872_6,110.48231814623195,44.2917165804568
2025010515_358_44872_7,110.48818434036485,44.32053324745263
2025010515_358_44872_8,110.49610717152848,44.3430944693848
2025010515_358_44872_9,110.5005481825136,44.35332733362786
2025010515_358_53518_1,114.22858160532455,42.54294816175244
2025010515_358_53518_10,114.39295237821204,43.03489886470857
2025010515_358_53518_11,114.39676196713101,43.069485368306154
2025010515_358_53518_2,114.2882746418215,42.65693523085804
2025010515_358_53518_3,114.3408335511531,42.79526784090639
2025010515_358_53518_4,114.35989745328982,42.83560788603604
2025010515_358_53518_5,114.37511139058884,42.88279572387658
2025010515_358_53518_6,114.38270185903707,42.92040225042399
2025010515_358_53518_7,114.38498892112517,42.96149628183889
2025010515_358_53518_8,114.38459767155425,43.003739366402755
2025010515_358_53518_9,114.38382676437699,43.03206009624839
2025010515_3636_44872_1,55.48416932242455,32.107002766455096
2025010515_3636_44872_10,55.18506478895487,32.02878713035533
2025010515_3636_44872_11,55.17636470490605,32.029562392053734
2025010515_3636_44872_2,55.38080661996435,32.07835114999724
2025010515_3636_44872_3,55.281158345112814,32.06489977072461
2025010515_3636_44872_4,55.265422278902356,32.06003414946782
2025010515_3636_44872_5,55.23841324494538,32.04967509334857
2025010515_3636_44872_6,55.215124940072606,32.04518176125162
2025010515_3636_44872_7,55.187084070322335,32.03770275783337
2025010515_3636_44872_8,55.189927273171065,32.0275603805403
2025010515_3636_44872_9,55.1914457571262,32.02741946891405
2025010515_3636_54500_1,58.60747545370875,33.64652971784516
2025010515_3636_54500_10,58.592635108336374,33.95078096355795
2025010515_3636_54500_11,58.59536906820435,33.978061052898205
2025010515_3636_54500_2,58.59649124439924,33.724279245710946
2025010515_3636_54500_3,58.58617319008015,33.79038885624492
2025010515_3636_54500_4,58.586168011565924,33.81249622476706
2025010515_3636_54500_5,58.58409014975336,33.84917344645755
2025010515_3636_54500_6,58.58637023821325,33.883471249381074
2025010515_3636_54500_7,58.58983020584591,33.89742811206869
2025010515_3636_54500_8,58.589598140436884,33.910447258094216
2025010515_3636_54500_9,58.591116624384824,33.91827645690427
2025010515_3636_54509_1,59.28253403126666,34.21335136345138
2025010515_3636_54509_10,59.13444706882677,34.55173210182667
2025010515_3636_54509_11,59.130491813063344,34.56574458218415
2025010515_3636_54509_2,59.224504023312164,34.301598970533846
2025010515_3636_54509_3,59.17257612425073,34.38457053739879
2025010515_3636_54509_4,59.16732543604806,34.40667790592093
2025010515_3636_54509_5,59.14937677969135,34.44815523789545
2025010515_3636_54509_6,59.13886399398665,34.48309307747456
2025010515_3636_54509_7,59.13142993542437,34.500501539206994
2025010515_3636_54509_8,59.132683043253024,34.516814752123246
2025010515_3636_54509_9,59.13420152720097,34.52007540264164
2025010515_3711_42771_1,25.69363951857054,27.538891178987008
2025010515_3711_42771_2,25.736907088850344,27.53237736270634
2025010515_3711_42771_3,25.79410225806215,27.51604979509238
2025010515_3711_42771_4,25.80610814304347,27.50880933871389
2025010515_3711_42771_5,25.810552806298674,27.480323330035855
2025010515_3711_42771_6,25.834652745641154,27.47489982976994
2025010515_3711_42771_7,25.843783452038664,27.468161429098327
2025010515_3711_42771_8,25.843456300765556,27.458928928400585
2025010515_3711_42771_9,25.85208972680061,27.442052486475433
2025010515_3711_47788_1,21.827358591033803,38.93070751996734
2025010515_3711_47788_2,21.816752553700244,38.963974403926144
2025010515_3711_47788_3,21.796965393605838,38.99338334104213
2025010515_3711_47788_4,21.78970292739479,38.99656187602508
2025010515_3711_47788_5,21.79332898719133,39.006618711946764
2025010515_3711_47788_6,21.789937380947272,39.01313245543314
2025010515_3711_47788_7,21.78411955741708,39.02992244756108
2025010515_3711_47788_8,21.784855341465807,39.03834379939822
2025010515_3711_47788_9,21.7875861383937,39.04677884808424
2025010515_3711_48103_1,25.7061052341453,40.859485215828265
2025010515_3711_48103_2,25.794702866964343,40.84602985690418
2025010515_3711_48103_3,25.886682698480538,40.82895600918461
2025010515_3711_48103_4,25.90815249810835,40.822566201053036
2025010515_3711_48103_5,25.945094384975235,40.812904631885445
2025010515_3711_48103_6,25.972274851602705,40.80715334012047
2025010515_3711_48103_7,25.9867800566408,40.79859110749729
2025010515_3711_48103_8,26.015549522425207,40.78717609016843
2025010515_3711_48103_9,26.03253051606677,40.77903072130867
2025010515_3711_57791_1,24.88522183898197,39.42127860287706
2025010515_3711_57791_2,24.95342290714714,39.4031553801844
2025010515_3711_57791_3,25.03093367384403,39.365840700596955
2025010515_3711_57791_4,25.05516364458923,39.34510068050838
2025010515_3711_57791_5,25.0794497766825,39.3263307773667
2025010515_3711_57791_6,25.10246593447862,39.31554760420531
2025010515_3711_57791_7,25.11637547138037,39.297606461714906
2025010515_3711_57791_8,25.14514493716117,39.27157954507909
2025010515_3711_57791_9,25.162595302202565,39.2516265034342
2025010515_3758_48103_1,39.764055471902026,46.41917002242649
2025010515_3758_48103_2,39.83987977689791,46.43551657831946
2025010515_3758_48103_3,39.89635647780258,46.43078952207863
2025010515_3758_48103_4,39.90459101076771,46.42889922142955
2025010515_3758_48103_5,39.910599768977185,46.43155789909378
2025010515_3758_48103_6,39.91502136105168,46.42952551275983
2025010515_3758_48103_7,39.92077928111157,46.43083253073556
2025010515_3758_48103_8,39.92086591505883,46.43140274155576
2025010515_3758_48103_9,39.92238439900678,46.43546813394084
2025010515_3758_48364_1,41.21218095769918,36.16330157797547
2025010515_3758_48364_2,41.26952632274502,36.178045130547716
2025010515_3758_48364_3,41.30729838318008,36.188134945500714
2025010515_3758_48364_4,41.32749366785396,36.18465168683843
2025010515_3758_48364_5,41.33230937191245,36.188965093087816
2025010515_3758_48364_6,41.33378809734183,36.187169785327576
2025010515_3758_48364_7,41.335300691138876,36.186369651735575
2025010515_3758_48364_8,41.343601648404544,36.1926298615997
2025010515_3758_48364_9,41.347975865866935,36.190977389998785
2025010515_3758_53074_1,38.09794272176538,43.85621242682795
2025010515_3758_53074_2,38.13867359513421,43.786732576196854
2025010515_3758_53074_3,38.171810235919004,43.705895731304494
2025010515_3758_53074_4,38.18251849030556,43.6793168809601
2025010515_3758_53074_5,38.19144124148046,43.668895939350016
2025010515_3758_53074_6,38.19949116650744,43.66825331034902
2025010515_3758_53074_7,38.201003760311686,43.6677374045369
2025010515_3758_53074_8,38.214123136309084,43.66846643333025
2025010515_3758_53074_9,38.21849735377148,43.67253182571533
2025010515_3832_48103_1,51.929184191153205,45.3665410701436
2025010515_3832_48103_2,51.979707487202695,45.35607672567231
2025010515_3832_48103_3,52.02090845128749,45.35561551291518
2025010515_3832_48103_4,52.03065280943848,45.34407472664821
2025010515_3832_48103_5,52.036586800245736,45.337267547722846
2025010515_3832_48103_6,52.041958258187485,45.339926225387075
2025010515_3832_48103_7,52.04785606932945,45.33750877043804
2025010515_3832_48103_8,52.05733214714305,45.333768862580534
2025010515_3832_48364_1,52.85166696055738,32.66764335241009
2025010515_3832_48364_2,52.89789339152544,32.67200626869737
2025010515_3832_48364_3,52.93536883516611,32.69819016548565
2025010515_3832_48364_4,52.94745947408229,32.7078515567263
2025010515_3832_48364_5,52.956990874558784,32.71017614396137
2025010515_3832_48364_6,52.96417576270164,32.717590218797504
2025010515_3832_48364_7,52.96565448813101,32.7162867386374
2025010515_3832_48364_8,52.971075197050084,32.71879539731337
2025010515_3832_53074_1,49.73668224961863,41.69086649360422
2025010515_3832_53074_2,49.776855064002696,41.63427658646796
2025010515_3832_53074_3,49.8075675269598,41.55285606181315
2025010515_3832_53074_4,49.819710649064746,41.52493125980567
2025010515_3832_53074_5,49.82603746132368,41.50449841701456
2025010515_3832_53074_6,49.830479208577685,41.49464498327212
2025010515_3832_53074_7,49.840441223840514,41.49177325043494
2025010515_3832_53074_8,49.84586193276679,41.49114248668025
2025010515_3902_42771_1,75.11309025407742,27.504231732330144
2025010515_3902_42771_10,75.13491614556318,27.67463393586847
2025010515_3902_42771_11,75.14703030180456,27.686377072951025
2025010515_3902_42771_12,75.14327941266055,27.692600310568956
2025010515_3902_42771_13,75.13836017392384,27.696064180235407
2025010515_3902_42771_14,75.14137554232752,27.709093317626543
2025010515_3902_42771_15,75.15054825047169,27.72651233894813
2025010515_3902_42771_16,75.15345773037724,27.753784064870803
2025010515_3902_42771_17,75.15795136954489,27.785550298392543
2025010515_3902_42771_18,75.16374388337329,27.79683484872528
2025010515_3902_42771_19,75.1664707890889,27.80597801569152
2025010515_3902_42771_2,75.11673360996967,27.55691436743713
2025010515_3902_42771_20,75.17092371854417,27.823476341134555
2025010515_3902_42771_21,75.16930935757073,27.842814829274435
2025010515_3902_42771_22,75.17427794557028,27.87881486125923
2025010515_3902_42771_23,75.17821448795748,27.88738929401354
2025010515_3902_42771_24,75.18035143775708,27.889345535499707
2025010515_3902_42771_25,75.18186992171225,27.888668988276002
2025010515_3902_42771_26,75.1856854007749,27.91972521227035
2025010515_3902_42771_27,75.19348804224056,27.928002271347715
2025010515_3902_42771_28,75.19500652618132,27.925698288273164
2025010515_3902_42771_29,75.19256698980705,27.924041030924638
2025010515_3902_42771_3,75.12261964080263,27.61227109186132
2025010515_3902_42771_30,75.1940854737622,27.9232875436048
2025010515_3902_42771_4,75.12926255604063,27.613277655257235
2025010515_3902_42771_5,75.13738227300863,27.626960466196238
2025010515_3902_42771_6,75.13345417468571,27.631644410560433
2025010515_3902_42771_7,75.12622752157884,27.64424431440918
2025010515_3902_42771_8,75.13237193365329,27.658765054157477
2025010515_3902_42771_9,75.1341227768063,27.66385643720242
2025010515_3902_46122_1,77.39304270892593,34.83911549888568
2025010515_3902_46122_10,77.41323930934514,34.988997087014305
2025010515_3902_46122_11,77.43469034805419,34.99476725686882
2025010515_3902_46122_12,77.43093945891019,34.994013769548985
2025010515_3902_46122_13,77.42602022018785,35.00278547762376
2025010515_3902_46122_14,77.43123997755141,35.01449693807171
2025010515_3902_46122_15,77.44074204816854,35.03273822682767
2025010515_3902_46122_16,77.44202787673856,35.04227458100975
2025010515_3902_46122_17,77.4484667382409,35.04471615586579
2025010515_3902_46122_18,77.45450820877916,35.05930686628568
2025010515_3902_46122_19,77.45723511448038,35.06683331316324
2025010515_3902_46122_2,77.40775513089666,34.88323707850615
2025010515_3902_46122_20,77.46499324516917,35.08387323909798
2025010515_3902_46122_21,77.46337888421012,35.09878199280395
2025010515_3902_46122_22,77.462258528717,35.1127683963585
2025010515_3902_46122_23,77.46988377811958,35.12841228393121
2025010515_3902_46122_24,77.47422364434135,35.14193518151932
2025010515_3902_46122_25,77.47564346825453,35.15077527747757
2025010515_3902_46122_26,77.47945894733157,35.181741718477525
2025010515_3902_46122_27,77.48726158879724,35.190413233735946
2025010515_3902_46122_28,77.48878007275238,35.19457507734201
2025010515_3902_46122_29,77.48295557140443,35.19291818812792
2025010515_3902_46122_3,77.41323032371876,34.945986394742356
2025010515_3902_46122_30,77.48447405534519,35.192164700808085
2025010515_3902_46122_4,77.41987323894236,34.94699259000384
2025010515_3902_46122_5,77.42799295589597,34.95500708074432
2025010515_3902_46122_6,77.42455521264985,34.963991829468064
2025010515_3902_46122_7,77.41149436507672,34.97198184347898
2025010515_3902_46122_8,77.4117015050585,34.99159548845918
2025010515_3902_46122_9,77.41262667050701,34.98637420979157
2025010515_3902_47788_1,72.84080128861032,43.28780440541116
2025010515_3902_47788_10,72.85922963329426,43.32820848612478
2025010515_3902_47788_11,72.85895910376402,43.329497529805025
2025010515_3902_47788_12,72.8582113139844,43.330578824490466
2025010515_3902_47788_13,72.8526986425589,43.33521643082008
2025010515_3902_47788_14,72.85114803848239,43.32592097890712
2025010515_3902_47788_15,72.8532801681834,43.331852821647445
2025010515_3902_47788_16,72.8518318973809,43.33625622759195
2025010515_3902_47788_17,72.85344263842008,43.32389032796609
2025010515_3902_47788_18,72.85524024910785,43.31655246170501
2025010515_3902_47788_19,72.85635502997195,43.31655077926184
2025010515_3902_47788_2,72.85551371055227,43.301015099671375
2025010515_3902_47788_20,72.85394643030924,43.31975989764139
2025010515_3902_47788_21,72.85511494289896,43.320881221316206
2025010515_3902_47788_22,72.86303817836757,43.31182301990327
2025010515_3902_47788_23,72.86473904818929,43.3088906222583
2025010515_3902_47788_24,72.86917566703445,43.307376460461185
2025010515_3902_47788_25,72.87069415098959,43.30534186532064
2025010515_3902_47788_26,72.87221263494473,43.30515772879395
2025010515_3902_47788_27,72.87646665054258,43.30440424147412
2025010515_3902_47788_28,72.87798513449772,43.297072928136906
2025010515_3902_47788_29,72.87430459351826,43.30354002955138
2025010515_3902_47788_3,72.86198875648962,43.31484841745929
2025010515_3902_47788_30,72.87582307747338,43.30278654223154
2025010515_3902_47788_4,72.85304044229578,43.31931065876124
2025010515_3902_47788_5,72.86696344707143,43.3303034895439
2025010515_3902_47788_6,72.85374457358328,43.32494811491985
2025010515_3902_47788_7,72.85819635265774,43.329432642446875
2025010515_3902_47788_8,72.8579634369289,43.32807951375676
2025010515_3902_47788_9,72.85323853039294,43.3282926355631
2025010515_3902_48000_1,81.37750725508276,13.896286423286261
2025010515_3902_48000_10,81.55259868095852,13.903169528804465
2025010515_3902_48000_11,81.57944829799351,13.908531704097092
2025010515_3902_48000_12,81.60318168175924,13.909602668550805
2025010515_3902_48000_13,81.65792811414613,13.912758118766169
2025010515_3902_48000_14,81.67267012091887,13.903958754153718
2025010515_3902_48000_15,81.69637931771553,13.904672175193495
2025010515_3902_48000_16,81.7375115186575,13.905717798102211
2025010515_3902_48000_17,81.75992258744822,13.897967572868474
2025010515_3902_48000_18,81.78135108022522,13.889983413236095
2025010515_3902_48000_19,81.80632147575999,13.891547385281063
2025010515_3902_48000_2,81.39835426920125,13.90474890226439
2025010515_3902_48000_20,81.82334182398486,13.889013146084153
2025010515_3902_48000_21,81.84766388607665,13.893542629861557
2025010515_3902_48000_22,81.87287236496819,13.896042897128728
2025010515_3902_48000_23,81.87491601105447,13.883608773151007
2025010515_3902_48000_24,81.87350312754222,13.870601168057918
2025010515_3902_48000_25,81.88689910077247,13.870551369703396
2025010515_3902_48000_26,81.89196934572021,13.858983802731418
2025010515_3902_48000_27,81.90697102140358,13.861588253626127
2025010515_3902_48000_28,81.91443414015437,13.856136330924134
2025010515_3902_48000_29,81.90080812563383,13.860526233810349
2025010515_3902_48000_3,81.40825156846942,13.905991667621393
2025010515_3902_48000_30,81.90232660957459,13.859772746490513
2025010515_3902_48000_4,81.42649582242875,13.903238290003857
2025010515_3902_48000_5,81.43991914636334,13.893431686022103
2025010515_3902_48000_6,81.45943664178166,13.897671001943436
2025010515_3902_48000_7,81.47620472640206,13.907481956766954
2025010515_3902_48000_8,81.49996549954633,13.907085252021735
2025010515_3902_48000_9,81.52673980423752,13.904487043066965
2025010515_3902_48103_1,82.8749669659156,39.367959666450055
2025010515_3902_48103_10,83.1258935807049,39.23696992915131
2025010515_3902_48103_11,83.16406344760516,39.23479234315773
2025010515_3902_48103_12,83.18559096987332,39.23363659078227
2025010515_3902_48103_13,83.2296110217122,39.214636512862555
2025010515_3902_48103_14,83.24759261147985,39.19756195521382
2025010515_3902_48103_15,83.26599735935149,39.18428771830202
2025010515_3902_48103_16,83.31048373057124,39.1801814419959
2025010515_3902_48103_17,83.34083992724192,39.16711951193755
2025010515_3902_48103_18,83.36226842000451,39.14569438252433
2025010515_3902_48103_19,83.3878163799965,39.13154793319915
2025010515_3902_48103_2,82.89144345774257,39.33217070714072
2025010515_3902_48103_20,83.40708382080405,39.11437967071187
2025010515_3902_48103_21,83.45505491300553,39.088327874327874
2025010515_3902_48103_22,83.49000953343297,39.07635044851728
2025010515_3902_48103_23,83.49061156507213,39.06560040637543
2025010515_3902_48103_24,83.50187271410897,39.05102601668678
2025010515_3902_48103_25,83.50748338040178,39.05368605840301
2025010515_3902_48103_26,83.51324130045266,39.04798106445139
2025010515_3902_48103_27,83.52769786418882,39.051007468196815
2025010515_3902_48103_28,83.52921634812958,39.04432480772745
2025010515_3902_48103_29,83.51220536864976,39.04672255113901
2025010515_3902_48103_3,82.92362178938917,39.29932535574386
2025010515_3902_48103_30,83.51372385260491,39.04596906381918
2025010515_3902_48103_4,82.9530004119605,39.30315661463068
2025010515_3902_48103_5,82.97703069714687,39.29405514566845
2025010515_3902_48103_6,83.00078207336395,39.27570204010938
2025010515_3902_48103_7,83.01685509649984,39.25878590395925
2025010515_3902_48103_8,83.06199627800477,39.24544657449706
2025010515_3902_48103_9,83.09351044617298,39.237095396092286
2025010515_3902_52991_1,73.44671346531557,19.340911994772576
2025010515_3902_52991_10,73.50075226214076,19.482570673682496
2025010515_3902_52991_11,73.51829290391615,19.491663911247645
2025010515_3902_52991_12,73.5181797270871,19.497887148865576
2025010515_3902_52991_13,73.53162173848253,19.50537031025229
2025010515_3902_52991_14,73.5431727540235,19.522045895145265
2025010515_3902_52991_15,73.54972227878552,19.539464916466848
2025010515_3902_52991_16,73.55859816259931,19.553849341599758
2025010515_3902_52991_17,73.56464289186007,19.580112517854083
2025010515_3902_52991_18,73.58182084656546,19.593668968309927
2025010515_3902_52991_19,73.5956235303192,19.60745740208962
2025010515_3902_52991_2,73.46164676794504,19.367214059258835
2025010515_3902_52991_20,73.60668343868895,19.62184609599198
2025010515_3902_52991_21,73.6011965208279,19.624875782630085
2025010515_3902_52991_22,73.61192797960763,19.641682026557785
2025010515_3902_52991_23,73.61855708639038,19.655268265984905
2025010515_3902_52991_24,73.6189427284738,19.65369825649658
2025010515_3902_52991_25,73.62578443629025,19.658513656076803
2025010515_3902_52991_26,73.63135239898902,19.680104560986553
2025010515_3902_52991_27,73.63588881356804,19.684415973415977
2025010515_3902_52991_28,73.64026303103763,19.688162073545698
2025010515_3902_52991_29,73.6294768024941,19.68650481619717
2025010515_3902_52991_3,73.4694552867376,19.423676386833193
2025010515_3902_52991_30,73.63099528643484,19.685751328877338
2025010515_3902_52991_4,73.47836591005762,19.424682950229112
2025010515_3902_52991_5,73.48825267228119,19.44288645198372
2025010515_3902_52991_6,73.48751556322264,19.446551910162718
2025010515_3902_52991_7,73.48674157042653,19.455398204860693
2025010515_3902_52991_8,73.48994070789193,19.474474410081314
2025010515_3902_52991_9,73.49623447315876,19.47630161982207
2025010515_3902_54718_1,91.93385792820999,27.44254124872398
2025010515_3902_54718_10,92.0589630179117,27.62633747620827
2025010515_3902_54718_11,92.0793434200962,27.638553795943217
2025010515_3902_54718_12,92.07898831457759,27.641675869112397
2025010515_3902_54718_13,92.10822118781849,27.645293874686317
2025010515_3902_54718_14,92.128944541981,27.656651681759634
2025010515_3902_54718_15,92.14616706303181,27.669236361730192
2025010515_3902_54718_16,92.1622802055276,27.687021602474513
2025010515_3902_54718_17,92.19901744667274,27.710054236151706
2025010515_3902_54718_18,92.20114684303859,27.730214418467362
2025010515_3902_54718_19,92.21858349027131,27.73881531786554
2025010515_3902_54718_2,91.94932428948151,27.499046902306937
2025010515_3902_54718_20,92.23514932495087,27.754960205803503
2025010515_3902_54718_21,92.25840925775377,27.776501619586195
2025010515_3902_54718_22,92.27253790621717,27.806321166808857
2025010515_3902_54718_23,92.28115406543252,27.81248709341695
2025010515_3902_54718_24,92.2856072844337,27.820334830613074
2025010515_3902_54718_25,92.29614064432663,27.826972746403655
2025010515_3902_54718_26,92.3035078843963,27.847490017900494
2025010515_3902_54718_27,92.32314936594076,27.861445918714153
2025010515_3902_54718_28,92.3246678498959,27.862872609965777
2025010515_3902_54718_29,92.30818103684075,27.863318504622914
2025010515_3902_54718_3,91.97104918464923,27.561796954812003
2025010515_3902_54718_30,92.3096995207815,27.862565017303076
2025010515_3902_54718_4,91.98829731658233,27.559438769506396
2025010515_3902_54718_5,91.99636549471558,27.5731215804454
2025010515_3902_54718_6,92.00646096854199,27.578918337042126
2025010515_3902_54718_7,92.00936684750612,27.5972423631622
2025010515_3902_54718_8,92.03195695315905,27.61209692874359
2025010515_3902_54718_9,92.04861999429613,27.617950350061204
2025010515_3902_55112_1,82.32162956651206,17.12185583994948
2025010515_3902_55112_10,82.52676848345779,17.2389892014325
2025010515_3902_55112_11,82.55275535746951,17.24378416336674
2025010515_3902_55112_12,82.58938220456294,17.250007400984675
2025010515_3902_55112_13,82.64689789651665,17.253327620308838
2025010515_3902_55112_14,82.66314521892734,17.255021657136265
2025010515_3902_55112_15,82.69700980044979,17.263522333271318
2025010515_3902_55112_16,82.74900827977424,17.271026512242784
2025010515_3902_55112_17,82.7816606531197,17.29210028230297
2025010515_3902_55112_18,82.81465089208675,17.314975410597302
2025010515_3902_55112_19,82.84511290293824,17.327376897618002
2025010515_3902_55112_2,82.3365437261511,17.141486749054362
2025010515_3902_55112_20,82.86333303845917,17.331010082342967
2025010515_3902_55112_21,82.8871853610167,17.334369232873645
2025010515_3902_55112_22,82.93310818917813,17.350201708577767
2025010515_3902_55112_23,82.93559654164295,17.36258037639617
2025010515_3902_55112_24,82.9383139623848,17.366523153055034
2025010515_3902_55112_25,82.95520710635681,17.37515451679077
2025010515_3902_55112_26,82.95669597582845,17.35866980503472
2025010515_3902_55112_27,82.97281267310836,17.361274071862216
2025010515_3902_55112_28,82.97433115704912,17.35977462448121
2025010515_3902_55112_29,82.95407826609036,17.35107458732866
2025010515_3902_55112_3,82.35566500171399,17.182941424568725
2025010515_3902_55112_30,82.9555967500455,17.356089398411903
2025010515_3902_55112_4,82.37823282519068,17.185295359982973
2025010515_3902_55112_5,82.42030788254921,17.194048850887686
2025010515_3902_55112_6,82.43206437892935,17.202602360006434
2025010515_3902_55112_7,82.44438392709702,17.22583488307964
2025010515_3902_55112_8,82.47405916597383,17.233747686442662
2025010515_3902_55112_9,82.49320321075888,17.23865648345888
2025010515_524_44872_1,32.08450586609,37.520265949224935
2025010515_524_44872_10,32.20890506312381,37.387604760031536
2025010515_524_44872_2,32.122648419085785,37.47856004200204
2025010515_524_44872_3,32.15336088203569,37.426692250199345
2025010515_524_44872_4,32.166466405141435,37.40591179123568
2025010515_524_44872_5,32.17370324571439,37.38825490833814
2025010515_524_44872_6,32.17814499297558,37.37558524619672
2025010515_524_44872_7,32.18448088409072,37.37868907144741
2025010515_524_44872_8,32.18599347788776,37.38531774122286
2025010515_524_44872_9,32.20453084566142,37.38925723163246
2025010515_524_54572_1,27.853736440675572,41.00789439463184
2025010515_524_54572_10,28.002586759490814,41.44090305126663
2025010515_524_54572_2,27.903111879571746,41.11830202209963
2025010515_524_54572_3,27.95078586484991,41.25467091849282
2025010515_524_54572_4,27.95963958137111,41.32767923623472
2025010515_524_54572_5,27.97427633118097,41.35817228342449
2025010515_524_54572_6,27.976348526216167,41.36918795080798
2025010515_524_54572_7,27.982697670170825,41.37202671926816
2025010515_524_54572_8,27.984211000236737,41.40925053793113
2025010515_524_54572_9,28.001068275550065,41.441656538586464
2025010515_524_57362_1,29.787870615882895,39.45229494033497
2025010515_524_57362_10,29.77513600339993,39.93436939285532
2025010515_524_57362_2,29.769432957673832,39.562808455061806
2025010515_524_57362_3,29.762017321695723,39.71224336148325
2025010515_524_57362_4,29.763568233444868,39.8088947645336
2025010515_524_57362_5,29.76779612949748,39.83281999646656
2025010515_524_57362_6,29.768502759229296,39.853745197537364
2025010515_524_57362_7,29.77002124317724,39.86691160933153
2025010515_524_57362_8,29.771539727125187,39.905864245612705
2025010515_524_57362_9,29.77361751945199,39.93512288017515
2025010515_578_44872_1,32.982067819266,43.322573131037466
2025010515_578_44872_10,33.092641397034306,43.58116330361907
2025010515_578_44872_2,33.017426171558334,43.40671479389849
2025010515_578_44872_3,33.049271810361326,43.47493373404267
2025010515_578_44872_4,33.05788093952392,43.504125232592386
2025010515_578_44872_5,33.065653935334424,43.5279001037991
2025010515_578_44872_6,33.07009568258842,43.538132968042156
2025010515_578_44872_7,33.0752454445661,43.54875221217377
2025010515_578_44872_8,33.07675803836675,43.56868390603209
2025010515_578_44872_9,33.08826717956831,43.57619892695291
2025010515_578_53518_1,27.614314633685016,42.617988544840706
2025010515_578_53518_10,27.774333107018435,42.99094622212008
2025010515_578_53518_2,27.66864755682466,42.730176286538295
2025010515_578_53518_3,27.714495227189445,42.84724901229574
2025010515_578_53518_4,27.723348943707055,42.891815166654425
2025010515_578_53518_5,27.744241564308304,42.93346066890185
2025010515_578_53518_6,27.748921703672753,42.94574081450197
2025010515_578_53518_7,27.756033254034513,42.94834029558186
2025010515_578_53518_8,27.757546584100417,42.97428101445496
2025010515_578_53518_9,27.772814623070488,42.98598184545392
2025010515_578_57362_1,25.767860580207326,38.15767808722439
2025010515_578_57362_10,25.797477427662916,38.44365450907212
2025010515_578_57362_2,25.774412570429355,38.22796101801987
2025010515_578_57362_3,25.780507877239735,38.31245160047385
2025010515_578_57362_4,25.780709061910198,38.35435172011379
2025010515_578_57362_5,25.785638990323182,38.37188742406602
2025010515_578_57362_6,25.787372417112955,38.38371823214751
2025010515_578_57362_7,25.78952335602097,38.39206650050562
2025010515_578_57362_8,25.79104183996891,38.42707041257683
2025010515_578_57362_9,25.79595894371497,38.44440799639195
2025010515_603_44872_1,37.346301288282824,50.67824855665183
2025010515_603_44872_10,37.83080809880678,50.82160916971891
2025010515_603_44872_11,37.86360746083143,50.8257624313205
2025010515_603_44872_12,37.85976098233033,50.834790015146076
2025010515_603_44872_13,37.86810493687653,50.84848569551001
2025010515_603_44872_2,37.46880049696662,50.72087224028891
2025010515_603_44872_3,37.574333635206294,50.751276720241314
2025010515_603_44872_4,37.59131121619214,50.75884027553798
2025010515_603_44872_5,37.62995195380199,50.75260994093724
2025010515_603_44872_6,37.66144454277076,50.756021414302865
2025010515_603_44872_7,37.70645554944577,50.77349717878139
2025010515_603_44872_8,37.754168329902626,50.78722632206642
2025010515_603_44872_9,37.78949474616542,50.81190732055723
2025010515_603_47849_1,36.75431688584532,51.22157281395562
2025010515_603_47849_10,37.213424616936805,51.34012949990697
2025010515_603_47849_11,37.235852895757404,51.33968537409374
2025010515_603_47849_12,37.2376466617063,51.34318230959295
2025010515_603_47849_13,37.24797027918805,51.35321946997924
2025010515_603_47849_2,36.87824151103969,51.258145840080864
2025010515_603_47849_3,36.98272371006508,51.29460737696624
2025010515_603_47849_4,36.998207516928204,51.30632664487433
2025010515_603_47849_5,37.0287080660017,51.29121208610265
2025010515_603_47849_6,37.061725874603034,51.28643686679205
2025010515_603_47849_7,37.10164711575197,51.300464488054516
2025010515_603_47849_8,37.1370764105022,51.31115537911244
2025010515_603_47849_9,37.169846501267266,51.32759227935588
2025010515_603_57362_1,36.23592044314717,38.17210493981742
2025010515_603_57362_10,36.291434884784,38.50874577709655
2025010515_603_57362_11,36.29423927023482,38.583986659672526
2025010515_603_57362_12,36.300646910793404,38.594843120311516
2025010515_603_57362_13,36.303817074055885,38.609018944720006
2025010515_603_57362_2,36.234334468618975,38.22478848551046
2025010515_603_57362_3,36.24528457489908,38.27611205034248
2025010515_603_57362_4,36.2517158814576,38.29889139007094
2025010515_603_57362_5,36.25126326075641,38.337570776663355
2025010515_603_57362_6,36.25659994380221,38.37630690174882
2025010515_603_57362_7,36.26449550262152,38.38696085465998
2025010515_603_57362_8,36.28124331736899,38.41316391804427
2025010515_603_57362_9,36.29377779472493,38.44881234882592
2025010515_704_45719_1,39.81062997689605,19.99723571798535
2025010515_704_45719_2,39.81205085926895,19.988703181999018
2025010515_704_45719_3,39.8176998115354,19.97095108731673
2025010515_704_45719_4,39.8195388102493,19.96278825071629
2025010515_704_45719_5,39.8203483429407,19.958022415251893
2025010515_704_45719_6,39.82699052190623,19.940758098691003
2025010515_704_45719_7,39.82662121249077,19.92121076228577
2025010515_797_43383_1,78.64202287702368,26.4412583949232
2025010515_797_43383_2,78.61939378782867,26.36893153548766
2025010515_797_43383_3,78.59257243603383,26.32616057053904
2025010515_797_43383_4,78.59095487975414,26.30275606395741
2025010515_797_43383_5,78.59396061472212,26.268800939556456
2025010515_797_43383_6,78.59370911390012,26.22555386005859
2025010515_797_43383_7,78.57802452906404,26.150289248858968
2025010515_797_47788_1,76.66590311361189,29.283296401027727
2025010515_797_47788_2,76.65247929559277,29.2415215729195
2025010515_797_47788_3,76.64236919668386,29.22103032149254
2025010515_797_47788_4,76.64375432978456,29.202017723053544
2025010515_797_47788_5,76.6482912366598,29.17138278716584
2025010515_797_47788_6,76.64466320683806,29.146720003090746
2025010515_797_47788_7,76.64808587117122,29.09361818706765
2025010515_797_48268_1,75.6853987339515,29.572756541495274
2025010515_797_48268_2,75.68485344727337,29.546081215823392
2025010515_797_48268_3,75.67938570353755,29.531996669807047
2025010515_797_48268_4,75.68185534726167,29.517741033619696
2025010515_797_48268_5,75.68648005172452,29.51048927291092
2025010515_797_48268_6,75.68717981028,29.496623108116065
2025010515_797_48268_7,75.69254327934186,29.492463501752287
2025010515_886_52991_1,60.92111111429054,17.69485697648989
2025010515_886_52991_10,61.06999047510455,17.595617893866212
2025010515_886_52991_11,61.07744690271368,17.575848278050533
2025010515_886_52991_12,61.07783328106595,17.581623277061333
2025010515_886_52991_13,61.08540684014611,17.580334522278477
2025010515_886_52991_14,61.090974802844876,17.575432815022054
2025010515_886_52991_15,61.09883105371042,17.57467932770222
2025010515_886_52991_16,61.10320527118,17.570107793355586
2025010515_886_52991_17,61.09989311837222,17.5743138130934
2025010515_886_52991_18,61.102105903864675,17.573560325773563
2025010515_886_52991_2,60.95603827262374,17.67265095952602
2025010515_886_52991_3,61.00434619203494,17.66035079200103
2025010515_886_52991_4,61.01286246288504,17.656482198316326
2025010515_886_52991_5,61.024869452262465,17.653518632882502
2025010515_886_52991_6,61.03560123779727,17.635728513671584
2025010515_886_52991_7,61.05233307901831,17.633431559621283
2025010515_886_52991_8,61.058908932470224,17.62311881324822
2025010515_886_52991_9,61.05715673281379,17.61588009843314
2025010515_886_53074_1,64.87398080746547,13.79262259466504
2025010515_886_53074_10,65.25287864037288,13.45701630911723
2025010515_886_53074_11,65.25724561426617,13.420244327971805
2025010515_886_53074_12,65.26758920825034,13.399672906931604
2025010515_886_53074_13,65.28939326552072,13.395074991746345
2025010515_886_53074_14,65.29446351046843,13.378506834306023
2025010515_886_53074_15,65.31303749952758,13.371804478644588
2025010515_886_53074_16,65.31455598347553,13.342964693667927
2025010515_886_53074_17,65.30554324615613,13.340757443479134
2025010515_886_53074_18,65.30706173009688,13.340003956159295
2025010515_886_53074_2,64.96390380919054,13.744265058948663
2025010515_886_53074_3,65.07142535952266,13.68325375413593
2025010515_886_53074_4,65.1017138353115,13.662122537703764
2025010515_886_53074_5,65.12596736045565,13.63289802137944
2025010515_886_53074_6,65.14761735669761,13.590921879948077
2025010515_886_53074_7,65.17572366013489,13.543593209289787
2025010515_886_53074_8,65.19274400835975,13.512650244719758
2025010515_886_53074_9,65.22286894511998,13.481221855255939
2025010515_886_54468_1,58.34792168033643,12.313223523007515
2025010515_886_54468_10,58.467381817326306,12.534142844806844
2025010515_886_54468_11,58.47736600743519,12.55550668946792
2025010515_886_54468_12,58.487473343585954,12.549493166955106
2025010515_886_54468_13,58.494228171691034,12.551713230760747
2025010515_886_54468_14,58.4996488806101,12.560317425773272
2025010515_886_54468_15,58.51786845417008,12.572580435419077
2025010515_886_54468_16,58.52818657015925,12.573266597019394
2025010515_886_54468_17,58.51201392858592,12.581713709472293
2025010515_886_54468_18,58.51353241254106,12.58096022215246
2025010515_886_54468_2,58.37791284790918,12.333283349753467
2025010515_886_54468_3,58.411358524229826,12.373523564595931
2025010515_886_54468_4,58.41725178287453,12.390162939973571
2025010515_886_54468_5,58.43054577023076,12.417985102437427
2025010515_886_54468_6,58.43374319422039,12.424305647669282
2025010515_886_54468_7,58.45041782087336,12.456709512217582
2025010515_886_54468_8,58.456993674325275,12.474109177633045
2025010515_886_54468_9,58.456472153665544,12.498062461772333
2025010515_886_57199_1,71.44795289474052,13.751568005719905
2025010515_886_57199_10,71.52644669256425,13.392377626367075
2025010515_886_57199_11,71.53131859755459,13.351828758659602
2025010515_886_57199_12,71.53685213188923,13.319144136598291
2025010515_886_57199_13,71.54200778401783,13.310427717463547
2025010515_886_57199_14,71.54352626796577,13.294850959113319
2025010515_886_57199_15,71.55187950032068,13.294097471793485
2025010515_886_57199_16,71.55625371778308,13.265011773016758
2025010515_886_57199_17,71.54813713412103,13.260072413146522
2025010515_886_57199_18,71.55035065587516,13.259318925826689
2025010515_886_57199_2,71.46450218352177,13.702441567815928
2025010515_886_57199_3,71.47997584162955,13.628653163304401
2025010515_886_57199_4,71.48623744372716,13.603498057245199
2025010515_886_57199_5,71.49067163327211,13.57614012010892
2025010515_886_57199_6,71.5033159787979,13.53886434631438
2025010515_886_57199_7,71.5221513775568,13.485715820198358
2025010515_886_57199_8,71.52853892373244,13.44892060209892
2025010515_886_57199_9,71.52463934057425,13.422165539653543
2025010515_92_53518_1,56.031184711583705,16.14668207256683
2025010515_92_53518_10,56.154084174694574,15.722475004066736
2025010515_92_53518_11,56.15560265864252,15.7217215167469
2025010515_92_53518_2,56.069803229578895,16.034868871736126
2025010515_92_53518_3,56.10304064160392,15.89780100991134
2025010515_92_53518_4,56.11008043490266,15.838117815503054
2025010515_92_53518_5,56.12214761911933,15.828164476607878
2025010515_92_53518_6,56.13125924384602,15.823791491560105
2025010515_92_53518_7,56.1366799527651,15.805793133511244
2025010515_92_53518_8,56.148300010066414,15.80503964619141
2025010515_92_53518_9,56.1526742275288,15.74405146328794
2025010515_92_57267_1,57.93659263374825,8.319841208697923
2025010515_92_57267_10,58.07410736538817,8.287579473448309
2025010515_92_57267_11,58.07562584933613,8.286825986128475
2025010515_92_57267_2,57.99482560185877,8.317495528309019
2025010515_92_57267_3,58.03723113450691,8.292958452781633
2025010515_92_57267_4,58.05555616996565,8.283874077671063
2025010515_92_57267_5,58.05752913994611,8.283613706421871
2025010515_92_57267_6,58.05942680235824,8.284731446416025
2025010515_92_57267_7,58.0648475112773,8.284754968528185
2025010515_92_57267_8,58.08020965579951,8.282041349429221
2025010515_92_57267_9,58.09052777178868,8.279672966407684
2025010515_92_57362_1,57.4557839534621,20.931357592818888
2025010515_92_57362_10,57.53254301303658,20.61448153938162
2025010515_92_57362_11,57.53475579852364,20.613728052061788
2025010515_92_57362_2,57.48657403742165,20.85231265041211
2025010515_92_57362_3,57.50982985247627,20.738416651543318
2025010515_92_57362_4,57.51593279900646,20.70653314783626
2025010515_92_57362_5,57.52233439432277,20.697680328600114
2025010515_92_57362_6,57.52748415630225,20.69043167739574
2025010515_92_57362_7,57.5289967501011,20.670654296641153
2025010515_92_57362_8,57.53659383433605,20.66990080932132
2025010515_92_57362_9,57.540968051800235,20.626492577608744
